match_id,date,team1,team2,venue,city,toss_winner,toss_decision,winner,match_type,outcome_result
1001349,2017-02-17,Australia,Sri Lanka,Melbourne Cricket Ground,Melbourne Cricket Ground,Sri Lanka,field,Sri Lanka,T20,completed
1001351,2017-02-19,Australia,Sri Lanka,"Simonds Stadium, South Geelong",Victoria,Sri Lanka,field,Sri Lanka,T20,completed
1001353,2017-02-22,Australia,Sri Lanka,Adelaide Oval,Adelaide Oval,Sri Lanka,field,Australia,T20,completed
1004729,2016-09-05,Ireland,Hong Kong,"Bready Cricket Club, Magheramason",Londonderry,Hong Kong,bat,Hong Kong,T20,completed
1007655,2016-06-18,Zimbabwe,India,Harare Sports Club,Harare Sports Club,India,field,Zimbabwe,T20,completed
1007657,2016-06-20,Zimbabwe,India,Harare Sports Club,Harare Sports Club,Zimbabwe,bat,India,T20,completed
1007659,2016-06-22,Zimbabwe,India,Harare Sports Club,Harare Sports Club,Zimbabwe,field,India,T20,completed
1019979,2017-01-03,New Zealand,Bangladesh,McLean Park,Napier,Bangladesh,bat,New Zealand,T20,completed
1019981,2017-01-06,New Zealand,Bangladesh,Bay Oval,Mount Maunganui,Bangladesh,field,New Zealand,T20,completed
1019983,2017-01-08,New Zealand,Bangladesh,Bay Oval,Mount Maunganui,Bangladesh,field,New Zealand,T20,completed
1020029,2017-02-17,New Zealand,South Africa,Eden Park,Auckland,New Zealand,field,South Africa,T20,completed
1031431,2017-06-21,England,South Africa,The Rose Bowl,Southampton,South Africa,bat,England,T20,completed
1031433,2017-06-23,England,South Africa,County Ground,Taunton,England,field,South Africa,T20,completed
1031435,2017-06-25,England,South Africa,Sophia Gardens,Cardiff,South Africa,field,England,T20,completed
1031665,2017-09-16,West Indies,England,Riverside Ground,Chester-le-Street,England,field,West Indies,T20,completed
1034825,2017-01-26,India,England,Green Park,Kanpur,England,field,England,T20,completed
1034827,2017-01-29,India,England,"Vidarbha Cricket Association Stadium, Jamtha",Nagpur,England,field,India,T20,completed
1034829,2017-02-01,India,England,M Chinnaswamy Stadium,Bangalore,England,field,India,T20,completed
1041615,2016-08-27,India,West Indies,Central Broward Regional Park Stadium Turf Ground,Lauderhill,India,field,West Indies,T20,completed
1050217,2016-09-23,Pakistan,West Indies,Dubai International Cricket Stadium,Dubai International Cricket Stadium,Pakistan,field,Pakistan,T20,completed
1050219,2016-09-24,Pakistan,West Indies,Dubai International Cricket Stadium,Dubai International Cricket Stadium,West Indies,field,Pakistan,T20,completed
1050221,2016-09-27,Pakistan,West Indies,Sheikh Zayed Stadium,Abu Dhabi,Pakistan,field,Pakistan,T20,completed
1072316,2018-02-03,New Zealand,Australia,Sydney Cricket Ground,Sydney Cricket Ground,Australia,field,Australia,T20,completed
1072317,2018-02-07,England,Australia,Bellerive Oval,Hobart,Australia,field,Australia,T20,completed
1072318,2018-02-10,England,Australia,Melbourne Cricket Ground,Melbourne Cricket Ground,Australia,field,Australia,T20,completed
1072319,2018-02-13,New Zealand,England,Westpac Stadium,Wellington,England,field,New Zealand,T20,completed
1072320,2018-02-16,New Zealand,Australia,Eden Park,Auckland,New Zealand,bat,Australia,T20,completed
1072321,2018-02-18,England,New Zealand,Seddon Park,Hamilton,New Zealand,field,England,T20,completed
1072322,2018-02-21,New Zealand,Australia,Eden Park,Auckland,New Zealand,bat,Australia,T20,completed
1074957,2017-01-14,Hong Kong,Scotland,Sheikh Zayed Stadium,Abu Dhabi,Scotland,bat,Scotland,T20,completed
1074959,2017-01-15,Netherlands,Oman,Sheikh Zayed Stadium,Abu Dhabi,Oman,bat,Netherlands,T20,completed
1074961,2017-01-16,Hong Kong,Oman,Sheikh Zayed Stadium,Abu Dhabi,Oman,field,Oman,T20,completed
1074964,2017-01-17,Netherlands,Scotland,Sheikh Zayed Stadium,Abu Dhabi,Netherlands,field,Scotland,T20,completed
1074965,2017-01-18,United Arab Emirates,Ireland,Dubai International Cricket Stadium,Dubai International Cricket Stadium,Ireland,bat,Ireland,T20,completed
1074966,2017-01-18,Hong Kong,Netherlands,Dubai International Cricket Stadium,Dubai International Cricket Stadium,Hong Kong,bat,Hong Kong,T20,completed
1074968,2017-01-19,Oman,Scotland,Dubai International Cricket Stadium,Dubai International Cricket Stadium,Oman,bat,Scotland,T20,completed
1074970,2017-01-20,Ireland,Scotland,Dubai International Cricket Stadium,Dubai International Cricket Stadium,Scotland,field,Ireland,T20,completed
1075507,2017-10-26,South Africa,Bangladesh,Mangaung Oval,Bloemfontein,South Africa,bat,South Africa,T20,completed
1075508,2017-10-29,South Africa,Bangladesh,Senwes Park,Potchefstroom,Bangladesh,field,South Africa,T20,completed
1077947,2017-03-26,West Indies,Pakistan,"Kensington Oval, Bridgetown",Barbados,Pakistan,field,Pakistan,T20,completed
1077948,2017-03-30,West Indies,Pakistan,"Queen's Park Oval, Port of Spain",Trinidad,West Indies,field,Pakistan,T20,completed
1083449,2017-04-04,Sri Lanka,Bangladesh,R Premadasa Stadium,Colombo,Bangladesh,bat,Sri Lanka,T20,completed
1083450,2017-04-06,Sri Lanka,Bangladesh,R Premadasa Stadium,Colombo,Bangladesh,bat,Bangladesh,T20,completed
1085495,2017-04-01,West Indies,Pakistan,"Queen's Park Oval, Port of Spain",Trinidad,Pakistan,bat,West Indies,T20,completed
1085496,2017-04-02,West Indies,Pakistan,"Queen's Park Oval, Port of Spain",Trinidad,Pakistan,field,Pakistan,T20,completed
1089202,2017-04-12,United Arab Emirates,Papua New Guinea,Sheikh Zayed Stadium,Abu Dhabi,United Arab Emirates,field,United Arab Emirates,T20,completed
1089203,2017-04-14,United Arab Emirates,Papua New Guinea,Sheikh Zayed Stadium,Abu Dhabi,Papua New Guinea,field,United Arab Emirates,T20,completed
1089243,2017-04-14,United Arab Emirates,Papua New Guinea,Sheikh Zayed Stadium,Abu Dhabi,Papua New Guinea,bat,United Arab Emirates,T20,completed
1098211,2017-07-09,West Indies,India,"Sabina Park, Kingston",Jamaica,West Indies,field,West Indies,T20,completed
1109610,2017-09-06,Sri Lanka,India,"R.Premadasa Stadium, Khettarama",Colombo,India,field,India,T20,completed
1115798,2017-12-29,New Zealand,West Indies,Saxton Oval,Nelson,West Indies,field,New Zealand,T20,completed
1115800,2018-01-03,New Zealand,West Indies,Bay Oval,Mount Maunganui,New Zealand,bat,New Zealand,T20,completed
1115807,2018-01-22,Pakistan,New Zealand,Westpac Stadium,Wellington,New Zealand,field,New Zealand,T20,completed
1115808,2018-01-25,Pakistan,New Zealand,Eden Park,Auckland,Pakistan,bat,Pakistan,T20,completed
1115809,2018-01-28,Pakistan,New Zealand,Bay Oval,Mount Maunganui,Pakistan,bat,Pakistan,T20,completed
1117821,2017-09-12,Pakistan,ICC World XI,Gaddafi Stadium,Lahore,ICC World XI,field,Pakistan,T20,completed
1117822,2017-09-13,Pakistan,ICC World XI,Gaddafi Stadium,Lahore,Pakistan,bat,ICC World XI,T20,completed
1117824,2017-09-15,Pakistan,ICC World XI,Gaddafi Stadium,Lahore,ICC World XI,field,Pakistan,T20,completed
1119501,2017-10-07,Australia,India,JSCA International Stadium Complex,Ranchi,India,field,India,T20,completed
1119502,2017-10-10,India,Australia,Barsapara Cricket Stadium,Guwahati,Australia,field,Australia,T20,completed
1119542,2018-06-27,England,Australia,Edgbaston,Birmingham,Australia,field,England,T20,completed
1119543,2018-07-03,England,India,Old Trafford,Manchester,India,field,India,T20,completed
1119544,2018-07-06,India,England,Sophia Gardens,Cardiff,England,field,England,T20,completed
1119545,2018-07-08,England,India,County Ground,Bristol,India,field,India,T20,completed
1120093,2017-11-01,India,New Zealand,Arun Jaitley Stadium,Delhi,New Zealand,field,India,T20,completed
1120094,2017-11-04,New Zealand,India,Saurashtra Cricket Association Stadium,Rajkot,New Zealand,bat,New Zealand,T20,completed
1120095,2017-11-07,India,New Zealand,Greenfield International Stadium,Thiruvananthapuram,New Zealand,field,India,T20,completed
1120291,2017-10-26,Sri Lanka,Pakistan,Sheikh Zayed Stadium,Abu Dhabi,Pakistan,field,Pakistan,T20,completed
1120292,2017-10-27,Sri Lanka,Pakistan,Sheikh Zayed Stadium,Abu Dhabi,Pakistan,field,Pakistan,T20,completed
1120293,2017-10-29,Pakistan,Sri Lanka,Gaddafi Stadium,Lahore,Sri Lanka,field,Pakistan,T20,completed
1122285,2018-02-18,India,South Africa,The Wanderers Stadium,Johannesburg,South Africa,field,India,T20,completed
1122286,2018-02-21,India,South Africa,SuperSport Park,Centurion,South Africa,field,South Africa,T20,completed
1122287,2018-02-24,India,South Africa,Newlands,Cape Town,South Africa,field,India,T20,completed
1122729,2017-12-20,India,Sri Lanka,Barabati Stadium,Cuttack,Sri Lanka,field,India,T20,completed
1122730,2017-12-22,India,Sri Lanka,Holkar Cricket Stadium,Indore,Sri Lanka,field,India,T20,completed
1122731,2017-12-24,Sri Lanka,India,Wankhede Stadium,Mumbai,India,field,India,T20,completed
1127300,2018-06-12,Pakistan,Scotland,"Grange Cricket Club, Raeburn Place",Edinburgh,Pakistan,bat,Pakistan,T20,completed
1127301,2018-06-13,Pakistan,Scotland,"Grange Cricket Club, Raeburn Place",Edinburgh,Pakistan,bat,Pakistan,T20,completed
1130746,2018-02-15,Bangladesh,Sri Lanka,"Shere Bangla National Stadium, Mirpur",Dhaka,Bangladesh,bat,Sri Lanka,T20,completed
1130747,2018-02-18,Sri Lanka,Bangladesh,Sylhet International Cricket Stadium,Sylhet International Cricket Stadium,Bangladesh,field,Sri Lanka,T20,completed
1133817,2018-03-06,India,Sri Lanka,"R.Premadasa Stadium, Khettarama",Colombo,Sri Lanka,field,Sri Lanka,T20,completed
1133818,2018-03-08,Bangladesh,India,"R.Premadasa Stadium, Khettarama",Colombo,India,field,India,T20,completed
1133819,2018-03-10,Sri Lanka,Bangladesh,"R.Premadasa Stadium, Khettarama",Colombo,Bangladesh,field,Bangladesh,T20,completed
1133820,2018-03-12,Sri Lanka,India,"R.Premadasa Stadium, Khettarama",Colombo,India,field,India,T20,completed
1133821,2018-03-14,India,Bangladesh,"R.Premadasa Stadium, Khettarama",Colombo,Bangladesh,field,India,T20,completed
1133822,2018-03-16,Sri Lanka,Bangladesh,"R.Premadasa Stadium, Khettarama",Colombo,Bangladesh,field,Bangladesh,T20,completed
1133823,2018-03-18,Bangladesh,India,"R.Premadasa Stadium, Khettarama",Colombo,India,field,India,T20,completed
1140069,2018-04-01,Pakistan,West Indies,National Stadium,Karachi,West Indies,field,Pakistan,T20,completed
1140070,2018-04-02,Pakistan,West Indies,National Stadium,Karachi,Pakistan,bat,Pakistan,T20,completed
1140071,2018-04-03,West Indies,Pakistan,National Stadium,Karachi,West Indies,bat,Pakistan,T20,completed
1140384,2018-10-27,England,Sri Lanka,"R.Premadasa Stadium, Khettarama",Colombo,Sri Lanka,field,England,T20,completed
1140992,2018-06-27,India,Ireland,"The Village, Malahide",Dublin,Ireland,field,India,T20,completed
1140993,2018-06-29,India,Ireland,"The Village, Malahide",Dublin,Ireland,field,India,T20,completed
1141232,2018-05-31,West Indies,ICC World XI,Lord's,London,ICC World XI,field,West Indies,T20,completed
1142501,2018-06-12,Netherlands,Ireland,Hazelaarweg,Rotterdam,Ireland,field,Netherlands,T20,completed
1142502,2018-06-13,Ireland,Netherlands,Hazelaarweg,Rotterdam,Ireland,bat,Netherlands,T20,completed
1142503,2018-06-16,Ireland,Scotland,Sportpark Het Schootsveld,Deventer,Ireland,bat,Ireland,T20,completed
1142505,2018-06-19,Netherlands,Scotland,VRA Ground,Amstelveen,Netherlands,bat,Scotland,T20,completed
1142506,2018-06-20,Scotland,Netherlands,VRA Ground,Amstelveen,Scotland,bat,Scotland,T20,completed
1142589,2018-08-14,South Africa,Sri Lanka,"R.Premadasa Stadium, Khettarama",Colombo,South Africa,bat,Sri Lanka,T20,completed
1142913,2018-07-01,Pakistan,Zimbabwe,Harare Sports Club,Harare Sports Club,Zimbabwe,field,Pakistan,T20,completed
1142914,2018-07-02,Pakistan,Australia,Harare Sports Club,Harare Sports Club,Australia,field,Australia,T20,completed
1142915,2018-07-03,Australia,Zimbabwe,Harare Sports Club,Harare Sports Club,Zimbabwe,field,Australia,T20,completed
1142916,2018-07-04,Zimbabwe,Pakistan,Harare Sports Club,Harare Sports Club,Pakistan,field,Pakistan,T20,completed
1142917,2018-07-05,Pakistan,Australia,Harare Sports Club,Harare Sports Club,Australia,field,Pakistan,T20,completed
1142918,2018-07-06,Zimbabwe,Australia,Harare Sports Club,Harare Sports Club,Zimbabwe,bat,Australia,T20,completed
1142919,2018-07-08,Australia,Pakistan,Harare Sports Club,Harare Sports Club,Australia,bat,Pakistan,T20,completed
1144149,2018-10-09,South Africa,Zimbabwe,Buffalo Park,East London,South Africa,bat,South Africa,T20,completed
1144150,2018-10-12,Zimbabwe,South Africa,Senwes Park,Potchefstroom,Zimbabwe,bat,South Africa,T20,completed
1144161,2019-02-01,South Africa,Pakistan,Newlands,Cape Town,Pakistan,field,South Africa,T20,completed
1144162,2019-02-03,South Africa,Pakistan,The Wanderers Stadium,Johannesburg,Pakistan,field,South Africa,T20,completed
1144163,2019-02-06,South Africa,Pakistan,SuperSport Park,Centurion,South Africa,field,Pakistan,T20,completed
1144173,2019-03-22,South Africa,Sri Lanka,SuperSport Park,Centurion,Sri Lanka,field,South Africa,T20,completed
1144174,2019-03-24,South Africa,Sri Lanka,The Wanderers Stadium,Johannesburg,Sri Lanka,field,South Africa,T20,completed
1144989,2018-11-17,South Africa,Australia,Carrara Oval,Carrara Oval,Australia,field,South Africa,T20,completed
1144990,2018-11-21,Australia,India,"Brisbane Cricket Ground, Woolloongabba",Brisbane,India,field,Australia,T20,completed
1144992,2018-11-25,Australia,India,Sydney Cricket Ground,Sydney Cricket Ground,Australia,bat,India,T20,completed
1146723,2018-07-31,Bangladesh,West Indies,"Warner Park, Basseterre",St Kitts,West Indies,field,West Indies,T20,completed
1146724,2018-08-04,Bangladesh,West Indies,Central Broward Regional Park Stadium Turf Ground,Lauderhill,West Indies,field,Bangladesh,T20,completed
1146725,2018-08-05,Bangladesh,West Indies,Central Broward Regional Park Stadium Turf Ground,Lauderhill,Bangladesh,bat,Bangladesh,T20,completed
1152840,2019-05-05,England,Pakistan,Sophia Gardens,Cardiff,Pakistan,bat,England,T20,completed
1153317,2018-12-17,Bangladesh,West Indies,Sylhet International Cricket Stadium,Sylhet,Bangladesh,bat,West Indies,T20,completed
1153318,2018-12-20,Bangladesh,West Indies,"Shere Bangla National Stadium, Mirpur",Dhaka,West Indies,field,Bangladesh,T20,completed
1153319,2018-12-22,Bangladesh,West Indies,"Shere Bangla National Stadium, Mirpur",Dhaka,Bangladesh,field,West Indies,T20,completed
1153696,2019-02-06,New Zealand,India,Westpac Stadium,Wellington,India,field,New Zealand,T20,completed
1153697,2019-02-08,New Zealand,India,Eden Park,Auckland,New Zealand,bat,India,T20,completed
1153698,2019-02-10,New Zealand,India,Seddon Park,Hamilton,India,field,New Zealand,T20,completed
1153843,2019-01-11,New Zealand,Sri Lanka,Eden Park,Auckland,Sri Lanka,field,New Zealand,T20,completed
1157372,2018-10-24,Pakistan,Australia,Sheikh Zayed Stadium,Abu Dhabi,Australia,field,Pakistan,T20,completed
1157373,2018-10-26,Pakistan,Australia,Dubai International Cricket Stadium,Dubai International Cricket Stadium,Pakistan,bat,Pakistan,T20,completed
1157374,2018-10-28,Pakistan,Australia,Dubai International Cricket Stadium,Dubai International Cricket Stadium,Pakistan,bat,Pakistan,T20,completed
1157375,2018-10-31,Pakistan,New Zealand,Sheikh Zayed Stadium,Abu Dhabi,Pakistan,bat,Pakistan,T20,completed
1157376,2018-11-02,New Zealand,Pakistan,Dubai International Cricket Stadium,Dubai International Cricket Stadium,New Zealand,bat,Pakistan,T20,completed
1157377,2018-11-04,Pakistan,New Zealand,Dubai International Cricket Stadium,Dubai International Cricket Stadium,Pakistan,bat,Pakistan,T20,completed
1157759,2018-11-04,West Indies,India,Eden Gardens,Kolkata,India,field,India,T20,completed
1157760,2018-11-06,India,West Indies,Bharat Ratna Shri Atal Bihari Vajpayee Ekana Cricket Stadium,Lucknow,West Indies,field,India,T20,completed
1157761,2018-11-11,West Indies,India,"MA Chidambaram Stadium, Chepauk",Chennai,West Indies,bat,India,T20,completed
1158071,2019-03-05,West Indies,England,"Darren Sammy National Cricket Stadium, St Lucia",Gros Islet,England,field,England,T20,completed
1158072,2019-03-08,West Indies,England,"Warner Park, St Kitts",Basseterre,West Indies,field,England,T20,completed
1158073,2019-03-10,West Indies,England,"Warner Park, St Kitts",Basseterre,West Indies,bat,England,T20,completed
1162727,2018-10-22,United Arab Emirates,Australia,Tolerance Oval,Abu Dhabi,United Arab Emirates,bat,Australia,T20,completed
1168247,2019-02-24,India,Australia,Dr. Y.S. Rajasekhara Reddy ACA-VDCA Cricket Stadium,Visakhapatnam,Australia,field,Australia,T20,completed
1168248,2019-02-27,India,Australia,M.Chinnaswamy Stadium,Bengaluru,Australia,field,Australia,T20,completed
1168521,2019-07-12,Ireland,Zimbabwe,"Bready Cricket Club, Magheramason",Bready,Ireland,field,Ireland,T20,completed
1168522,2019-07-14,Ireland,Zimbabwe,Bready,Derry,Zimbabwe,field,Zimbabwe,T20,completed
1170457,2019-01-31,United Arab Emirates,Nepal,ICC Academy,Dubai,Nepal,field,United Arab Emirates,T20,completed
1170458,2019-02-01,United Arab Emirates,Nepal,ICC Academy,Dubai,United Arab Emirates,bat,Nepal,T20,completed
1170459,2019-02-03,United Arab Emirates,Nepal,ICC Academy,Dubai,United Arab Emirates,field,Nepal,T20,completed
1172505,2019-02-13,Netherlands,Scotland,Al Amerat Cricket Ground Oman Cricket (Ministry Turf 1),Al Amarat,Netherlands,field,Netherlands,T20,completed
1172506,2019-02-13,Oman,Ireland,Al Amerat Cricket Ground Oman Cricket (Ministry Turf 1),Al Amarat,Oman,field,Ireland,T20,completed
1172507,2019-02-15,Oman,Netherlands,Al Amerat Cricket Ground Oman Cricket (Ministry Turf 1),Al Amarat,Netherlands,field,Netherlands,T20,completed
1172508,2019-02-15,Ireland,Scotland,Al Amerat Cricket Ground Oman Cricket (Ministry Turf 1),Al Amarat,Scotland,field,Scotland,T20,completed
1172509,2019-02-17,Ireland,Netherlands,Al Amerat Cricket Ground Oman Cricket (Ministry Turf 1),Al Amarat,Ireland,field,Ireland,T20,completed
1172510,2019-02-17,Oman,Scotland,Al Amerat Cricket Ground Oman Cricket (Ministry Turf 1),Al Amarat,Scotland,field,Scotland,T20,completed
1176792,2019-03-22,Papua New Guinea,Philippines,Amini Park,Port Moresby,Philippines,field,Papua New Guinea,T20,completed
1176793,2019-03-22,Papua New Guinea,Vanuatu,Amini Park,Port Moresby,Vanuatu,bat,Papua New Guinea,T20,completed
1176794,2019-03-23,Philippines,Vanuatu,Amini Park,Port Moresby,Vanuatu,bat,Vanuatu,T20,completed
1176796,2019-03-24,Philippines,Vanuatu,Amini Park,Port Moresby,Vanuatu,field,Philippines,T20,completed
1176797,2019-03-24,Papua New Guinea,Vanuatu,Amini Park,Port Moresby,Vanuatu,bat,Papua New Guinea,T20,completed
1177485,2019-03-16,United Arab Emirates,United States of America,ICC Academy,Dubai,United Arab Emirates,bat,United Arab Emirates,T20,completed
1178996,2019-05-25,Germany,Italy,Sportpark Maarschalkerweerd,Utrecht,Italy,field,Italy,T20,completed
1183524,2019-10-27,Australia,Sri Lanka,Adelaide Oval,Adelaide,Sri Lanka,field,Australia,T20,completed
1183525,2019-10-30,Australia,Sri Lanka,"Brisbane Cricket Ground, Woolloongabba",Brisbane,Sri Lanka,bat,Australia,T20,completed
1183526,2019-11-01,Australia,Sri Lanka,Melbourne Cricket Ground,Melbourne,Australia,field,Australia,T20,completed
1183528,2019-11-05,Australia,Pakistan,Manuka Oval,Canberra,Pakistan,bat,Australia,T20,completed
1183529,2019-11-08,Australia,Pakistan,Perth Stadium,Perth,Australia,field,Australia,T20,completed
1184258,2019-05-20,Ghana,Namibia,Kyambogo Cricket Oval,Kampala,Namibia,field,Namibia,T20,completed
1184260,2019-05-20,Uganda,Botswana,Lugogo Cricket Oval,Kampala,Botswana,field,Uganda,T20,completed
1184261,2019-05-21,Ghana,Kenya,Kyambogo Cricket Oval,Kampala,Ghana,field,Kenya,T20,completed
1184262,2019-05-21,Uganda,Namibia,Kyambogo Cricket Oval,Kampala,Namibia,bat,Namibia,T20,completed
1184263,2019-05-21,Botswana,Nigeria,Lugogo Cricket Oval,Kampala,Nigeria,bat,Nigeria,T20,completed
1184266,2019-05-23,Uganda,Ghana,Kyambogo Cricket Oval,Kampala,Ghana,bat,Uganda,T20,completed
1184900,2019-05-22,Ghana,Nigeria,Kyambogo Cricket Oval,Kampala,Ghana,field,Nigeria,T20,completed
1184901,2019-05-22,Botswana,Namibia,Kyambogo Cricket Oval,Kampala,Botswana,bat,Namibia,T20,completed
1184902,2019-05-22,Uganda,Kenya,Lugogo Cricket Oval,Kampala,Kenya,bat,Kenya,T20,completed
1185181,2019-06-15,Guernsey,Germany,King George V Sports Ground,Castel,Germany,field,Germany,T20,completed
1185182,2019-06-17,Denmark,Norway,King George V Sports Ground,Castel,Denmark,bat,Denmark,T20,completed
1185184,2019-06-16,Denmark,Jersey,King George V Sports Ground,Castel,Denmark,field,Jersey,T20,completed
1185185,2019-06-16,Guernsey,Italy,College Field,St Peter Port,Guernsey,field,Italy,T20,completed
1185186,2019-06-16,Jersey,Norway,King George V Sports Ground,Castel,Jersey,bat,Jersey,T20,completed
1185188,2019-06-20,Germany,Norway,College Field,St Peter Port,Germany,field,Germany,T20,completed
1185190,2019-06-20,Germany,Jersey,College Field,St Peter Port,Germany,field,Germany,T20,completed
1185191,2019-06-19,Guernsey,Norway,King George V Sports Ground,Castel,Guernsey,field,Guernsey,T20,completed
1185192,2019-06-19,Italy,Jersey,College Field,St Peter Port,Italy,field,Jersey,T20,completed
1185193,2019-06-19,Denmark,Germany,King George V Sports Ground,Castel,Germany,field,Germany,T20,completed
1185313,2020-02-12,South Africa,England,Buffalo Park,East London,England,field,South Africa,T20,completed
1185314,2020-02-14,South Africa,England,Kingsmead,Durban,South Africa,field,England,T20,completed
1185315,2020-02-16,South Africa,England,SuperSport Park,Centurion,South Africa,bat,England,T20,completed
1185316,2020-02-21,South Africa,Australia,The Wanderers Stadium,Johannesburg,South Africa,field,Australia,T20,completed
1185317,2020-02-23,South Africa,Australia,St George's Park,Port Elizabeth,South Africa,bat,South Africa,T20,completed
1185318,2020-02-26,South Africa,Australia,Newlands,Cape Town,South Africa,field,Australia,T20,completed
1186488,2019-06-24,Malaysia,Thailand,Kinrara Academy Oval,Kuala Lumpur,Malaysia,field,Malaysia,T20,completed
1186490,2019-06-26,Maldives,Thailand,Kinrara Academy Oval,Kuala Lumpur,Thailand,bat,Maldives,T20,completed
1186491,2019-06-27,Malaysia,Thailand,Kinrara Academy Oval,Kuala Lumpur,Thailand,bat,Malaysia,T20,completed
1186493,2019-06-29,Maldives,Thailand,Kinrara Academy Oval,Kuala Lumpur,Thailand,field,Thailand,T20,completed
1187005,2019-09-18,India,South Africa,"Punjab Cricket Association IS Bindra Stadium, Mohali",Chandigarh,India,field,India,T20,completed
1187006,2019-09-22,India,South Africa,M.Chinnaswamy Stadium,Bengaluru,India,bat,South Africa,T20,completed
1187013,2019-11-03,India,Bangladesh,Arun Jaitley Stadium,Delhi,Bangladesh,field,Bangladesh,T20,completed
1187014,2019-11-07,India,Bangladesh,Saurashtra Cricket Association Stadium,Rajkot,India,field,India,T20,completed
1187015,2019-11-10,India,Bangladesh,"Vidarbha Cricket Association Stadium, Jamtha",Nagpur,Bangladesh,field,India,T20,completed
1187018,2019-12-06,India,West Indies,"Rajiv Gandhi International Stadium, Uppal",Hyderabad,India,field,India,T20,completed
1187019,2019-12-08,India,West Indies,Greenfield International Stadium,Thiruvananthapuram,West Indies,field,West Indies,T20,completed
1187020,2019-12-11,India,West Indies,Wankhede Stadium,Mumbai,West Indies,field,India,T20,completed
1187665,2019-11-01,New Zealand,England,Hagley Oval,Christchurch,England,field,England,T20,completed
1187666,2019-11-03,New Zealand,England,Westpac Stadium,Wellington,England,field,New Zealand,T20,completed
1187667,2019-11-05,New Zealand,England,Saxton Oval,Nelson,New Zealand,bat,New Zealand,T20,completed
1187668,2019-11-08,New Zealand,England,McLean Park,Napier,New Zealand,field,England,T20,completed
1187677,2020-01-24,New Zealand,India,Eden Park,Auckland,India,field,India,T20,completed
1187678,2020-01-26,New Zealand,India,Eden Park,Auckland,New Zealand,bat,India,T20,completed
1187681,2020-02-02,New Zealand,India,Bay Oval,Mount Maunganui,India,bat,India,T20,completed
1188379,2019-06-23,Netherlands,Zimbabwe,Hazelaarweg,Rotterdam,Zimbabwe,field,Netherlands,T20,completed
1188621,2019-08-03,India,West Indies,Central Broward Regional Park Stadium Turf Ground,Lauderhill,India,field,India,T20,completed
1188622,2019-08-04,India,West Indies,Central Broward Regional Park Stadium Turf Ground,Lauderhill,India,bat,India,T20,completed
1188623,2019-08-06,West Indies,India,"Providence Stadium, Guyana",Providence,India,field,India,T20,completed
1189743,2019-06-20,Guernsey,Denmark,King George V Sports Ground,Castel,Denmark,field,Guernsey,T20,completed
1189744,2019-06-20,Denmark,Italy,King George V Sports Ground,Castel,Denmark,bat,Denmark,T20,completed
1190767,2019-07-22,Singapore,Qatar,Indian Association Ground,Singapore,Singapore,bat,Singapore,T20,completed
1190768,2019-07-22,Kuwait,Malaysia,Indian Association Ground,Singapore,Malaysia,bat,Malaysia,T20,completed
1190769,2019-07-23,Nepal,Qatar,Indian Association Ground,Singapore,Nepal,bat,Qatar,T20,completed
1190771,2019-07-24,Malaysia,Nepal,Indian Association Ground,Singapore,Nepal,field,Nepal,T20,completed
1190772,2019-07-26,Kuwait,Qatar,Indian Association Ground,Singapore,Qatar,field,Kuwait,T20,completed
1190773,2019-07-26,Singapore,Malaysia,Indian Association Ground,Singapore,Malaysia,bat,Singapore,T20,completed
1190774,2019-07-27,Kuwait,Nepal,Indian Association Ground,Singapore,Nepal,field,Nepal,T20,completed
1190775,2019-07-27,Malaysia,Qatar,Indian Association Ground,Singapore,Malaysia,bat,Qatar,T20,completed
1190776,2019-07-28,Singapore,Nepal,Indian Association Ground,Singapore,Singapore,bat,Singapore,T20,completed
1191006,2019-08-05,Netherlands,United Arab Emirates,VRA Ground,Amstelveen,United Arab Emirates,field,United Arab Emirates,T20,completed
1191008,2019-08-08,Netherlands,United Arab Emirates,Sportpark Westvliet,The Hague,Netherlands,bat,United Arab Emirates,T20,completed
1192223,2019-07-13,Malaysia,Nepal,Kinrara Academy Oval,Kuala Lumpur,Malaysia,bat,Nepal,T20,completed
1192224,2019-07-14,Malaysia,Nepal,Kinrara Academy Oval,Kuala Lumpur,Nepal,bat,Nepal,T20,completed
1192875,2019-09-01,Sri Lanka,New Zealand,Pallekele International Cricket Stadium,Kandy,Sri Lanka,bat,New Zealand,T20,completed
1192876,2019-09-03,Sri Lanka,New Zealand,Pallekele International Cricket Stadium,Kandy,Sri Lanka,bat,New Zealand,T20,completed
1192877,2019-09-06,Sri Lanka,New Zealand,Pallekele International Cricket Stadium,Kandy,Sri Lanka,bat,Sri Lanka,T20,completed
1197140,2019-09-13,Bangladesh,Zimbabwe,"Shere Bangla National Stadium, Mirpur",Dhaka,Bangladesh,field,Bangladesh,T20,completed
1197143,2019-09-18,Bangladesh,Zimbabwe,Zahur Ahmed Chowdhury Stadium,Chattogram,Zimbabwe,field,Bangladesh,T20,completed
1197396,2019-08-18,Bermuda,United States of America,"White Hill Field, Sandys Parish",Hamilton,Bermuda,bat,Bermuda,T20,completed
1197397,2019-08-18,Canada,Cayman Islands,"White Hill Field, Sandys Parish",Hamilton,Canada,bat,Canada,T20,completed
1197399,2019-08-19,Cayman Islands,United States of America,National Stadium,Hamilton,United States of America,field,United States of America,T20,completed
1197400,2019-08-21,Bermuda,Cayman Islands,"White Hill Field, Sandys Parish",Hamilton,Cayman Islands,bat,Bermuda,T20,completed
1197401,2019-08-21,Canada,United States of America,"White Hill Field, Sandys Parish",Hamilton,United States of America,bat,Canada,T20,completed
1197402,2019-08-22,Canada,Cayman Islands,"White Hill Field, Sandys Parish",Hamilton,Canada,field,Canada,T20,completed
1197403,2019-08-22,United States of America,Bermuda,Bermuda National Stadium,Hamilton,Bermuda,field,Bermuda,T20,completed
1197404,2019-08-24,Cayman Islands,United States of America,"White Hill Field, Sandys Parish",Hamilton,Cayman Islands,bat,United States of America,T20,completed
1197406,2019-08-25,Canada,United States of America,"White Hill Field, Sandys Parish",Hamilton,United States of America,field,Canada,T20,completed
1197407,2019-08-25,Bermuda,Cayman Islands,"White Hill Field, Sandys Parish",Hamilton,Cayman Islands,bat,Bermuda,T20,completed
1197507,2019-08-19,Namibia,Botswana,United Cricket Club Ground,Windhoek,Botswana,field,Namibia,T20,completed
1197508,2019-08-20,Namibia,Botswana,United Cricket Club Ground,Windhoek,Botswana,field,Namibia,T20,completed
1197509,2019-08-22,Namibia,Botswana,United Cricket Club Ground,Windhoek,Namibia,bat,Namibia,T20,completed
1197510,2019-08-23,Namibia,Botswana,United Cricket Club Ground,Windhoek,Botswana,bat,Namibia,T20,completed
1197521,2019-10-05,Ireland,Netherlands,Al Amerat Cricket Ground Oman Cricket (Ministry Turf 1),Al Amarat,Ireland,field,Ireland,T20,completed
1197522,2019-10-06,Oman,Ireland,Al Amerat Cricket Ground Oman Cricket (Ministry Turf 1),Al Amarat,Ireland,field,Oman,T20,completed
1197523,2019-10-06,Hong Kong,Nepal,Al Amerat Cricket Ground Oman Cricket (Ministry Turf 1),Al Amarat,Nepal,field,Nepal,T20,completed
1197524,2019-10-07,Nepal,Netherlands,Al Amerat Cricket Ground Oman Cricket (Ministry Turf 1),Al Amarat,Nepal,field,Nepal,T20,completed
1197525,2019-10-07,Hong Kong,Ireland,Al Amerat Cricket Ground Oman Cricket (Ministry Turf 1),Al Amarat,Ireland,bat,Ireland,T20,completed
1197526,2019-10-09,Ireland,Nepal,Al Amerat Cricket Ground Oman Cricket (Ministry Turf 1),Al Amarat,Ireland,bat,Ireland,T20,completed
1197527,2019-10-09,Oman,Netherlands,Al Amerat Cricket Ground Oman Cricket (Ministry Turf 1),Al Amarat,Netherlands,bat,Oman,T20,completed
1197528,2019-10-10,Hong Kong,Netherlands,Al Amerat Cricket Ground Oman Cricket (Ministry Turf 1),Al Amarat,Hong Kong,field,Netherlands,T20,completed
1197529,2019-10-10,Oman,Nepal,Al Amerat Cricket Ground Oman Cricket (Ministry Turf 1),Al Amarat,Oman,field,Oman,T20,completed
1198235,2020-09-04,England,Australia,The Rose Bowl,Southampton,Australia,field,England,T20,completed
1198236,2020-09-06,Australia,England,The Rose Bowl,Southampton,Australia,bat,England,T20,completed
1198237,2020-09-08,England,Australia,The Rose Bowl,Southampton,Australia,field,Australia,T20,completed
1198245,2020-08-30,Pakistan,England,Old Trafford,Manchester,England,field,England,T20,completed
1198246,2020-09-01,Pakistan,England,Old Trafford,Manchester,England,field,Pakistan,T20,completed
1198489,2019-10-05,Pakistan,Sri Lanka,Gaddafi Stadium,Lahore,Pakistan,field,Sri Lanka,T20,completed
1198490,2019-10-07,Pakistan,Sri Lanka,Gaddafi Stadium,Lahore,Sri Lanka,bat,Sri Lanka,T20,completed
1198491,2019-10-09,Pakistan,Sri Lanka,Gaddafi Stadium,Lahore,Sri Lanka,bat,Sri Lanka,T20,completed
1199499,2019-10-18,Scotland,Singapore,ICC Academy,Dubai,Scotland,field,Singapore,T20,completed
1199500,2019-10-18,Hong Kong,Ireland,Sheikh Zayed Stadium,Abu Dhabi,Hong Kong,bat,Ireland,T20,completed
1199501,2019-10-18,Kenya,Netherlands,ICC Academy,Dubai,Netherlands,bat,Netherlands,T20,completed
1199502,2019-10-18,United Arab Emirates,Oman,Sheikh Zayed Stadium,Abu Dhabi,Oman,field,Oman,T20,completed
1199503,2019-10-19,Bermuda,Papua New Guinea,ICC Academy,Dubai,Papua New Guinea,field,Papua New Guinea,T20,completed
1199504,2019-10-19,Jersey,Nigeria,Sheikh Zayed Stadium,Abu Dhabi,Jersey,bat,Jersey,T20,completed
1199505,2019-10-19,Namibia,Netherlands,ICC Academy,Dubai,Netherlands,bat,Netherlands,T20,completed
1199506,2019-10-19,Kenya,Scotland,ICC Academy Ground No 2,Dubai,Scotland,bat,Scotland,T20,completed
1199507,2019-10-19,United Arab Emirates,Ireland,Sheikh Zayed Stadium,Abu Dhabi,United Arab Emirates,field,United Arab Emirates,T20,completed
1199508,2019-10-20,Namibia,Papua New Guinea,ICC Academy Ground No 2,Dubai,Papua New Guinea,bat,Papua New Guinea,T20,completed
1199509,2019-10-20,Canada,Jersey,Tolerance Oval,Abu Dhabi,Jersey,field,Canada,T20,completed
1199510,2019-10-20,Bermuda,Singapore,ICC Academy Ground No 2,Dubai,Bermuda,bat,Singapore,T20,completed
1199511,2019-10-20,Hong Kong,Oman,Sheikh Zayed Stadium,Abu Dhabi,Oman,field,Oman,T20,completed
1199512,2019-10-21,Papua New Guinea,Scotland,ICC Academy,Dubai,Scotland,bat,Scotland,T20,completed
1199513,2019-10-21,United Arab Emirates,Hong Kong,Sheikh Zayed Stadium,Abu Dhabi,Hong Kong,bat,United Arab Emirates,T20,completed
1199514,2019-10-21,Ireland,Oman,Tolerance Oval,Abu Dhabi,Oman,field,Ireland,T20,completed
1199515,2019-10-21,Bermuda,Kenya,ICC Academy,Dubai,Kenya,bat,Kenya,T20,completed
1199516,2019-10-21,Canada,Nigeria,Sheikh Zayed Stadium,Abu Dhabi,Canada,bat,Canada,T20,completed
1199517,2019-10-22,Namibia,Scotland,ICC Academy,Dubai,Namibia,bat,Namibia,T20,completed
1199518,2019-10-22,Netherlands,Singapore,ICC Academy,Dubai,Singapore,bat,Netherlands,T20,completed
1199519,2019-10-22,United Arab Emirates,Jersey,Tolerance Oval,Abu Dhabi,Jersey,bat,Jersey,T20,completed
1199520,2019-10-23,Bermuda,Namibia,ICC Academy Ground No 2,Dubai,Namibia,field,Namibia,T20,completed
1199521,2019-10-23,Nigeria,Oman,Tolerance Oval,Abu Dhabi,Nigeria,bat,Oman,T20,completed
1199522,2019-10-23,Kenya,Singapore,ICC Academy Ground No 2,Dubai,Singapore,bat,Kenya,T20,completed
1199523,2019-10-23,Canada,Ireland,Sheikh Zayed Stadium,Abu Dhabi,Canada,bat,Canada,T20,completed
1199524,2019-10-23,Hong Kong,Jersey,Sheikh Zayed Stadium,Abu Dhabi,Hong Kong,bat,Hong Kong,T20,completed
1199525,2019-10-24,Netherlands,Papua New Guinea,ICC Academy,Dubai,Netherlands,bat,Papua New Guinea,T20,completed
1199526,2019-10-24,United Arab Emirates,Nigeria,Tolerance Oval,Abu Dhabi,United Arab Emirates,field,United Arab Emirates,T20,completed
1199527,2019-10-24,Canada,Hong Kong,Tolerance Oval,Abu Dhabi,Hong Kong,bat,Hong Kong,T20,completed
1199528,2019-10-24,Bermuda,Scotland,Dubai International Cricket Stadium,Dubai,Bermuda,field,Scotland,T20,completed
1199529,2019-10-25,Papua New Guinea,Singapore,Dubai International Cricket Stadium,Dubai,Singapore,field,Papua New Guinea,T20,completed
1199530,2019-10-25,Ireland,Jersey,Tolerance Oval,Abu Dhabi,Ireland,field,Ireland,T20,completed
1199531,2019-10-25,Kenya,Namibia,Dubai International Cricket Stadium,Dubai,Namibia,bat,Namibia,T20,completed
1199532,2019-10-25,Canada,Oman,Sheikh Zayed Stadium,Abu Dhabi,Canada,bat,Oman,T20,completed
1199533,2019-10-26,Ireland,Nigeria,Sheikh Zayed Stadium,Abu Dhabi,Nigeria,bat,Ireland,T20,completed
1199534,2019-10-26,Bermuda,Netherlands,Dubai International Cricket Stadium,Dubai,Netherlands,bat,Netherlands,T20,completed
1199535,2019-10-26,Namibia,Singapore,Dubai International Cricket Stadium,Dubai,Singapore,field,Namibia,T20,completed
1199536,2019-10-27,Kenya,Papua New Guinea,Dubai International Cricket Stadium,Dubai,Kenya,field,Papua New Guinea,T20,completed
1199537,2019-10-27,Hong Kong,Nigeria,Tolerance Oval,Abu Dhabi,Nigeria,bat,Hong Kong,T20,completed
1199538,2019-10-27,Jersey,Oman,Sheikh Zayed Stadium,Abu Dhabi,Oman,field,Jersey,T20,completed
1199539,2019-10-27,Netherlands,Scotland,Dubai International Cricket Stadium,Dubai,Netherlands,field,Netherlands,T20,completed
1199540,2019-10-27,United Arab Emirates,Canada,Sheikh Zayed Stadium,Abu Dhabi,Canada,field,United Arab Emirates,T20,completed
1199541,2019-10-29,United Arab Emirates,Netherlands,Dubai International Cricket Stadium,Dubai,United Arab Emirates,bat,Netherlands,T20,completed
1199542,2019-10-29,Namibia,Oman,Dubai International Cricket Stadium,Dubai,Namibia,bat,Namibia,T20,completed
1199543,2019-10-30,United Arab Emirates,Scotland,Dubai International Cricket Stadium,Dubai,Scotland,bat,Scotland,T20,completed
1199544,2019-10-30,Hong Kong,Oman,Dubai International Cricket Stadium,Dubai,Oman,bat,Oman,T20,completed
1199545,2019-10-31,Oman,Scotland,ICC Academy,Dubai,Oman,bat,Scotland,T20,completed
1199546,2019-11-01,Ireland,Netherlands,Dubai International Cricket Stadium,Dubai,Ireland,field,Netherlands,T20,completed
1199547,2019-11-01,Namibia,Papua New Guinea,Dubai International Cricket Stadium,Dubai,Papua New Guinea,bat,Papua New Guinea,T20,completed
1199548,2019-11-02,Ireland,Namibia,Dubai International Cricket Stadium,Dubai,Ireland,bat,Ireland,T20,completed
1199549,2019-11-02,Netherlands,Papua New Guinea,Dubai International Cricket Stadium,Dubai,Papua New Guinea,bat,Netherlands,T20,completed
1200425,2019-09-16,Netherlands,Scotland,"The Village, Malahide",Dublin,Netherlands,field,Scotland,T20,completed
1200426,2019-09-17,Ireland,Scotland,"The Village, Malahide",Dublin,Scotland,bat,Ireland,T20,completed
1200427,2019-09-18,Ireland,Netherlands,"The Village, Malahide",Dublin,Ireland,bat,Netherlands,T20,completed
1200428,2019-09-19,Netherlands,Scotland,"The Village, Malahide",Dublin,Netherlands,bat,Scotland,T20,completed
1201668,2019-10-25,Spain,Portugal,La Manga Club Bottom Ground,Murcia,Spain,field,Spain,T20,completed
1201669,2019-10-26,Gibraltar,Portugal,La Manga Club Bottom Ground,Murcia,Gibraltar,bat,Portugal,T20,completed
1201670,2019-10-26,Spain,Gibraltar,La Manga Club Bottom Ground,Murcia,Spain,field,Spain,T20,completed
1201671,2019-10-26,Spain,Portugal,La Manga Club Bottom Ground,Murcia,Portugal,field,Spain,T20,completed
1201673,2019-10-27,Spain,Gibraltar,La Manga Club Bottom Ground,Murcia,Spain,field,Spain,T20,completed
1201680,2019-09-27,Nepal,Zimbabwe,Indian Association Ground,Singapore,Nepal,bat,Zimbabwe,T20,completed
1201681,2019-09-28,Singapore,Nepal,Indian Association Ground,Singapore,Singapore,bat,Nepal,T20,completed
1201682,2019-09-29,Singapore,Zimbabwe,Indian Association Ground,Singapore,Singapore,bat,Singapore,T20,completed
1201683,2019-10-01,Nepal,Zimbabwe,Indian Association Ground,Singapore,Nepal,field,Zimbabwe,T20,completed
1201685,2019-10-03,Singapore,Zimbabwe,Indian Association Ground,Singapore,Zimbabwe,field,Zimbabwe,T20,completed
1202007,2019-09-29,Malaysia,Vanuatu,Kinrara Academy Oval,Kuala Lumpur,Vanuatu,bat,Vanuatu,T20,completed
1202008,2019-10-01,Malaysia,Vanuatu,Kinrara Academy Oval,Kuala Lumpur,Vanuatu,bat,Vanuatu,T20,completed
1202009,2019-10-02,Malaysia,Vanuatu,Kinrara Academy Oval,Kuala Lumpur,Malaysia,bat,Malaysia,T20,completed
1202010,2019-10-03,Malaysia,Vanuatu,Kinrara Academy Oval,Kuala Lumpur,Malaysia,bat,Vanuatu,T20,completed
1202011,2019-10-04,Malaysia,Vanuatu,Kinrara Academy Oval,Kuala Lumpur,Malaysia,bat,Malaysia,T20,completed
1202243,2020-01-07,India,Sri Lanka,Holkar Cricket Stadium,Indore,India,field,India,T20,completed
1202244,2020-01-10,India,Sri Lanka,Maharashtra Cricket Association Stadium,Pune,Sri Lanka,field,India,T20,completed
1203676,2020-01-15,West Indies,Ireland,"National Cricket Stadium, Grenada",St George's,Ireland,bat,Ireland,T20,completed
1203678,2020-01-19,West Indies,Ireland,"Warner Park, St Kitts",Basseterre,West Indies,field,West Indies,T20,completed
1207081,2020-03-08,Spain,Germany,Desert Springs Cricket Ground,Almeria,Spain,field,Spain,T20,completed
1207082,2020-03-08,Spain,Germany,Desert Springs Cricket Ground,Almeria,Spain,field,Germany,T20,completed
1208606,2019-12-05,Nepal,Bhutan,Tribhuvan University International Cricket Ground,Kirtipur,Bhutan,field,Nepal,T20,completed
1208609,2019-12-06,Nepal,Maldives,Tribhuvan University International Cricket Ground,Kirtipur,Nepal,bat,Nepal,T20,completed
1208612,2019-12-07,Bhutan,Maldives,Tribhuvan University International Cricket Ground,Kirtipur,Maldives,field,Maldives,T20,completed
1208613,2019-12-09,Nepal,Maldives,Tribhuvan University International Cricket Ground,Kirtipur,Nepal,field,Nepal,T20,completed
1213058,2020-01-24,Pakistan,Bangladesh,Gaddafi Stadium,Lahore,Bangladesh,bat,Pakistan,T20,completed
1213059,2020-01-25,Pakistan,Bangladesh,Gaddafi Stadium,Lahore,Bangladesh,bat,Pakistan,T20,completed
1213874,2020-03-04,Sri Lanka,West Indies,Pallekele International Cricket Stadium,Kandy,West Indies,bat,West Indies,T20,completed
1213875,2020-03-06,Sri Lanka,West Indies,Pallekele International Cricket Stadium,Kandy,West Indies,field,West Indies,T20,completed
1214670,2020-03-09,Bangladesh,Zimbabwe,"Shere Bangla National Stadium, Mirpur",Dhaka,Zimbabwe,field,Bangladesh,T20,completed
1214671,2020-03-11,Bangladesh,Zimbabwe,"Shere Bangla National Stadium, Mirpur",Dhaka,Bangladesh,field,Bangladesh,T20,completed
1215136,2020-02-20,Malaysia,Hong Kong,Kinrara Academy Oval,Kuala Lumpur,Malaysia,bat,Malaysia,T20,completed
1215137,2020-02-21,Malaysia,Hong Kong,Kinrara Academy Oval,Kuala Lumpur,Malaysia,bat,Malaysia,T20,completed
1215138,2020-02-23,Malaysia,Hong Kong,Kinrara Academy Oval,Kuala Lumpur,Malaysia,bat,Malaysia,T20,completed
1215139,2020-02-24,Malaysia,Hong Kong,Kinrara Academy Oval,Kuala Lumpur,Malaysia,bat,Malaysia,T20,completed
1215140,2020-02-26,Malaysia,Hong Kong,Kinrara Academy Oval,Kuala Lumpur,Hong Kong,bat,Malaysia,T20,completed
1215159,2020-02-25,Oman,Maldives,Al Amerat Cricket Ground Oman Cricket (Ministry Turf 1),Al Amarat,Oman,field,Oman,T20,completed
1215160,2020-02-25,Saudi Arabia,United Arab Emirates,Al Amerat Cricket Ground Oman Cricket (Ministry Turf 2),Al Amarat,United Arab Emirates,bat,United Arab Emirates,T20,completed
1215161,2020-02-25,Bahrain,Qatar,Al Amerat Cricket Ground Oman Cricket (Ministry Turf 1),Al Amarat,Qatar,bat,Bahrain,T20,completed
1215162,2020-02-25,Iran,Kuwait,Al Amerat Cricket Ground Oman Cricket (Ministry Turf 2),Al Amarat,Kuwait,field,Kuwait,T20,completed
1215163,2020-02-26,Kuwait,Bahrain,Al Amerat Cricket Ground Oman Cricket (Ministry Turf 1),Al Amarat,Bahrain,field,Kuwait,T20,completed
1215164,2020-02-26,Qatar,United Arab Emirates,Al Amerat Cricket Ground Oman Cricket (Ministry Turf 2),Al Amarat,United Arab Emirates,bat,United Arab Emirates,T20,completed
1215165,2020-02-27,Kuwait,United Arab Emirates,Al Amerat Cricket Ground Oman Cricket (Ministry Turf 1),Al Amarat,Kuwait,field,United Arab Emirates,T20,completed
1217738,2020-02-29,Thailand,Singapore,Terdthai Cricket Ground,Bangkok,Thailand,field,Singapore,T20,completed
1217740,2020-03-01,Hong Kong,Nepal,Terdthai Cricket Ground,Bangkok,Nepal,field,Hong Kong,T20,completed
1217741,2020-03-01,Thailand,Malaysia,Terdthai Cricket Ground,Bangkok,Thailand,bat,Malaysia,T20,completed
1217742,2020-03-03,Malaysia,Singapore,Terdthai Cricket Ground,Bangkok,Singapore,bat,Singapore,T20,completed
1217743,2020-03-03,Thailand,Hong Kong,Terdthai Cricket Ground,Bangkok,Thailand,bat,Hong Kong,T20,completed
1217744,2020-03-04,Thailand,Nepal,Terdthai Cricket Ground,Bangkok,Thailand,bat,Nepal,T20,completed
1217745,2020-03-04,Hong Kong,Singapore,Terdthai Cricket Ground,Bangkok,Singapore,bat,Singapore,T20,completed
1217747,2020-03-06,Hong Kong,Malaysia,Terdthai Cricket Ground,Bangkok,Malaysia,bat,Hong Kong,T20,completed
1223952,2020-12-04,India,Australia,Manuka Oval,Canberra,Australia,field,India,T20,completed
1223953,2020-12-06,Australia,India,Sydney Cricket Ground,Sydney,India,field,India,T20,completed
1223954,2020-12-08,Australia,India,Sydney Cricket Ground,Sydney,India,field,Australia,T20,completed
1229820,2020-08-29,Belgium,Luxembourg,Pierre Werner Cricket Ground,Walferdange,Belgium,bat,Belgium,T20,completed
1229822,2020-08-30,Belgium,Czech Republic,Pierre Werner Cricket Ground,Walferdange,Belgium,bat,Belgium,T20,completed
1229823,2020-08-30,Belgium,Luxembourg,Pierre Werner Cricket Ground,Walferdange,Belgium,bat,Belgium,T20,completed
1229824,2020-08-21,Isle of Man,Guernsey,College Field,St Peter Port,Isle of Man,bat,Guernsey,T20,completed
1233464,2020-11-07,Zimbabwe,Pakistan,Rawalpindi Cricket Stadium,Rawalpindi Cricket Stadium,Zimbabwe,bat,Pakistan,T20,completed
1233465,2020-11-08,Zimbabwe,Pakistan,Rawalpindi Cricket Stadium,Rawalpindi Cricket Stadium,Pakistan,field,Pakistan,T20,completed
1233466,2020-11-10,Zimbabwe,Pakistan,Rawalpindi Cricket Stadium,Rawalpindi Cricket Stadium,Zimbabwe,bat,Pakistan,T20,completed
1233954,2020-11-27,West Indies,New Zealand,Eden Park,Auckland,New Zealand,field,New Zealand,T20,completed
1233955,2020-11-29,New Zealand,West Indies,Bay Oval,Mount Maunganui,West Indies,field,New Zealand,T20,completed
1233959,2020-12-18,Pakistan,New Zealand,Eden Park,Auckland,Pakistan,bat,New Zealand,T20,completed
1233960,2020-12-20,Pakistan,New Zealand,Seddon Park,Hamilton,Pakistan,bat,New Zealand,T20,completed
1233961,2020-12-22,New Zealand,Pakistan,McLean Park,Napier,Pakistan,field,Pakistan,T20,completed
1233971,2021-02-22,New Zealand,Australia,Hagley Oval,Christchurch,Australia,field,New Zealand,T20,completed
1233972,2021-02-25,New Zealand,Australia,University Oval,Dunedin,Australia,field,New Zealand,T20,completed
1233973,2021-03-03,Australia,New Zealand,Westpac Stadium,Wellington,New Zealand,field,Australia,T20,completed
1233974,2021-03-05,Australia,New Zealand,Westpac Stadium,Wellington,Australia,bat,Australia,T20,completed
1233975,2021-03-07,Australia,New Zealand,Sky Stadium,Wellington,Australia,bat,New Zealand,T20,completed
1233979,2021-03-28,New Zealand,Bangladesh,Seddon Park,Hamilton,New Zealand,bat,New Zealand,T20,completed
1233980,2021-03-30,New Zealand,Bangladesh,McLean Park,Napier,Bangladesh,field,New Zealand,T20,completed
1233981,2021-04-01,New Zealand,Bangladesh,Eden Park,Auckland,Bangladesh,field,New Zealand,T20,completed
1235829,2020-10-16,Bulgaria,Romania,Moara Vlasiei Cricket Ground,Moara Vlasiei Cricket Ground,Bulgaria,bat,Bulgaria,T20,completed
1235830,2020-10-17,Romania,Bulgaria,Moara Vlasiei Cricket Ground,Moara Vlasiei Cricket Ground,Romania,bat,Romania,T20,completed
1235832,2020-10-18,Bulgaria,Romania,Moara Vlasiei Cricket Ground,Moara Vlasiei Cricket Ground,Bulgaria,bat,Romania,T20,completed
1237122,2020-11-27,South Africa,England,Newlands,Cape Town,England,field,England,T20,completed
1237123,2020-11-29,South Africa,England,Boland Park,Paarl,England,field,England,T20,completed
1237124,2020-12-01,South Africa,England,Newlands,Cape Town,South Africa,bat,England,T20,completed
1239540,2021-07-16,Pakistan,England,"Trent Bridge, Nottingham",Nottingham,England,field,Pakistan,T20,completed
1239541,2021-07-18,England,Pakistan,"Headingley, Leeds",Leeds,Pakistan,field,England,T20,completed
1239542,2021-07-20,Pakistan,England,"Old Trafford, Manchester",Manchester,Pakistan,bat,England,T20,completed
1243019,2021-02-11,Pakistan,South Africa,Gaddafi Stadium,Lahore,South Africa,field,Pakistan,T20,completed
1243020,2021-02-13,Pakistan,South Africa,Gaddafi Stadium,Lahore,South Africa,field,South Africa,T20,completed
1243021,2021-02-14,South Africa,Pakistan,Gaddafi Stadium,Lahore,Pakistan,field,Pakistan,T20,completed
1243388,2021-03-12,India,England,Narendra Modi Stadium,Ahmedabad,England,field,England,T20,completed
1243389,2021-03-14,England,India,Narendra Modi Stadium,Ahmedabad,India,field,India,T20,completed
1243390,2021-03-16,India,England,Narendra Modi Stadium,Ahmedabad,England,field,England,T20,completed
1243391,2021-03-18,India,England,Narendra Modi Stadium,Ahmedabad,England,field,India,T20,completed
1243392,2021-03-20,India,England,Narendra Modi Stadium,Ahmedabad,England,field,India,T20,completed
1249206,2021-06-23,Sri Lanka,England,"Sophia Gardens, Cardiff",Cardiff,Sri Lanka,bat,England,T20,completed
1249207,2021-06-24,Sri Lanka,England,"Sophia Gardens, Cardiff",Cardiff,Sri Lanka,bat,England,T20,completed
1249208,2021-06-26,England,Sri Lanka,"The Rose Bowl, Southampton",Southampton,Sri Lanka,field,England,T20,completed
1251575,2021-04-10,South Africa,Pakistan,"The Wanderers Stadium, Johannesburg",Johannesburg,South Africa,bat,Pakistan,T20,completed
1251576,2021-04-12,Pakistan,South Africa,"The Wanderers Stadium, Johannesburg",Johannesburg,Pakistan,bat,South Africa,T20,completed
1251577,2021-04-14,South Africa,Pakistan,"SuperSport Park, Centurion",Centurion,Pakistan,field,Pakistan,T20,completed
1251578,2021-04-16,South Africa,Pakistan,"SuperSport Park, Centurion",Centurion,Pakistan,field,Pakistan,T20,completed
1251953,2021-07-19,South Africa,Ireland,"The Village, Malahide, Dublin",Dublin,Ireland,field,South Africa,T20,completed
1251954,2021-07-22,South Africa,Ireland,"Civil Service Cricket Club, Stormont, Belfast",Belfast,South Africa,bat,South Africa,T20,completed
1251955,2021-07-24,South Africa,Ireland,"Civil Service Cricket Club, Stormont, Belfast",Belfast,South Africa,bat,South Africa,T20,completed
1252066,2021-03-03,Sri Lanka,West Indies,"Coolidge Cricket Ground, Antigua",Coolidge,West Indies,field,West Indies,T20,completed
1252067,2021-03-05,Sri Lanka,West Indies,"Coolidge Cricket Ground, Antigua",Coolidge,Sri Lanka,bat,Sri Lanka,T20,completed
1252068,2021-03-07,Sri Lanka,West Indies,"Coolidge Cricket Ground, Antigua",Coolidge,Sri Lanka,bat,West Indies,T20,completed
1256720,2022-01-22,England,West Indies,"Kensington Oval, Bridgetown, Barbados",Bridgetown,West Indies,field,West Indies,T20,completed
1256721,2022-01-23,England,West Indies,"Kensington Oval, Bridgetown, Barbados",Bridgetown,West Indies,field,England,T20,completed
1256722,2022-01-26,West Indies,England,"Kensington Oval, Bridgetown, Barbados",Bridgetown,England,field,West Indies,T20,completed
1256723,2022-01-29,England,West Indies,"Kensington Oval, Bridgetown, Barbados",Bridgetown,West Indies,field,England,T20,completed
1256724,2022-01-30,West Indies,England,"Kensington Oval, Bridgetown, Barbados",Bridgetown,West Indies,bat,West Indies,T20,completed
1257183,2021-04-21,Pakistan,Zimbabwe,Harare Sports Club,Harare,Zimbabwe,field,Pakistan,T20,completed
1257184,2021-04-23,Zimbabwe,Pakistan,Harare Sports Club,Harare,Pakistan,field,Zimbabwe,T20,completed
1257185,2021-04-25,Pakistan,Zimbabwe,Harare Sports Club,Harare,Pakistan,bat,Pakistan,T20,completed
1257404,2021-04-03,Uganda,Namibia,Wanderers,Windhoek,Uganda,bat,Namibia,T20,completed
1257405,2021-04-05,Namibia,Uganda,"Wanderers Cricket Ground, Windhoek",Windhoek,Namibia,bat,Namibia,T20,completed
1257406,2021-04-05,Namibia,Uganda,"Wanderers Cricket Ground, Windhoek",Windhoek,Namibia,bat,Namibia,T20,completed
1257945,2021-04-17,Netherlands,Nepal,"Tribhuvan University International Cricket Ground, Kirtipur",Kirtipur,Nepal,field,Nepal,T20,completed
1257946,2021-04-18,Netherlands,Malaysia,"Tribhuvan University International Cricket Ground, Kirtipur",Kirtipur,Netherlands,bat,Netherlands,T20,completed
1257947,2021-04-19,Malaysia,Nepal,"Tribhuvan University International Cricket Ground, Kirtipur",Kirtipur,Nepal,field,Nepal,T20,completed
1257948,2021-04-20,Nepal,Netherlands,"Tribhuvan University International Cricket Ground, Kirtipur",Kirtipur,Nepal,bat,Netherlands,T20,completed
1257950,2021-04-22,Nepal,Malaysia,"Tribhuvan University International Cricket Ground, Kirtipur",Kirtipur,Malaysia,field,Nepal,T20,completed
1257951,2021-04-24,Nepal,Netherlands,"Tribhuvan University International Cricket Ground, Kirtipur",Kirtipur,Netherlands,field,Nepal,T20,completed
1262758,2021-07-25,India,Sri Lanka,"R Premadasa Stadium, Colombo",Colombo,Sri Lanka,field,India,T20,completed
1262759,2021-07-28,India,Sri Lanka,"R Premadasa Stadium, Colombo",Colombo,Sri Lanka,field,Sri Lanka,T20,completed
1262760,2021-07-29,India,Sri Lanka,"R Premadasa Stadium, Colombo",Colombo,India,bat,Sri Lanka,T20,completed
1263151,2021-06-26,South Africa,West Indies,"National Cricket Stadium, St George's, Grenada",St George's,West Indies,field,West Indies,T20,completed
1263152,2021-06-27,South Africa,West Indies,"National Cricket Stadium, St George's, Grenada",St George's,West Indies,field,South Africa,T20,completed
1263153,2021-06-29,South Africa,West Indies,"National Cricket Stadium, St George's, Grenada",St George's,West Indies,field,South Africa,T20,completed
1263154,2021-07-01,West Indies,South Africa,"National Cricket Stadium, St George's, Grenada",St George's,South Africa,field,West Indies,T20,completed
1263155,2021-07-03,South Africa,West Indies,"National Cricket Stadium, St George's, Grenada",St George's,South Africa,bat,South Africa,T20,completed
1263156,2021-07-09,West Indies,Australia,"Daren Sammy National Cricket Stadium, Gros Islet, St Lucia",Gros Islet,Australia,field,West Indies,T20,completed
1263157,2021-07-10,West Indies,Australia,"Daren Sammy National Cricket Stadium, Gros Islet, St Lucia",Gros Islet,Australia,field,West Indies,T20,completed
1263158,2021-07-12,Australia,West Indies,"Daren Sammy National Cricket Stadium, Gros Islet, St Lucia",Gros Islet,Australia,bat,West Indies,T20,completed
1263159,2021-07-14,Australia,West Indies,"Daren Sammy National Cricket Stadium, Gros Islet, St Lucia",Gros Islet,Australia,bat,Australia,T20,completed
1263160,2021-07-16,West Indies,Australia,"Daren Sammy National Cricket Stadium, Gros Islet, St Lucia",Gros Islet,West Indies,bat,West Indies,T20,completed
1263165,2021-07-31,Pakistan,West Indies,"Providence Stadium, Guyana",Providence,West Indies,field,Pakistan,T20,completed
1263471,2022-02-11,Australia,Sri Lanka,Sydney Cricket Ground,Sydney,Sri Lanka,field,Australia,T20,completed
1263473,2022-02-15,Sri Lanka,Australia,"Manuka Oval, Canberra",Canberra,Australia,field,Australia,T20,completed
1263474,2022-02-18,Sri Lanka,Australia,Melbourne Cricket Ground,Melbourne,Australia,field,Australia,T20,completed
1263475,2022-02-20,Australia,Sri Lanka,Melbourne Cricket Ground,Melbourne,Australia,bat,Sri Lanka,T20,completed
1263708,2021-05-21,Luxembourg,Czech Republic,"Scott Page Field, Vinor",Prague,Czech Republic,field,Czech Republic,T20,completed
1263710,2021-05-22,Austria,Czech Republic,"Scott Page Field, Vinor",Prague,Czech Republic,field,Austria,T20,completed
1263711,2021-05-22,Czech Republic,Luxembourg,"Scott Page Field, Vinor",Prague,Luxembourg,field,Luxembourg,T20,completed
1263712,2021-05-23,Austria,Luxembourg,"Scott Page Field, Vinor",Prague,Austria,bat,Luxembourg,T20,completed
1263713,2021-05-23,Czech Republic,Austria,"Scott Page Field, Vinor",Prague,Czech Republic,bat,Austria,T20,completed
1267304,2021-06-24,Greece,Romania,"National Sports Academy, Sofia",Sofia,Greece,bat,Romania,T20,completed
1267306,2021-06-25,Serbia,Greece,"National Sports Academy, Sofia",Sofia,Greece,field,Greece,T20,completed
1267307,2021-06-25,Bulgaria,Romania,"National Sports Academy, Sofia",Sofia,Bulgaria,bat,Romania,T20,completed
1267308,2021-06-25,Romania,Serbia,"National Sports Academy, Sofia",Sofia,Romania,bat,Romania,T20,completed
1267310,2021-06-26,Serbia,Romania,"National Sports Academy, Sofia",Sofia,Serbia,bat,Romania,T20,completed
1267680,2021-07-22,Zimbabwe,Bangladesh,Harare Sports Club,Harare,Zimbabwe,bat,Bangladesh,T20,completed
1267681,2021-07-23,Zimbabwe,Bangladesh,Harare Sports Club,Harare,Zimbabwe,bat,Zimbabwe,T20,completed
1267682,2021-07-25,Zimbabwe,Bangladesh,Harare Sports Club,Harare,Zimbabwe,bat,Bangladesh,T20,completed
1268188,2021-07-08,Belgium,Malta,Marsa Sports Club,Marsa,Belgium,bat,Malta,T20,completed
1268189,2021-07-08,Malta,Belgium,Marsa Sports Club,Marsa,Malta,bat,Belgium,T20,completed
1268190,2021-07-09,Malta,Belgium,Marsa Sports Club,Marsa,Belgium,field,Belgium,T20,completed
1268191,2021-07-10,Belgium,Malta,Marsa Sports Club,Marsa,Belgium,bat,Malta,T20,completed
1268192,2021-07-10,Belgium,Malta,Marsa Sports Club,Marsa,Belgium,bat,Belgium,T20,completed
1270834,2021-08-03,Bangladesh,Australia,"Shere Bangla National Stadium, Mirpur",Dhaka,Australia,field,Bangladesh,T20,completed
1270835,2021-08-04,Australia,Bangladesh,"Shere Bangla National Stadium, Mirpur",Dhaka,Australia,bat,Bangladesh,T20,completed
1270836,2021-08-06,Bangladesh,Australia,"Shere Bangla National Stadium, Mirpur",Dhaka,Bangladesh,bat,Bangladesh,T20,completed
1270837,2021-08-07,Bangladesh,Australia,"Shere Bangla National Stadium, Mirpur",Dhaka,Bangladesh,bat,Australia,T20,completed
1270838,2021-08-09,Bangladesh,Australia,"Shere Bangla National Stadium, Mirpur",Dhaka,Bangladesh,bat,Bangladesh,T20,completed
1271445,2021-08-05,Norway,Germany,Bayer Uerdingen Cricket Ground,Krefeld,Germany,field,Germany,T20,completed
1271446,2021-08-05,Norway,France,Bayer Uerdingen Cricket Ground,Krefeld,France,field,France,T20,completed
1271447,2021-08-06,France,Germany,Bayer Uerdingen Cricket Ground,Krefeld,Germany,field,Germany,T20,completed
1271448,2021-08-07,Germany,France,Bayer Uerdingen Cricket Ground,Krefeld,France,field,Germany,T20,completed
1271449,2021-08-07,Norway,France,Bayer Uerdingen Cricket Ground,Krefeld,France,field,Norway,T20,completed
1271450,2021-08-08,Norway,Germany,Bayer Uerdingen Cricket Ground,Krefeld,Germany,field,Norway,T20,completed
1271451,2021-08-08,Norway,Germany,Bayer Uerdingen Cricket Ground,Krefeld,Norway,bat,Germany,T20,completed
1271630,2021-09-10,South Africa,Sri Lanka,"R Premadasa Stadium, Colombo",Colombo,South Africa,bat,South Africa,T20,completed
1271631,2021-09-12,Sri Lanka,South Africa,"R Premadasa Stadium, Colombo",Colombo,Sri Lanka,bat,South Africa,T20,completed
1271632,2021-09-14,Sri Lanka,South Africa,"R Premadasa Stadium, Colombo",Colombo,Sri Lanka,bat,South Africa,T20,completed
1272093,2021-09-01,New Zealand,Bangladesh,"Shere Bangla National Stadium, Mirpur",Dhaka,New Zealand,bat,Bangladesh,T20,completed
1272094,2021-09-03,Bangladesh,New Zealand,"Shere Bangla National Stadium, Mirpur",Dhaka,Bangladesh,bat,Bangladesh,T20,completed
1272095,2021-09-05,New Zealand,Bangladesh,"Shere Bangla National Stadium, Mirpur",Dhaka,New Zealand,bat,New Zealand,T20,completed
1272096,2021-09-08,New Zealand,Bangladesh,"Shere Bangla National Stadium, Mirpur",Dhaka,New Zealand,bat,Bangladesh,T20,completed
1272097,2021-09-10,New Zealand,Bangladesh,"Shere Bangla National Stadium, Mirpur",Dhaka,New Zealand,bat,New Zealand,T20,completed
1272373,2021-08-27,Zimbabwe,Ireland,"Castle Avenue, Dublin",Dublin,Ireland,field,Zimbabwe,T20,completed
1272374,2021-08-29,Zimbabwe,Ireland,"Castle Avenue, Dublin",Dublin,Zimbabwe,bat,Ireland,T20,completed
1272375,2021-09-01,Ireland,Zimbabwe,"Bready Cricket Club, Magheramason, Bready",Bready,Zimbabwe,field,Ireland,T20,completed
1272376,2021-09-02,Ireland,Zimbabwe,"Bready Cricket Club, Magheramason, Bready",Bready,Zimbabwe,field,Ireland,T20,completed
1272377,2021-09-04,Zimbabwe,Ireland,"Bready Cricket Club, Magheramason, Bready",Bready,Zimbabwe,bat,Zimbabwe,T20,completed
1273133,2021-08-14,Denmark,Sweden,"Svanholm Park, Brondby",Brondby,Sweden,field,Sweden,T20,completed
1273134,2021-08-15,Sweden,Denmark,"Svanholm Park, Brondby",Brondby,Denmark,field,Denmark,T20,completed
1273136,2021-08-20,Gibraltar,Malta,Gucherre Cricket Ground,Albergaria,Malta,field,Malta,T20,completed
1273138,2021-08-21,Malta,Gibraltar,Gucherre Cricket Ground,Albergaria,Gibraltar,field,Malta,T20,completed
1273139,2021-08-22,Portugal,Gibraltar,Gucherre Cricket Ground,Albergaria,Gibraltar,field,Portugal,T20,completed
1273141,2021-08-18,Ghana,Rwanda,Gahanga International Cricket Stadium. Rwanda,Kigali City,Ghana,bat,Rwanda,T20,completed
1273143,2021-08-20,Rwanda,Ghana,Gahanga International Cricket Stadium. Rwanda,Kigali City,Ghana,field,Rwanda,T20,completed
1273144,2021-08-20,Ghana,Rwanda,Gahanga International Cricket Stadium. Rwanda,Kigali City,Ghana,bat,Ghana,T20,completed
1273145,2021-08-21,Rwanda,Ghana,Gahanga International Cricket Stadium. Rwanda,Kigali City,Rwanda,bat,Ghana,T20,completed
1273146,2021-08-21,Sweden,Finland,Kerava National Cricket Ground,Kerava,Sweden,bat,Finland,T20,completed
1273147,2021-08-21,Sweden,Finland,Kerava National Cricket Ground,Kerava,Sweden,bat,Finland,T20,completed
1273148,2021-08-22,Finland,Sweden,Kerava National Cricket Ground,Kerava,Sweden,field,Sweden,T20,completed
1273149,2021-08-22,Finland,Sweden,Kerava National Cricket Ground,Kerava,Sweden,field,Sweden,T20,completed
1273271,2021-09-15,Scotland,Zimbabwe,"Grange Cricket Club Ground, Raeburn Place, Edinburgh",Edinburgh,Scotland,bat,Scotland,T20,completed
1273272,2021-09-17,Zimbabwe,Scotland,"Grange Cricket Club Ground, Raeburn Place, Edinburgh",Edinburgh,Zimbabwe,bat,Zimbabwe,T20,completed
1273273,2021-09-19,Scotland,Zimbabwe,"Grange Cricket Club Ground, Raeburn Place, Edinburgh",Edinburgh,Scotland,bat,Zimbabwe,T20,completed
1273712,2021-10-17,Papua New Guinea,Oman,Al Amerat Cricket Ground Oman Cricket (Ministry Turf 1),Al Amarat,Oman,field,Oman,T20,completed
1273713,2021-10-17,Scotland,Bangladesh,Al Amerat Cricket Ground Oman Cricket (Ministry Turf 1),Al Amarat,Bangladesh,field,Scotland,T20,completed
1273714,2021-10-18,Netherlands,Ireland,"Zayed Cricket Stadium, Abu Dhabi",Abu Dhabi,Netherlands,bat,Ireland,T20,completed
1273715,2021-10-18,Namibia,Sri Lanka,"Zayed Cricket Stadium, Abu Dhabi",Abu Dhabi,Sri Lanka,field,Sri Lanka,T20,completed
1273716,2021-10-19,Scotland,Papua New Guinea,Al Amerat Cricket Ground Oman Cricket (Ministry Turf 1),Al Amarat,Scotland,bat,Scotland,T20,completed
1273717,2021-10-19,Bangladesh,Oman,Al Amerat Cricket Ground Oman Cricket (Ministry Turf 1),Al Amarat,Bangladesh,bat,Bangladesh,T20,completed
1273718,2021-10-20,Netherlands,Namibia,"Zayed Cricket Stadium, Abu Dhabi",Abu Dhabi,Namibia,field,Namibia,T20,completed
1273719,2021-10-20,Sri Lanka,Ireland,"Zayed Cricket Stadium, Abu Dhabi",Abu Dhabi,Ireland,field,Sri Lanka,T20,completed
1273720,2021-10-21,Bangladesh,Papua New Guinea,Al Amerat Cricket Ground Oman Cricket (Ministry Turf 1),Al Amarat,Bangladesh,bat,Bangladesh,T20,completed
1273721,2021-10-21,Oman,Scotland,Al Amerat Cricket Ground Oman Cricket (Ministry Turf 1),Al Amarat,Oman,bat,Scotland,T20,completed
1273722,2021-10-22,Ireland,Namibia,Sharjah Cricket Stadium,Sharjah,Ireland,bat,Namibia,T20,completed
1273723,2021-10-22,Netherlands,Sri Lanka,Sharjah Cricket Stadium,Sharjah,Sri Lanka,field,Sri Lanka,T20,completed
1273724,2021-10-23,South Africa,Australia,"Zayed Cricket Stadium, Abu Dhabi",Abu Dhabi,Australia,field,Australia,T20,completed
1273725,2021-10-23,West Indies,England,Dubai International Cricket Stadium,Dubai,England,field,England,T20,completed
1273726,2021-10-24,Bangladesh,Sri Lanka,Sharjah Cricket Stadium,Sharjah,Sri Lanka,field,Sri Lanka,T20,completed
1273727,2021-10-24,India,Pakistan,Dubai International Cricket Stadium,Dubai,Pakistan,field,Pakistan,T20,completed
1273729,2021-10-26,West Indies,South Africa,Dubai International Cricket Stadium,Dubai,South Africa,field,South Africa,T20,completed
1273730,2021-10-26,New Zealand,Pakistan,Sharjah Cricket Stadium,Sharjah,Pakistan,field,Pakistan,T20,completed
1273731,2021-10-27,Bangladesh,England,"Zayed Cricket Stadium, Abu Dhabi",Abu Dhabi,Bangladesh,bat,England,T20,completed
1273732,2021-10-27,Scotland,Namibia,"Zayed Cricket Stadium, Abu Dhabi",Abu Dhabi,Namibia,field,Namibia,T20,completed
1273733,2021-10-28,Sri Lanka,Australia,Dubai International Cricket Stadium,Dubai,Australia,field,Australia,T20,completed
1273734,2021-10-29,West Indies,Bangladesh,Sharjah Cricket Stadium,Sharjah,Bangladesh,field,West Indies,T20,completed
1273736,2021-10-30,Sri Lanka,South Africa,Sharjah Cricket Stadium,Sharjah,South Africa,field,South Africa,T20,completed
1273737,2021-10-30,Australia,England,Dubai International Cricket Stadium,Dubai,England,field,England,T20,completed
1273739,2021-10-31,India,New Zealand,Dubai International Cricket Stadium,Dubai,New Zealand,field,New Zealand,T20,completed
1273740,2021-11-01,England,Sri Lanka,Sharjah Cricket Stadium,Sharjah,Sri Lanka,field,England,T20,completed
1273741,2021-11-02,Bangladesh,South Africa,"Zayed Cricket Stadium, Abu Dhabi",Abu Dhabi,South Africa,field,South Africa,T20,completed
1273742,2021-11-02,Pakistan,Namibia,"Zayed Cricket Stadium, Abu Dhabi",Abu Dhabi,Pakistan,bat,Pakistan,T20,completed
1273743,2021-11-03,New Zealand,Scotland,Dubai International Cricket Stadium,Dubai,Scotland,field,New Zealand,T20,completed
1273745,2021-11-04,Bangladesh,Australia,Dubai International Cricket Stadium,Dubai,Australia,field,Australia,T20,completed
1273746,2021-11-04,Sri Lanka,West Indies,"Zayed Cricket Stadium, Abu Dhabi",Abu Dhabi,West Indies,field,Sri Lanka,T20,completed
1273747,2021-11-05,New Zealand,Namibia,Sharjah Cricket Stadium,Sharjah,Namibia,field,New Zealand,T20,completed
1273748,2021-11-05,Scotland,India,Dubai International Cricket Stadium,Dubai,India,field,India,T20,completed
1273749,2021-11-06,West Indies,Australia,"Zayed Cricket Stadium, Abu Dhabi",Abu Dhabi,Australia,field,Australia,T20,completed
1273750,2021-11-06,South Africa,England,Sharjah Cricket Stadium,Sharjah,England,field,South Africa,T20,completed
1273752,2021-11-07,Pakistan,Scotland,Sharjah Cricket Stadium,Sharjah,Pakistan,bat,Pakistan,T20,completed
1273753,2021-11-08,Namibia,India,Dubai International Cricket Stadium,Dubai,India,field,India,T20,completed
1273754,2021-11-10,England,New Zealand,"Zayed Cricket Stadium, Abu Dhabi",Abu Dhabi,New Zealand,field,New Zealand,T20,completed
1273755,2021-11-11,Pakistan,Australia,Dubai International Cricket Stadium,Dubai,Australia,field,Australia,T20,completed
1273756,2021-11-14,New Zealand,Australia,Dubai International Cricket Stadium,Dubai,Australia,field,Australia,T20,completed
1275039,2021-09-11,Nigeria,Kenya,Entebbe Cricket Oval,Entebbe,Nigeria,bat,Kenya,T20,completed
1275040,2021-09-11,Uganda,Nigeria,Entebbe Cricket Oval,Entebbe,Uganda,bat,Uganda,T20,completed
1275042,2021-09-13,Kenya,Nigeria,Entebbe Cricket Oval,Entebbe,Kenya,bat,Kenya,T20,completed
1275043,2021-09-13,Nigeria,Uganda,Entebbe Cricket Oval,Entebbe,Nigeria,bat,Uganda,T20,completed
1275044,2021-09-10,Kenya,Uganda,Entebbe Cricket Oval,Entebbe,Kenya,bat,Kenya,T20,completed
1275045,2021-09-16,Nigeria,Kenya,Entebbe Cricket Oval,Entebbe,Nigeria,bat,Nigeria,T20,completed
1275047,2021-09-15,Uganda,Nigeria,Entebbe Cricket Oval,Entebbe,Uganda,bat,Uganda,T20,completed
1275051,2021-09-17,Uganda,Kenya,Entebbe Cricket Oval,Entebbe,Uganda,bat,Uganda,T20,completed
1275052,2021-09-10,Spain,Germany,"Desert Springs Cricket Ground, Almeria",Almeria,Germany,field,Germany,T20,completed
1275053,2021-09-11,Germany,Spain,"Desert Springs Cricket Ground, Almeria",Almeria,Germany,bat,Spain,T20,completed
1275054,2021-09-11,Germany,Spain,"Desert Springs Cricket Ground, Almeria",Almeria,Spain,field,Spain,T20,completed
1275268,2021-09-03,Romania,Czech Republic,"Moara Vlasiei Cricket Ground, Ilfov County",Ilfov County,Romania,bat,Romania,T20,completed
1275269,2021-09-02,Luxembourg,Bulgaria,"Moara Vlasiei Cricket Ground, Ilfov County",Ilfov County,Bulgaria,field,Luxembourg,T20,completed
1275270,2021-09-02,Hungary,Czech Republic,"Moara Vlasiei Cricket Ground, Ilfov County",Ilfov County,Czech Republic,field,Hungary,T20,completed
1275271,2021-09-03,Bulgaria,Malta,"Moara Vlasiei Cricket Ground, Ilfov County",Ilfov County,Bulgaria,bat,Malta,T20,completed
1275272,2021-09-03,Romania,Hungary,"Moara Vlasiei Cricket Ground, Ilfov County",Ilfov County,Romania,bat,Romania,T20,completed
1275274,2021-09-04,Luxembourg,Hungary,"Moara Vlasiei Cricket Ground, Ilfov County",Ilfov County,Hungary,field,Luxembourg,T20,completed
1275275,2021-09-04,Romania,Malta,"Moara Vlasiei Cricket Ground, Ilfov County",Ilfov County,Malta,field,Romania,T20,completed
1275276,2021-09-05,Malta,Hungary,"Moara Vlasiei Cricket Ground, Ilfov County",Ilfov County,Hungary,field,Hungary,T20,completed
1275277,2021-09-05,Romania,Luxembourg,"Moara Vlasiei Cricket Ground, Ilfov County",Ilfov County,Romania,bat,Romania,T20,completed
1276904,2022-07-07,India,England,"The Rose Bowl, Southampton",Southampton,India,bat,India,T20,completed
1276905,2022-07-09,India,England,"Edgbaston, Birmingham",Birmingham,England,field,India,T20,completed
1276906,2022-07-10,England,India,"Trent Bridge, Nottingham",Nottingham,England,bat,England,T20,completed
1276913,2022-07-27,England,South Africa,"County Ground, Bristol",Bristol,South Africa,field,England,T20,completed
1276914,2022-07-28,South Africa,England,"Sophia Gardens, Cardiff",Cardiff,England,field,South Africa,T20,completed
1276915,2022-07-31,South Africa,England,"The Rose Bowl, Southampton",Southampton,England,field,South Africa,T20,completed
1277974,2021-11-19,Bangladesh,Pakistan,"Shere Bangla National Stadium, Mirpur",Dhaka,Bangladesh,bat,Pakistan,T20,completed
1277975,2021-11-20,Bangladesh,Pakistan,"Shere Bangla National Stadium, Mirpur",Dhaka,Bangladesh,bat,Pakistan,T20,completed
1277976,2021-11-22,Bangladesh,Pakistan,"Shere Bangla National Stadium, Mirpur",Dhaka,Bangladesh,bat,Pakistan,T20,completed
1278671,2021-11-17,New Zealand,India,"Sawai Mansingh Stadium, Jaipur",Jaipur,India,field,India,T20,completed
1278672,2021-11-19,New Zealand,India,"JSCA International Stadium Complex, Ranchi",Ranchi,India,field,India,T20,completed
1278673,2021-11-21,India,New Zealand,"Eden Gardens, Kolkata",Kolkata,India,bat,India,T20,completed
1278679,2022-02-16,West Indies,India,"Eden Gardens, Kolkata",Kolkata,India,field,India,T20,completed
1278680,2022-02-18,India,West Indies,"Eden Gardens, Kolkata",Kolkata,West Indies,field,India,T20,completed
1278681,2022-02-20,India,West Indies,"Eden Gardens, Kolkata",Kolkata,West Indies,field,India,T20,completed
1278684,2022-02-24,India,Sri Lanka,"Bharat Ratna Shri Atal Bihari Vajpayee Ekana Cricket Stadium, Lucknow",Lucknow,Sri Lanka,field,India,T20,completed
1278685,2022-02-26,Sri Lanka,India,"Himachal Pradesh Cricket Association Stadium, Dharamsala",Dharamsala,India,field,India,T20,completed
1278686,2022-02-27,Sri Lanka,India,"Himachal Pradesh Cricket Association Stadium, Dharamsala",Dharamsala,Sri Lanka,bat,India,T20,completed
1278687,2022-06-09,India,South Africa,"Arun Jaitley Stadium, Delhi",Delhi,South Africa,field,South Africa,T20,completed
1278688,2022-06-12,India,South Africa,"Barabati Stadium, Cuttack",Cuttack,South Africa,field,South Africa,T20,completed
1278689,2022-06-14,India,South Africa,"Dr. Y.S. Rajasekhara Reddy ACA-VDCA Cricket Stadium, Visakhapatnam",Visakhapatnam,South Africa,field,India,T20,completed
1278690,2022-06-17,India,South Africa,"Saurashtra Cricket Association Stadium, Rajkot",Rajkot,South Africa,field,India,T20,completed
1279379,2021-10-05,Estonia,Cyprus,Happy Valley Ground,Episkopi,Cyprus,field,Cyprus,T20,completed
1279380,2021-10-05,Estonia,Cyprus,Happy Valley Ground,Episkopi,Estonia,bat,Cyprus,T20,completed
1279381,2021-10-06,Cyprus,Isle of Man,Happy Valley Ground,Episkopi,Cyprus,bat,Isle of Man,T20,completed
1279382,2021-10-06,Estonia,Isle of Man,Happy Valley Ground,Episkopi,Estonia,bat,Isle of Man,T20,completed
1279383,2021-10-07,Cyprus,Isle of Man,Happy Valley Ground,Episkopi,Isle of Man,field,Isle of Man,T20,completed
1279385,2021-10-08,Cyprus,Estonia,Happy Valley Ground,Episkopi,Cyprus,bat,Cyprus,T20,completed
1279386,2021-10-08,Estonia,Isle of Man,Happy Valley Ground,Episkopi,Isle of Man,field,Isle of Man,T20,completed
1280058,2021-10-09,Scotland,Namibia,"ICC Academy, Dubai",Dubai,Namibia,field,Namibia,T20,completed
1280059,2021-10-10,Namibia,Papua New Guinea,"ICC Academy, Dubai",Dubai,Papua New Guinea,field,Namibia,T20,completed
1280060,2021-10-07,United Arab Emirates,Ireland,"ICC Academy, Dubai",Dubai,United Arab Emirates,bat,Ireland,T20,completed
1280061,2021-10-08,United Arab Emirates,Ireland,"ICC Academy, Dubai",Dubai,Ireland,field,United Arab Emirates,T20,completed
1280062,2021-10-10,Ireland,United Arab Emirates,"ICC Academy, Dubai",Dubai,United Arab Emirates,field,United Arab Emirates,T20,completed
1280063,2021-10-08,Papua New Guinea,Scotland,"ICC Academy, Dubai",Dubai,Papua New Guinea,bat,Scotland,T20,completed
1282272,2021-10-21,Malta,Gibraltar,Marsa Sports Club,Marsa,Malta,bat,Malta,T20,completed
1282273,2021-10-22,Gibraltar,Switzerland,Marsa Sports Club,Marsa,Gibraltar,bat,Switzerland,T20,completed
1282275,2021-10-22,Bulgaria,Switzerland,Marsa Sports Club,Marsa,Bulgaria,bat,Switzerland,T20,completed
1282276,2021-10-23,Switzerland,Malta,Marsa Sports Club,Marsa,Switzerland,bat,Switzerland,T20,completed
1282278,2021-10-24,Gibraltar,Bulgaria,Marsa Sports Club,Marsa,Gibraltar,bat,Bulgaria,T20,completed
1282279,2021-10-24,Malta,Switzerland,Marsa Sports Club,Marsa,Malta,bat,Malta,T20,completed
1282738,2021-10-15,Jersey,Germany,"Desert Springs Cricket Ground, Almeria",Almeria,Germany,field,Jersey,T20,completed
1282739,2021-10-15,Denmark,Italy,"Desert Springs Cricket Ground, Almeria",Almeria,Denmark,bat,Italy,T20,completed
1282740,2021-10-16,Denmark,Germany,"Desert Springs Cricket Ground, Almeria",Almeria,Denmark,bat,Germany,T20,completed
1282741,2021-10-16,Jersey,Italy,"Desert Springs Cricket Ground, Almeria",Almeria,Jersey,bat,Jersey,T20,completed
1282742,2021-10-17,Jersey,Denmark,"Desert Springs Cricket Ground, Almeria",Almeria,Denmark,field,Jersey,T20,completed
1282743,2021-10-17,Italy,Germany,"Desert Springs Cricket Ground, Almeria",Almeria,Italy,bat,Germany,T20,completed
1282744,2021-10-19,Italy,Denmark,"Desert Springs Cricket Ground, Almeria",Almeria,Denmark,field,Italy,T20,completed
1282745,2021-10-19,Germany,Jersey,"Desert Springs Cricket Ground, Almeria",Almeria,Germany,bat,Jersey,T20,completed
1282746,2021-10-20,Italy,Jersey,"Desert Springs Cricket Ground, Almeria",Almeria,Jersey,field,Jersey,T20,completed
1282747,2021-10-20,Germany,Denmark,"Desert Springs Cricket Ground, Almeria",Almeria,Denmark,field,Germany,T20,completed
1282748,2021-10-21,Italy,Germany,"Desert Springs Cricket Ground, Almeria",Almeria,Germany,field,Italy,T20,completed
1282749,2021-10-21,Denmark,Jersey,"Desert Springs Cricket Ground, Almeria",Almeria,Denmark,bat,Jersey,T20,completed
1283021,2021-10-16,Rwanda,Ghana,Gahanga International Cricket Stadium. Rwanda,Kigali City,Ghana,field,Ghana,T20,completed
1283023,2021-10-16,Seychelles,Ghana,Gahanga International Cricket Stadium. Rwanda,Kigali City,Seychelles,bat,Ghana,T20,completed
1283024,2021-10-16,Malawi,Uganda,Integrated Polytechnic Regional Centre,Kigali City,Malawi,bat,Uganda,T20,completed
1283025,2021-10-17,Lesotho,Seychelles,Gahanga International Cricket Stadium. Rwanda,Kigali City,Seychelles,field,Seychelles,T20,completed
1283026,2021-10-17,Swaziland,Malawi,Integrated Polytechnic Regional Centre,Kigali City,Malawi,field,Malawi,T20,completed
1283028,2021-10-17,Uganda,Rwanda,Integrated Polytechnic Regional Centre,Kigali City,Uganda,bat,Uganda,T20,completed
1283029,2021-10-19,Malawi,Ghana,Gahanga International Cricket Stadium. Rwanda,Kigali City,Ghana,field,Ghana,T20,completed
1283030,2021-10-19,Lesotho,Uganda,Integrated Polytechnic Regional Centre,Kigali City,Lesotho,bat,Uganda,T20,completed
1283032,2021-10-19,Swaziland,Uganda,Integrated Polytechnic Regional Centre,Kigali City,Swaziland,bat,Uganda,T20,completed
1283033,2021-10-20,Malawi,Seychelles,Gahanga International Cricket Stadium. Rwanda,Kigali City,Malawi,bat,Malawi,T20,completed
1283034,2021-10-20,Swaziland,Ghana,Integrated Polytechnic Regional Centre,Kigali City,Ghana,field,Ghana,T20,completed
1283035,2021-10-20,Swaziland,Seychelles,Gahanga International Cricket Stadium. Rwanda,Kigali City,Swaziland,bat,Seychelles,T20,completed
1283036,2021-10-20,Rwanda,Lesotho,Integrated Polytechnic Regional Centre,Kigali City,Rwanda,bat,Rwanda,T20,completed
1283037,2021-10-21,Uganda,Ghana,Gahanga International Cricket Stadium. Rwanda,Kigali City,Ghana,field,Uganda,T20,completed
1283038,2021-10-22,Swaziland,Rwanda,Gahanga International Cricket Stadium. Rwanda,Kigali City,Swaziland,bat,Rwanda,T20,completed
1283040,2021-10-22,Malawi,Rwanda,Gahanga International Cricket Stadium. Rwanda,Kigali City,Malawi,bat,Malawi,T20,completed
1283041,2021-10-22,Uganda,Seychelles,Integrated Polytechnic Regional Centre,Kigali City,Uganda,bat,Uganda,T20,completed
1283042,2021-11-02,Botswana,Sierra Leone,Gahanga International Cricket Stadium. Rwanda,Kigali City,Botswana,bat,Botswana,T20,completed
1283043,2021-11-02,Tanzania,Mozambique,Gahanga International Cricket Stadium. Rwanda,Kigali City,Tanzania,bat,Tanzania,T20,completed
1283044,2021-11-03,Mozambique,Cameroon,Gahanga International Cricket Stadium. Rwanda,Kigali City,Cameroon,field,Mozambique,T20,completed
1283045,2021-11-03,Sierra Leone,Tanzania,Gahanga International Cricket Stadium. Rwanda,Kigali City,Sierra Leone,bat,Tanzania,T20,completed
1283046,2021-11-05,Cameroon,Botswana,Gahanga International Cricket Stadium. Rwanda,Kigali City,Cameroon,bat,Botswana,T20,completed
1283047,2021-11-05,Mozambique,Sierra Leone,Gahanga International Cricket Stadium. Rwanda,Kigali City,Mozambique,bat,Sierra Leone,T20,completed
1283048,2021-11-06,Botswana,Mozambique,Gahanga International Cricket Stadium. Rwanda,Kigali City,Botswana,bat,Botswana,T20,completed
1283049,2021-11-06,Tanzania,Cameroon,Gahanga International Cricket Stadium. Rwanda,Kigali City,Tanzania,bat,Tanzania,T20,completed
1283050,2021-11-07,Cameroon,Sierra Leone,Gahanga International Cricket Stadium. Rwanda,Kigali City,Cameroon,bat,Sierra Leone,T20,completed
1283051,2021-11-07,Tanzania,Botswana,Gahanga International Cricket Stadium. Rwanda,Kigali City,Tanzania,bat,Tanzania,T20,completed
1283089,2021-10-19,Nigeria,Sierra Leone,University of Lagos Cricket Oval,Lagos,Sierra Leone,field,Sierra Leone,T20,completed
1283091,2021-10-21,Nigeria,Sierra Leone,University of Lagos Cricket Oval,Lagos,Sierra Leone,field,Nigeria,T20,completed
1283092,2021-10-23,Sierra Leone,Nigeria,University of Lagos Cricket Oval,Lagos,Sierra Leone,bat,Nigeria,T20,completed
1283093,2021-10-24,Nigeria,Sierra Leone,University of Lagos Cricket Oval,Lagos,Nigeria,bat,Nigeria,T20,completed
1283094,2021-10-26,Nigeria,Sierra Leone,University of Lagos Cricket Oval,Lagos,Nigeria,bat,Nigeria,T20,completed
1284489,2021-10-23,Maldives,Saudi Arabia,"West End Park International Cricket Stadium, Doha",Doha,Maldives,bat,Saudi Arabia,T20,completed
1284490,2021-10-24,Bahrain,Kuwait,"West End Park International Cricket Stadium, Doha",Doha,Kuwait,field,Kuwait,T20,completed
1284491,2021-10-24,Qatar,Maldives,"West End Park International Cricket Stadium, Doha",Doha,Maldives,field,Qatar,T20,completed
1284493,2021-10-27,Maldives,Bahrain,"West End Park International Cricket Stadium, Doha",Doha,Bahrain,field,Bahrain,T20,completed
1284495,2021-10-28,Maldives,Kuwait,"West End Park International Cricket Stadium, Doha",Doha,Kuwait,field,Kuwait,T20,completed
1284496,2021-10-28,Bahrain,Saudi Arabia,"West End Park International Cricket Stadium, Doha",Doha,Saudi Arabia,field,Bahrain,T20,completed
1284497,2021-10-29,Kuwait,Qatar,"West End Park International Cricket Stadium, Doha",Doha,Kuwait,bat,Qatar,T20,completed
1286667,2021-11-07,Belize,United States of America,"Coolidge Cricket Ground, Antigua",Coolidge,United States of America,field,United States of America,T20,completed
1286670,2021-11-08,Canada,Belize,"Coolidge Cricket Ground, Antigua",Coolidge,Canada,bat,Canada,T20,completed
1286671,2021-11-08,Bahamas,Argentina,"Sir Vivian Richards Stadium, North Sound, Antigua",North Sound,Bahamas,bat,Bahamas,T20,completed
1286672,2021-11-08,Belize,Panama,"Coolidge Cricket Ground, Antigua",Coolidge,Belize,bat,Belize,T20,completed
1286673,2021-11-08,United States of America,Bermuda,"Sir Vivian Richards Stadium, North Sound, Antigua",North Sound,United States of America,bat,United States of America,T20,completed
1286675,2021-11-10,Argentina,Belize,"Sir Vivian Richards Stadium, North Sound, Antigua",North Sound,Argentina,bat,Argentina,T20,completed
1286677,2021-11-10,Bermuda,Bahamas,"Coolidge Cricket Ground, Antigua",Coolidge,Bahamas,field,Bermuda,T20,completed
1286681,2021-11-11,Argentina,United States of America,"Sir Vivian Richards Stadium, North Sound, Antigua",North Sound,Argentina,bat,United States of America,T20,completed
1286682,2021-11-13,Bahamas,United States of America,"Coolidge Cricket Ground, Antigua",Coolidge,Bahamas,bat,United States of America,T20,completed
1286683,2021-11-13,Belize,Bermuda,"Sir Vivian Richards Stadium, North Sound, Antigua",North Sound,Belize,bat,Bermuda,T20,completed
1286684,2021-11-13,Panama,Bahamas,"Coolidge Cricket Ground, Antigua",Coolidge,Bahamas,field,Panama,T20,completed
1286685,2021-11-13,Argentina,Canada,"Sir Vivian Richards Stadium, North Sound, Antigua",North Sound,Argentina,bat,Canada,T20,completed
1286686,2021-11-14,Canada,Panama,"Coolidge Cricket Ground, Antigua",Coolidge,Canada,bat,Canada,T20,completed
1287773,2021-12-13,Pakistan,West Indies,"National Stadium, Karachi",Karachi,West Indies,field,Pakistan,T20,completed
1287774,2021-12-14,Pakistan,West Indies,"National Stadium, Karachi",Karachi,Pakistan,bat,Pakistan,T20,completed
1287775,2021-12-16,West Indies,Pakistan,"National Stadium, Karachi",Karachi,West Indies,bat,Pakistan,T20,completed
1288316,2022-04-05,Pakistan,Australia,"Gaddafi Stadium, Lahore",Lahore,Australia,field,Australia,T20,completed
1289042,2021-11-17,Nigeria,Tanzania,Gahanga International Cricket Stadium. Rwanda,Kigali City,Nigeria,bat,Tanzania,T20,completed
1289043,2021-11-17,Kenya,Uganda,Integrated Polytechnic Regional Centre,Kigali City,Kenya,bat,Kenya,T20,completed
1289044,2021-11-17,Uganda,Nigeria,Gahanga International Cricket Stadium. Rwanda,Kigali City,Uganda,bat,Uganda,T20,completed
1289045,2021-11-17,Tanzania,Kenya,Integrated Polytechnic Regional Centre,Kigali City,Tanzania,bat,Tanzania,T20,completed
1289046,2021-11-18,Tanzania,Uganda,Gahanga International Cricket Stadium. Rwanda,Kigali City,Tanzania,bat,Uganda,T20,completed
1289047,2021-11-18,Nigeria,Kenya,Integrated Polytechnic Regional Centre,Kigali City,Nigeria,bat,Kenya,T20,completed
1289048,2021-11-18,Tanzania,Kenya,Gahanga International Cricket Stadium. Rwanda,Kigali City,Tanzania,bat,Kenya,T20,completed
1289049,2021-11-18,Nigeria,Uganda,Integrated Polytechnic Regional Centre,Kigali City,Uganda,field,Uganda,T20,completed
1289050,2021-11-20,Tanzania,Uganda,Gahanga International Cricket Stadium. Rwanda,Kigali City,Uganda,field,Uganda,T20,completed
1289051,2021-11-20,Kenya,Nigeria,Integrated Polytechnic Regional Centre,Kigali City,Nigeria,field,Kenya,T20,completed
1289052,2021-11-20,Kenya,Uganda,Gahanga International Cricket Stadium. Rwanda,Kigali City,Kenya,bat,Uganda,T20,completed
1289053,2021-11-20,Tanzania,Nigeria,Integrated Polytechnic Regional Centre,Kigali City,Tanzania,bat,Tanzania,T20,completed
1291187,2021-12-22,United States of America,Ireland,"Central Broward Regional Park Stadium Turf Ground, Lauderhill",Lauderhill,United States of America,bat,United States of America,T20,completed
1291188,2021-12-23,Ireland,United States of America,"Central Broward Regional Park Stadium Turf Ground, Lauderhill",Lauderhill,United States of America,field,Ireland,T20,completed
1298135,2022-10-16,Namibia,Sri Lanka,"GMHBA Stadium, South Geelong, Victoria",Geelong,Sri Lanka,field,Namibia,T20,completed
1298136,2022-10-16,United Arab Emirates,Netherlands,"GMHBA Stadium, South Geelong, Victoria",Geelong,United Arab Emirates,bat,Netherlands,T20,completed
1298137,2022-10-17,Scotland,West Indies,"Bellerive Oval, Hobart",Hobart,West Indies,field,Scotland,T20,completed
1298138,2022-10-17,Zimbabwe,Ireland,"Bellerive Oval, Hobart",Hobart,Ireland,field,Zimbabwe,T20,completed
1298139,2022-10-18,Namibia,Netherlands,"GMHBA Stadium, South Geelong, Victoria",Geelong,Namibia,bat,Netherlands,T20,completed
1298140,2022-10-18,Sri Lanka,United Arab Emirates,"GMHBA Stadium, South Geelong, Victoria",Geelong,United Arab Emirates,field,Sri Lanka,T20,completed
1298141,2022-10-19,Scotland,Ireland,"Bellerive Oval, Hobart",Hobart,Scotland,bat,Ireland,T20,completed
1298142,2022-10-19,West Indies,Zimbabwe,"Bellerive Oval, Hobart",Hobart,West Indies,bat,West Indies,T20,completed
1298143,2022-10-20,Sri Lanka,Netherlands,"GMHBA Stadium, South Geelong, Victoria",Geelong,Sri Lanka,bat,Sri Lanka,T20,completed
1298144,2022-10-20,United Arab Emirates,Namibia,"GMHBA Stadium, South Geelong, Victoria",Geelong,United Arab Emirates,bat,United Arab Emirates,T20,completed
1298145,2022-10-21,West Indies,Ireland,"Bellerive Oval, Hobart",Hobart,West Indies,bat,Ireland,T20,completed
1298146,2022-10-21,Scotland,Zimbabwe,"Bellerive Oval, Hobart",Hobart,Scotland,bat,Zimbabwe,T20,completed
1298147,2022-10-22,New Zealand,Australia,Sydney Cricket Ground,Sydney,Australia,field,New Zealand,T20,completed
1298149,2022-10-23,Ireland,Sri Lanka,"Bellerive Oval, Hobart",Hobart,Ireland,bat,Sri Lanka,T20,completed
1298150,2022-10-23,Pakistan,India,Melbourne Cricket Ground,Melbourne,India,field,India,T20,completed
1298151,2022-10-24,Bangladesh,Netherlands,"Bellerive Oval, Hobart",Hobart,Netherlands,field,Bangladesh,T20,completed
1298153,2022-10-25,Sri Lanka,Australia,Perth Stadium,Perth,Australia,field,Australia,T20,completed
1298154,2022-10-26,Ireland,England,Melbourne Cricket Ground,Melbourne,England,field,Ireland,T20,completed
1298156,2022-10-27,South Africa,Bangladesh,Sydney Cricket Ground,Sydney,South Africa,bat,South Africa,T20,completed
1298157,2022-10-27,India,Netherlands,Sydney Cricket Ground,Sydney,India,bat,India,T20,completed
1298158,2022-10-27,Zimbabwe,Pakistan,Perth Stadium,Perth,Zimbabwe,bat,Zimbabwe,T20,completed
1298161,2022-10-29,New Zealand,Sri Lanka,Sydney Cricket Ground,Sydney,New Zealand,bat,New Zealand,T20,completed
1298162,2022-10-30,Bangladesh,Zimbabwe,"Brisbane Cricket Ground, Woolloongabba, Brisbane",Brisbane,Bangladesh,bat,Bangladesh,T20,completed
1298163,2022-10-30,Netherlands,Pakistan,Perth Stadium,Perth,Netherlands,bat,Pakistan,T20,completed
1298164,2022-10-30,India,South Africa,Perth Stadium,Perth,India,bat,South Africa,T20,completed
1298165,2022-10-31,Australia,Ireland,"Brisbane Cricket Ground, Woolloongabba, Brisbane",Brisbane,Ireland,field,Australia,T20,completed
1298167,2022-11-01,England,New Zealand,"Brisbane Cricket Ground, Woolloongabba, Brisbane",Brisbane,England,bat,England,T20,completed
1298168,2022-11-02,Zimbabwe,Netherlands,Adelaide Oval,Adelaide,Zimbabwe,bat,Netherlands,T20,completed
1298169,2022-11-02,India,Bangladesh,Adelaide Oval,Adelaide,Bangladesh,field,India,T20,completed
1298170,2022-11-03,Pakistan,South Africa,Sydney Cricket Ground,Sydney,Pakistan,bat,Pakistan,T20,completed
1298171,2022-11-04,New Zealand,Ireland,Adelaide Oval,Adelaide,Ireland,field,New Zealand,T20,completed
1298173,2022-11-05,Sri Lanka,England,Sydney Cricket Ground,Sydney,Sri Lanka,bat,England,T20,completed
1298174,2022-11-06,Netherlands,South Africa,Adelaide Oval,Adelaide,South Africa,field,Netherlands,T20,completed
1298175,2022-11-06,Bangladesh,Pakistan,Adelaide Oval,Adelaide,Bangladesh,bat,Pakistan,T20,completed
1298176,2022-11-06,India,Zimbabwe,Melbourne Cricket Ground,Melbourne,India,bat,India,T20,completed
1298177,2022-11-09,New Zealand,Pakistan,Sydney Cricket Ground,Sydney,New Zealand,bat,Pakistan,T20,completed
1298178,2022-11-10,India,England,Adelaide Oval,Adelaide,England,field,England,T20,completed
1298179,2022-11-13,Pakistan,England,Melbourne Cricket Ground,Melbourne,England,field,England,T20,completed
1299566,2022-02-18,Nepal,Oman,Al Amerat Cricket Ground Oman Cricket (Ministry Turf 1),Al Amarat,Oman,field,Nepal,T20,completed
1299567,2022-02-18,Canada,Philippines,Al Amerat Cricket Ground Oman Cricket (Ministry Turf 2),Al Amarat,Philippines,field,Canada,T20,completed
1299568,2022-02-18,United Arab Emirates,Ireland,Al Amerat Cricket Ground Oman Cricket (Ministry Turf 1),Al Amarat,United Arab Emirates,bat,United Arab Emirates,T20,completed
1299569,2022-02-18,Germany,Bahrain,Al Amerat Cricket Ground Oman Cricket (Ministry Turf 2),Al Amarat,Bahrain,field,Bahrain,T20,completed
1299570,2022-02-19,Canada,Oman,Al Amerat Cricket Ground Oman Cricket (Ministry Turf 1),Al Amarat,Oman,field,Oman,T20,completed
1299571,2022-02-19,Nepal,Philippines,Al Amerat Cricket Ground Oman Cricket (Ministry Turf 2),Al Amarat,Philippines,field,Nepal,T20,completed
1299572,2022-02-19,United Arab Emirates,Germany,Al Amerat Cricket Ground Oman Cricket (Ministry Turf 1),Al Amarat,United Arab Emirates,bat,United Arab Emirates,T20,completed
1299573,2022-02-19,Ireland,Bahrain,Al Amerat Cricket Ground Oman Cricket (Ministry Turf 2),Al Amarat,Ireland,bat,Ireland,T20,completed
1299574,2022-02-21,Germany,Ireland,Al Amerat Cricket Ground Oman Cricket (Ministry Turf 1),Al Amarat,Ireland,field,Ireland,T20,completed
1299575,2022-02-21,Bahrain,United Arab Emirates,Al Amerat Cricket Ground Oman Cricket (Ministry Turf 2),Al Amarat,Bahrain,bat,Bahrain,T20,completed
1299576,2022-02-21,Canada,Nepal,Al Amerat Cricket Ground Oman Cricket (Ministry Turf 1),Al Amarat,Canada,bat,Nepal,T20,completed
1299577,2022-02-21,Philippines,Oman,Al Amerat Cricket Ground Oman Cricket (Ministry Turf 2),Al Amarat,Philippines,bat,Oman,T20,completed
1299578,2022-02-22,Germany,Canada,Al Amerat Cricket Ground Oman Cricket (Ministry Turf 1),Al Amarat,Canada,field,Canada,T20,completed
1299579,2022-02-22,Bahrain,Philippines,Al Amerat Cricket Ground Oman Cricket (Ministry Turf 2),Al Amarat,Bahrain,bat,Bahrain,T20,completed
1299580,2022-02-22,United Arab Emirates,Nepal,Al Amerat Cricket Ground Oman Cricket (Ministry Turf 1),Al Amarat,United Arab Emirates,bat,United Arab Emirates,T20,completed
1299581,2022-02-22,Ireland,Oman,Al Amerat Cricket Ground Oman Cricket (Ministry Turf 2),Al Amarat,Oman,field,Ireland,T20,completed
1299582,2022-02-24,Bahrain,Canada,Al Amerat Cricket Ground Oman Cricket (Ministry Turf 1),Al Amarat,Bahrain,bat,Canada,T20,completed
1299583,2022-02-24,Philippines,Germany,Al Amerat Cricket Ground Oman Cricket (Ministry Turf 2),Al Amarat,Germany,field,Germany,T20,completed
1299584,2022-02-24,Oman,Nepal,Al Amerat Cricket Ground Oman Cricket (Ministry Turf 2),Al Amarat,Oman,bat,Nepal,T20,completed
1299585,2022-02-24,Ireland,United Arab Emirates,Al Amerat Cricket Ground Oman Cricket (Ministry Turf 1),Al Amarat,Ireland,bat,United Arab Emirates,T20,completed
1299592,2022-02-13,United Arab Emirates,Ireland,Al Amerat Cricket Ground Oman Cricket (Ministry Turf 1),Al Amarat,Ireland,field,United Arab Emirates,T20,completed
1299593,2022-02-11,Oman,Nepal,Al Amerat Cricket Ground Oman Cricket (Ministry Turf 1),Al Amarat,Nepal,field,Nepal,T20,completed
1299594,2022-02-12,Oman,Ireland,Al Amerat Cricket Ground Oman Cricket (Ministry Turf 1),Al Amarat,Ireland,field,Ireland,T20,completed
1299595,2022-02-14,United Arab Emirates,Oman,Al Amerat Cricket Ground Oman Cricket (Ministry Turf 1),Al Amarat,Oman,field,Oman,T20,completed
1299596,2022-02-14,Ireland,Nepal,Al Amerat Cricket Ground Oman Cricket (Ministry Turf 1),Al Amarat,Nepal,field,Ireland,T20,completed
1299638,2022-02-12,United Arab Emirates,Nepal,Al Amerat Cricket Ground Oman Cricket (Ministry Turf 1),Al Amarat,Nepal,field,United Arab Emirates,T20,completed
1303307,2022-06-26,Ireland,India,"The Village, Malahide, Dublin",Dublin,India,field,India,T20,completed
1303308,2022-06-28,India,Ireland,"The Village, Malahide, Dublin",Dublin,India,bat,India,T20,completed
1303312,2022-07-18,New Zealand,Ireland,"Civil Service Cricket Club, Stormont, Belfast",Belfast,Ireland,field,New Zealand,T20,completed
1303313,2022-07-20,New Zealand,Ireland,"Civil Service Cricket Club, Stormont, Belfast",Belfast,Ireland,field,New Zealand,T20,completed
1303314,2022-07-22,Ireland,New Zealand,"Civil Service Cricket Club, Stormont, Belfast",Belfast,Ireland,bat,New Zealand,T20,completed
1303315,2022-08-03,South Africa,Ireland,"County Ground, Bristol",Bristol,South Africa,bat,South Africa,T20,completed
1303316,2022-08-05,South Africa,Ireland,"County Ground, Bristol",Bristol,Ireland,field,South Africa,T20,completed
1305498,2022-03-28,Nepal,Papua New Guinea,"Tribhuvan University International Cricket Ground, Kirtipur",Kirtipur,Papua New Guinea,field,Nepal,T20,completed
1305499,2022-03-29,Malaysia,Papua New Guinea,"Tribhuvan University International Cricket Ground, Kirtipur",Kirtipur,Malaysia,bat,Malaysia,T20,completed
1305500,2022-03-30,Malaysia,Nepal,"Tribhuvan University International Cricket Ground, Kirtipur",Kirtipur,Malaysia,bat,Nepal,T20,completed
1305501,2022-03-31,Nepal,Papua New Guinea,"Tribhuvan University International Cricket Ground, Kirtipur",Kirtipur,Papua New Guinea,field,Nepal,T20,completed
1305502,2022-04-01,Malaysia,Papua New Guinea,"Tribhuvan University International Cricket Ground, Kirtipur",Kirtipur,Papua New Guinea,field,Papua New Guinea,T20,completed
1305503,2022-04-02,Nepal,Malaysia,"Tribhuvan University International Cricket Ground, Kirtipur",Kirtipur,Malaysia,field,Nepal,T20,completed
1305504,2022-04-04,Nepal,Papua New Guinea,"Tribhuvan University International Cricket Ground, Kirtipur",Kirtipur,Papua New Guinea,field,Nepal,T20,completed
1307293,2022-06-07,Sri Lanka,Australia,"R Premadasa Stadium, Colombo",Colombo,Australia,field,Australia,T20,completed
1307294,2022-06-08,Sri Lanka,Australia,"R Premadasa Stadium, Colombo",Colombo,Australia,field,Australia,T20,completed
1307295,2022-06-11,Australia,Sri Lanka,Pallekele International Cricket Stadium,Kandy,Australia,bat,Sri Lanka,T20,completed
1307477,2022-07-27,New Zealand,Scotland,"Grange Cricket Club Ground, Raeburn Place, Edinburgh",Edinburgh,Scotland,field,New Zealand,T20,completed
1307478,2022-07-29,New Zealand,Scotland,"Grange Cricket Club Ground, Raeburn Place, Edinburgh",Edinburgh,New Zealand,bat,New Zealand,T20,completed
1309701,2022-04-08,Uganda,Namibia,"United Cricket Club Ground, Windhoek",Windhoek,Namibia,field,Namibia,T20,completed
1309702,2022-04-09,Namibia,Uganda,"United Cricket Club Ground, Windhoek",Windhoek,Uganda,field,Uganda,T20,completed
1309703,2022-04-10,Namibia,Uganda,"United Cricket Club Ground, Windhoek",Windhoek,Uganda,field,Namibia,T20,completed
1310161,2022-04-29,Norway,Guernsey,"Desert Springs Cricket Ground, Almeria",Almeria,Norway,bat,Norway,T20,completed
1310162,2022-04-30,Spain,Norway,"Desert Springs Cricket Ground, Almeria",Almeria,Spain,bat,Spain,T20,completed
1310163,2022-04-30,Norway,Guernsey,"Desert Springs Cricket Ground, Almeria",Almeria,Norway,bat,Guernsey,T20,completed
1310164,2022-04-30,Guernsey,Spain,"Desert Springs Cricket Ground, Almeria",Almeria,Guernsey,bat,Spain,T20,completed
1310165,2022-05-01,Spain,Guernsey,"Desert Springs Cricket Ground, Almeria",Almeria,Spain,bat,Guernsey,T20,completed
1310166,2022-05-01,Spain,Norway,"Desert Springs Cricket Ground, Almeria",Almeria,Spain,bat,Spain,T20,completed
1310167,2022-05-07,Denmark,Finland,"Svanholm Park, Brondby",Brondby,Finland,field,Finland,T20,completed
1310168,2022-05-07,Denmark,Finland,"Svanholm Park, Brondby",Brondby,Finland,field,Denmark,T20,completed
1310169,2022-05-08,Denmark,Finland,"Svanholm Park, Brondby",Brondby,Denmark,bat,Denmark,T20,completed
1310170,2022-05-10,Gibraltar,Malta,Marsa Sports Club,Marsa,Malta,field,Malta,T20,completed
1310171,2022-05-10,Malta,Hungary,Marsa Sports Club,Marsa,Hungary,field,Malta,T20,completed
1310172,2022-05-10,Gibraltar,Hungary,Marsa Sports Club,Marsa,Hungary,field,Hungary,T20,completed
1310173,2022-05-11,Romania,Malta,Marsa Sports Club,Marsa,Malta,field,Malta,T20,completed
1310174,2022-05-11,Czech Republic,Gibraltar,Marsa Sports Club,Marsa,Czech Republic,bat,Czech Republic,T20,completed
1310175,2022-05-11,Hungary,Bulgaria,Marsa Sports Club,Marsa,Bulgaria,field,Hungary,T20,completed
1310176,2022-05-12,Malta,Czech Republic,Marsa Sports Club,Marsa,Czech Republic,field,Malta,T20,completed
1310177,2022-05-12,Czech Republic,Bulgaria,Marsa Sports Club,Marsa,Czech Republic,bat,Czech Republic,T20,completed
1310178,2022-05-12,Romania,Hungary,Marsa Sports Club,Marsa,Romania,bat,Hungary,T20,completed
1310179,2022-05-13,Gibraltar,Bulgaria,Marsa Sports Club,Marsa,Gibraltar,bat,Gibraltar,T20,completed
1310180,2022-05-13,Romania,Czech Republic,Marsa Sports Club,Marsa,Romania,bat,Romania,T20,completed
1310181,2022-05-13,Bulgaria,Romania,Marsa Sports Club,Marsa,Bulgaria,bat,Romania,T20,completed
1310182,2022-05-14,Hungary,Czech Republic,Marsa Sports Club,Marsa,Hungary,bat,Czech Republic,T20,completed
1310183,2022-05-14,Gibraltar,Romania,Marsa Sports Club,Marsa,Gibraltar,bat,Romania,T20,completed
1310184,2022-05-14,Bulgaria,Malta,Marsa Sports Club,Marsa,Bulgaria,bat,Malta,T20,completed
1310185,2022-05-15,Gibraltar,Bulgaria,Marsa Sports Club,Marsa,Gibraltar,bat,Bulgaria,T20,completed
1310186,2022-05-15,Czech Republic,Hungary,Marsa Sports Club,Marsa,Hungary,field,Czech Republic,T20,completed
1310187,2022-05-15,Romania,Malta,Marsa Sports Club,Marsa,Romania,bat,Romania,T20,completed
1310188,2022-05-20,Jersey,Guernsey,"College Field, St Peter Port",St Peter Port,Guernsey,field,Jersey,T20,completed
1310901,2022-08-04,New Zealand,Netherlands,"Sportpark Westvliet, The Hague",The Hague,New Zealand,bat,New Zealand,T20,completed
1310902,2022-08-05,Netherlands,New Zealand,"Sportpark Westvliet, The Hague",The Hague,Netherlands,bat,New Zealand,T20,completed
1310938,2022-05-17,Zimbabwe,Namibia,"Queens Sports Club, Bulawayo",Bulawayo,Zimbabwe,bat,Zimbabwe,T20,completed
1310939,2022-05-19,Zimbabwe,Namibia,"Queens Sports Club, Bulawayo",Bulawayo,Zimbabwe,bat,Namibia,T20,completed
1310940,2022-05-21,Namibia,Zimbabwe,"Queens Sports Club, Bulawayo",Bulawayo,Namibia,bat,Zimbabwe,T20,completed
1310941,2022-05-22,Zimbabwe,Namibia,"Queens Sports Club, Bulawayo",Bulawayo,Namibia,field,Namibia,T20,completed
1310942,2022-05-24,Namibia,Zimbabwe,"Queens Sports Club, Bulawayo",Bulawayo,Zimbabwe,field,Namibia,T20,completed
1317136,2022-06-24,Serbia,Bulgaria,"National Sports Academy, Sofia",Sofia,Bulgaria,field,Bulgaria,T20,completed
1317137,2022-06-25,Serbia,Bulgaria,"National Sports Academy, Sofia",Sofia,Serbia,bat,Bulgaria,T20,completed
1317138,2022-06-25,Serbia,Bulgaria,"National Sports Academy, Sofia",Sofia,Serbia,bat,Bulgaria,T20,completed
1317139,2022-06-26,Serbia,Bulgaria,"National Sports Academy, Sofia",Sofia,Bulgaria,field,Bulgaria,T20,completed
1317150,2022-07-03,West Indies,Bangladesh,"Windsor Park, Roseau, Dominica",Roseau,West Indies,bat,West Indies,T20,completed
1317151,2022-07-07,Bangladesh,West Indies,"Providence Stadium, Guyana",Providence,Bangladesh,bat,West Indies,T20,completed
1317482,2022-10-05,West Indies,Australia,Carrara Oval,Carrara,Australia,field,Australia,T20,completed
1317483,2022-10-07,Australia,West Indies,"Brisbane Cricket Ground, Woolloongabba, Brisbane",Brisbane,West Indies,field,Australia,T20,completed
1317486,2022-10-09,England,Australia,Perth Stadium,Perth,Australia,field,England,T20,completed
1317487,2022-10-12,England,Australia,"Manuka Oval, Canberra",Canberra,Australia,field,England,T20,completed
1317903,2022-07-29,India,West Indies,"Brian Lara Stadium, Tarouba, Trinidad",Tarouba,West Indies,field,India,T20,completed
1317904,2022-08-01,India,West Indies,"Warner Park, Basseterre, St Kitts",Basseterre,West Indies,field,West Indies,T20,completed
1317905,2022-08-02,West Indies,India,"Warner Park, Basseterre, St Kitts",Basseterre,India,field,India,T20,completed
1317906,2022-08-06,India,West Indies,"Central Broward Regional Park Stadium Turf Ground, Lauderhill",Lauderhill,West Indies,field,India,T20,completed
1317907,2022-08-07,India,West Indies,"Central Broward Regional Park Stadium Turf Ground, Lauderhill",Lauderhill,India,bat,India,T20,completed
1317908,2022-08-10,New Zealand,West Indies,"Sabina Park, Kingston, Jamaica",Kingston,West Indies,field,New Zealand,T20,completed
1317909,2022-08-12,New Zealand,West Indies,"Sabina Park, Kingston, Jamaica",Kingston,New Zealand,bat,New Zealand,T20,completed
1317910,2022-08-14,New Zealand,West Indies,"Sabina Park, Kingston, Jamaica",Kingston,New Zealand,bat,West Indies,T20,completed
1318357,2022-06-09,Germany,Austria,Bayer Uerdingen Cricket Ground,Krefeld,Austria,field,Germany,T20,completed
1318358,2022-06-09,Sweden,Germany,Bayer Uerdingen Cricket Ground,Krefeld,Germany,field,Germany,T20,completed
1318359,2022-06-10,Austria,Germany,Bayer Uerdingen Cricket Ground,Krefeld,Austria,bat,Austria,T20,completed
1318360,2022-06-10,Austria,Sweden,Bayer Uerdingen Cricket Ground,Krefeld,Sweden,field,Austria,T20,completed
1318361,2022-06-11,Austria,Sweden,Bayer Uerdingen Cricket Ground,Krefeld,Sweden,field,Austria,T20,completed
1318362,2022-06-11,Germany,Sweden,Bayer Uerdingen Cricket Ground,Krefeld,Germany,bat,Germany,T20,completed
1320969,2022-06-28,Gibraltar,Belgium,"Meersen, Gent",Ghent,Belgium,field,Belgium,T20,completed
1320973,2022-06-29,Portugal,Malta,"Meersen, Gent",Ghent,Portugal,bat,Portugal,T20,completed
1320974,2022-06-29,Denmark,Gibraltar,"Royal Brussels Cricket Club Ground, Waterloo",Waterloo,Denmark,bat,Denmark,T20,completed
1320975,2022-06-29,Israel,Spain,"Meersen, Gent",Ghent,Israel,bat,Spain,T20,completed
1320976,2022-06-29,Hungary,Belgium,"Royal Brussels Cricket Club Ground, Waterloo",Waterloo,Hungary,bat,Belgium,T20,completed
1320977,2022-07-01,Portugal,Spain,"Meersen, Gent",Ghent,Portugal,bat,Spain,T20,completed
1320978,2022-07-01,Hungary,Gibraltar,"Royal Brussels Cricket Club Ground, Waterloo",Waterloo,Gibraltar,field,Gibraltar,T20,completed
1320979,2022-07-01,Malta,Israel,"Meersen, Gent",Ghent,Israel,field,Malta,T20,completed
1320980,2022-07-01,Belgium,Denmark,"Royal Brussels Cricket Club Ground, Waterloo",Waterloo,Denmark,field,Belgium,T20,completed
1320982,2022-07-02,Belgium,Portugal,"Royal Brussels Cricket Club Ground, Waterloo",Waterloo,Belgium,bat,Portugal,T20,completed
1320984,2022-07-02,Denmark,Spain,"Royal Brussels Cricket Club Ground, Waterloo",Waterloo,Spain,field,Denmark,T20,completed
1320985,2022-07-03,Israel,Hungary,"Royal Brussels Cricket Club Ground, Waterloo",Waterloo,Hungary,field,Israel,T20,completed
1320986,2022-07-04,Spain,Belgium,"Royal Brussels Cricket Club Ground, Waterloo",Waterloo,Spain,bat,Belgium,T20,completed
1320987,2022-07-03,Gibraltar,Malta,"Royal Brussels Cricket Club Ground, Waterloo",Waterloo,Gibraltar,bat,Malta,T20,completed
1320988,2022-07-04,Portugal,Denmark,"Royal Brussels Cricket Club Ground, Waterloo",Waterloo,Portugal,bat,Denmark,T20,completed
1321258,2022-07-12,Cyprus,Isle of Man,Kerava National Cricket Ground,Kerava,Isle of Man,field,Isle of Man,T20,completed
1321259,2022-07-12,Finland,Sweden,Tikkurila Cricket Ground,Vantaa,Sweden,field,Finland,T20,completed
1321260,2022-07-12,Romania,Turkey,Kerava National Cricket Ground,Kerava,Turkey,field,Romania,T20,completed
1321261,2022-07-13,Cyprus,Romania,Tikkurila Cricket Ground,Vantaa,Romania,field,Cyprus,T20,completed
1321262,2022-07-13,Croatia,Sweden,Kerava National Cricket Ground,Kerava,Sweden,field,Sweden,T20,completed
1321263,2022-07-13,Isle of Man,Serbia,Tikkurila Cricket Ground,Vantaa,Serbia,field,Isle of Man,T20,completed
1321264,2022-07-13,Finland,Italy,Kerava National Cricket Ground,Kerava,Italy,field,Italy,T20,completed
1321265,2022-07-15,Italy,Sweden,Tikkurila Cricket Ground,Vantaa,Sweden,field,Italy,T20,completed
1321266,2022-07-15,Turkey,Serbia,Kerava National Cricket Ground,Kerava,Serbia,field,Serbia,T20,completed
1321267,2022-07-15,Croatia,Greece,Tikkurila Cricket Ground,Vantaa,Greece,field,Croatia,T20,completed
1321268,2022-07-15,Romania,Isle of Man,Kerava National Cricket Ground,Kerava,Isle of Man,field,Isle of Man,T20,completed
1321269,2022-07-16,Romania,Serbia,Tikkurila Cricket Ground,Vantaa,Romania,bat,Romania,T20,completed
1321270,2022-07-16,Finland,Greece,Kerava National Cricket Ground,Kerava,Greece,field,Finland,T20,completed
1321271,2022-07-16,Cyprus,Turkey,Tikkurila Cricket Ground,Vantaa,Cyprus,bat,Cyprus,T20,completed
1321272,2022-07-16,Italy,Croatia,Kerava National Cricket Ground,Kerava,Italy,bat,Italy,T20,completed
1321273,2022-07-18,Sweden,Greece,Tikkurila Cricket Ground,Vantaa,Greece,field,Sweden,T20,completed
1321274,2022-07-18,Cyprus,Serbia,Kerava National Cricket Ground,Kerava,Cyprus,bat,Serbia,T20,completed
1321275,2022-07-18,Croatia,Finland,Tikkurila Cricket Ground,Vantaa,Croatia,bat,Finland,T20,completed
1321276,2022-07-18,Isle of Man,Turkey,Kerava National Cricket Ground,Kerava,Isle of Man,bat,Isle of Man,T20,completed
1321277,2022-07-19,Serbia,Croatia,Tikkurila Cricket Ground,Vantaa,Serbia,bat,Croatia,T20,completed
1321278,2022-07-19,Finland,Cyprus,Kerava National Cricket Ground,Kerava,Finland,bat,Finland,T20,completed
1321279,2022-07-19,Romania,Sweden,Tikkurila Cricket Ground,Vantaa,Romania,bat,Sweden,T20,completed
1321280,2022-07-19,Isle of Man,Italy,Kerava National Cricket Ground,Kerava,Italy,field,Italy,T20,completed
1321281,2022-07-24,Austria,Luxembourg,Tikkurila Cricket Ground,Vantaa,Luxembourg,field,Austria,T20,completed
1321282,2022-07-24,Estonia,Norway,Kerava National Cricket Ground,Kerava,Estonia,bat,Norway,T20,completed
1321283,2022-07-24,Guernsey,Bulgaria,Tikkurila Cricket Ground,Vantaa,Bulgaria,field,Guernsey,T20,completed
1321284,2022-07-24,France,Czech Republic,Kerava National Cricket Ground,Kerava,Czech Republic,field,France,T20,completed
1321286,2022-07-25,Austria,Slovenia,Kerava National Cricket Ground,Kerava,Slovenia,field,Austria,T20,completed
1321287,2022-07-25,France,Switzerland,Tikkurila Cricket Ground,Vantaa,France,bat,Switzerland,T20,completed
1321288,2022-07-25,Guernsey,Luxembourg,Kerava National Cricket Ground,Kerava,Luxembourg,field,Guernsey,T20,completed
1321289,2022-07-27,Guernsey,Austria,Tikkurila Cricket Ground,Vantaa,Guernsey,bat,Austria,T20,completed
1321290,2022-07-27,Switzerland,Estonia,Kerava National Cricket Ground,Kerava,Switzerland,bat,Switzerland,T20,completed
1321291,2022-07-27,Slovenia,Bulgaria,Tikkurila Cricket Ground,Vantaa,Bulgaria,field,Bulgaria,T20,completed
1321292,2022-07-27,France,Norway,Kerava National Cricket Ground,Kerava,France,bat,France,T20,completed
1321293,2022-07-28,Norway,Switzerland,Tikkurila Cricket Ground,Vantaa,Norway,bat,Norway,T20,completed
1321294,2022-07-28,Luxembourg,Bulgaria,Kerava National Cricket Ground,Kerava,Luxembourg,bat,Luxembourg,T20,completed
1321295,2022-07-28,Czech Republic,Estonia,Tikkurila Cricket Ground,Vantaa,Czech Republic,bat,Czech Republic,T20,completed
1321296,2022-07-28,Slovenia,Guernsey,Kerava National Cricket Ground,Kerava,Guernsey,field,Guernsey,T20,completed
1321298,2022-07-30,Switzerland,Czech Republic,Kerava National Cricket Ground,Kerava,Switzerland,bat,Czech Republic,T20,completed
1321299,2022-07-30,Luxembourg,Slovenia,Tikkurila Cricket Ground,Vantaa,Luxembourg,bat,Luxembourg,T20,completed
1321301,2022-07-31,Bulgaria,Czech Republic,Tikkurila Cricket Ground,Vantaa,Bulgaria,bat,Czech Republic,T20,completed
1321302,2022-07-31,Guernsey,France,Kerava National Cricket Ground,Kerava,Guernsey,bat,Guernsey,T20,completed
1321303,2022-07-31,Luxembourg,Switzerland,Tikkurila Cricket Ground,Vantaa,Luxembourg,bat,Luxembourg,T20,completed
1321304,2022-07-31,Norway,Austria,Kerava National Cricket Ground,Kerava,Norway,bat,Austria,T20,completed
1321305,2022-07-08,Luxembourg,Austria,"Scott Page Field, Vinor",Prague,Austria,field,Austria,T20,completed
1321306,2022-07-08,Luxembourg,Czech Republic,"Scott Page Field, Vinor",Prague,Luxembourg,bat,Czech Republic,T20,completed
1321307,2022-07-09,Czech Republic,Austria,"Scott Page Field, Vinor",Prague,Austria,field,Austria,T20,completed
1321308,2022-07-09,Austria,Luxembourg,"Scott Page Field, Vinor",Prague,Luxembourg,field,Austria,T20,completed
1321309,2022-07-10,Czech Republic,Luxembourg,"Scott Page Field, Vinor",Prague,Czech Republic,bat,Czech Republic,T20,completed
1321310,2022-07-10,Austria,Czech Republic,"Scott Page Field, Vinor",Prague,Czech Republic,field,Czech Republic,T20,completed
1321311,2022-06-28,Malaysia,Singapore,"Indian Association Ground, Singapore",Singapore,Singapore,field,Singapore,T20,completed
1321312,2022-06-29,Malaysia,Singapore,"Indian Association Ground, Singapore",Singapore,Malaysia,bat,Malaysia,T20,completed
1321313,2022-06-30,Singapore,Malaysia,"Indian Association Ground, Singapore",Singapore,Singapore,bat,Malaysia,T20,completed
1321465,2022-07-11,Zimbabwe,Singapore,"Queens Sports Club, Bulawayo",Bulawayo,Singapore,field,Zimbabwe,T20,completed
1321466,2022-07-11,Jersey,United States of America,Bulawayo Athletic Club,Bulawayo,United States of America,field,United States of America,T20,completed
1321467,2022-07-11,Netherlands,Papua New Guinea,"Queens Sports Club, Bulawayo",Bulawayo,Netherlands,bat,Netherlands,T20,completed
1321468,2022-07-11,Hong Kong,Uganda,Bulawayo Athletic Club,Bulawayo,Hong Kong,bat,Uganda,T20,completed
1321469,2022-07-12,Zimbabwe,Jersey,"Queens Sports Club, Bulawayo",Bulawayo,Jersey,field,Zimbabwe,T20,completed
1321470,2022-07-12,United States of America,Singapore,Bulawayo Athletic Club,Bulawayo,Singapore,field,United States of America,T20,completed
1321471,2022-07-12,Hong Kong,Netherlands,"Queens Sports Club, Bulawayo",Bulawayo,Hong Kong,bat,Netherlands,T20,completed
1321472,2022-07-12,Uganda,Papua New Guinea,Bulawayo Athletic Club,Bulawayo,Papua New Guinea,field,Papua New Guinea,T20,completed
1321473,2022-07-14,Netherlands,Uganda,"Queens Sports Club, Bulawayo",Bulawayo,Uganda,field,Netherlands,T20,completed
1321474,2022-07-14,Papua New Guinea,Hong Kong,Bulawayo Athletic Club,Bulawayo,Hong Kong,field,Hong Kong,T20,completed
1321475,2022-07-14,Zimbabwe,United States of America,"Queens Sports Club, Bulawayo",Bulawayo,Zimbabwe,bat,Zimbabwe,T20,completed
1321477,2022-07-15,Uganda,Jersey,"Queens Sports Club, Bulawayo",Bulawayo,Uganda,bat,Uganda,T20,completed
1321478,2022-07-15,Singapore,Hong Kong,Bulawayo Athletic Club,Bulawayo,Hong Kong,field,Hong Kong,T20,completed
1321479,2022-07-15,Zimbabwe,Papua New Guinea,"Queens Sports Club, Bulawayo",Bulawayo,Zimbabwe,bat,Zimbabwe,T20,completed
1321480,2022-07-15,United States of America,Netherlands,Bulawayo Athletic Club,Bulawayo,United States of America,bat,Netherlands,T20,completed
1321481,2022-07-17,Uganda,Hong Kong,"Queens Sports Club, Bulawayo",Bulawayo,Hong Kong,field,Uganda,T20,completed
1321482,2022-07-17,Singapore,Jersey,Bulawayo Athletic Club,Bulawayo,Singapore,bat,Jersey,T20,completed
1321483,2022-07-17,Papua New Guinea,United States of America,Bulawayo Athletic Club,Bulawayo,United States of America,field,Papua New Guinea,T20,completed
1321484,2022-07-17,Zimbabwe,Netherlands,"Queens Sports Club, Bulawayo",Bulawayo,Zimbabwe,bat,Zimbabwe,T20,completed
1321998,2022-07-02,Malaysia,Bhutan,"UKM-YSD Cricket Oval, Bangi",Bangi,Bhutan,field,Malaysia,T20,completed
1322001,2022-07-04,Thailand,Malaysia,"UKM-YSD Cricket Oval, Bangi",Bangi,Thailand,bat,Malaysia,T20,completed
1322002,2022-07-04,Bhutan,Maldives,"UKM-YSD Cricket Oval, Bangi",Bangi,Maldives,field,Bhutan,T20,completed
1322003,2022-07-06,Thailand,Bhutan,"UKM-YSD Cricket Oval, Bangi",Bangi,Bhutan,field,Bhutan,T20,completed
1322004,2022-07-06,Maldives,Malaysia,"UKM-YSD Cricket Oval, Bangi",Bangi,Malaysia,field,Malaysia,T20,completed
1322005,2022-07-07,Bhutan,Maldives,"UKM-YSD Cricket Oval, Bangi",Bangi,Maldives,field,Bhutan,T20,completed
1322006,2022-07-07,Thailand,Malaysia,"UKM-YSD Cricket Oval, Bangi",Bangi,Malaysia,field,Malaysia,T20,completed
1322007,2022-07-08,Maldives,Thailand,"UKM-YSD Cricket Oval, Bangi",Bangi,Thailand,field,Maldives,T20,completed
1322009,2022-07-09,Bhutan,Thailand,"UKM-YSD Cricket Oval, Bangi",Bangi,Bhutan,bat,Bhutan,T20,completed
1322010,2022-07-11,Bhutan,Malaysia,"UKM-YSD Cricket Oval, Bangi",Bangi,Malaysia,field,Malaysia,T20,completed
1322011,2022-07-02,Singapore,Papua New Guinea,"Indian Association Ground, Singapore",Singapore,Singapore,bat,Singapore,T20,completed
1322012,2022-07-03,Singapore,Papua New Guinea,"Indian Association Ground, Singapore",Singapore,Singapore,bat,Papua New Guinea,T20,completed
1322276,2022-11-20,India,New Zealand,"Bay Oval, Mount Maunganui",Mount Maunganui,New Zealand,field,India,T20,completed
1322334,2022-10-07,Pakistan,Bangladesh,"Hagley Oval, Christchurch",Christchurch,Bangladesh,field,Pakistan,T20,completed
1322335,2022-10-08,New Zealand,Pakistan,"Hagley Oval, Christchurch",Christchurch,New Zealand,bat,Pakistan,T20,completed
1322336,2022-10-09,Bangladesh,New Zealand,"Hagley Oval, Christchurch",Christchurch,New Zealand,field,New Zealand,T20,completed
1322337,2022-10-11,Pakistan,New Zealand,"Hagley Oval, Christchurch",Christchurch,Pakistan,bat,New Zealand,T20,completed
1322338,2022-10-12,New Zealand,Bangladesh,"Hagley Oval, Christchurch",Christchurch,Bangladesh,field,New Zealand,T20,completed
1322339,2022-10-13,Bangladesh,Pakistan,"Hagley Oval, Christchurch",Christchurch,Bangladesh,bat,Pakistan,T20,completed
1322340,2022-10-14,New Zealand,Pakistan,"Hagley Oval, Christchurch",Christchurch,Pakistan,field,Pakistan,T20,completed
1322363,2023-04-05,Sri Lanka,New Zealand,"University Oval, Dunedin",Dunedin,New Zealand,field,New Zealand,T20,completed
1322364,2023-04-08,Sri Lanka,New Zealand,"John Davies Oval, Queenstown",Queenstown,New Zealand,field,New Zealand,T20,completed
1323295,2022-07-30,Zimbabwe,Bangladesh,Harare Sports Club,Harare,Zimbabwe,bat,Zimbabwe,T20,completed
1323296,2022-07-31,Zimbabwe,Bangladesh,Harare Sports Club,Harare,Zimbabwe,bat,Bangladesh,T20,completed
1323297,2022-08-02,Zimbabwe,Bangladesh,Harare Sports Club,Harare,Zimbabwe,bat,Zimbabwe,T20,completed
1323550,2022-07-08,Bulgaria,Serbia,Lisicji Jarak Cricket Ground,Belgrade,Serbia,field,Serbia,T20,completed
1323551,2022-07-09,Bulgaria,Serbia,Lisicji Jarak Cricket Ground,Belgrade,Serbia,field,Serbia,T20,completed
1323552,2022-07-09,Bulgaria,Serbia,Lisicji Jarak Cricket Ground,Belgrade,Serbia,field,Bulgaria,T20,completed
1327228,2022-09-20,Pakistan,England,"National Stadium, Karachi",Karachi,England,field,England,T20,completed
1327229,2022-09-22,England,Pakistan,"National Stadium, Karachi",Karachi,England,bat,Pakistan,T20,completed
1327230,2022-09-23,England,Pakistan,"National Stadium, Karachi",Karachi,Pakistan,field,England,T20,completed
1327231,2022-09-25,Pakistan,England,"National Stadium, Karachi",Karachi,England,field,Pakistan,T20,completed
1327232,2022-09-28,Pakistan,England,"Gaddafi Stadium, Lahore",Lahore,England,field,Pakistan,T20,completed
1327233,2022-09-30,Pakistan,England,"Gaddafi Stadium, Lahore",Lahore,England,field,England,T20,completed
1327234,2022-10-02,England,Pakistan,"Gaddafi Stadium, Lahore",Lahore,Pakistan,field,England,T20,completed
1327270,2022-08-28,Pakistan,India,Dubai International Cricket Stadium,Dubai,India,field,India,T20,completed
1327272,2022-08-31,India,Hong Kong,Dubai International Cricket Stadium,Dubai,Hong Kong,field,India,T20,completed
1327273,2022-09-01,Bangladesh,Sri Lanka,Dubai International Cricket Stadium,Dubai,Sri Lanka,field,Sri Lanka,T20,completed
1327274,2022-09-02,Pakistan,Hong Kong,Sharjah Cricket Stadium,Sharjah,Hong Kong,field,Pakistan,T20,completed
1327276,2022-09-04,India,Pakistan,Dubai International Cricket Stadium,Dubai,Pakistan,field,Pakistan,T20,completed
1327277,2022-09-06,India,Sri Lanka,Dubai International Cricket Stadium,Dubai,Sri Lanka,field,Sri Lanka,T20,completed
1327280,2022-09-09,Pakistan,Sri Lanka,Dubai International Cricket Stadium,Dubai,Sri Lanka,field,Sri Lanka,T20,completed
1327281,2022-09-11,Sri Lanka,Pakistan,Dubai International Cricket Stadium,Dubai,Pakistan,field,Sri Lanka,T20,completed
1327503,2022-09-20,India,Australia,"Punjab Cricket Association IS Bindra Stadium, Mohali, Chandigarh",Chandigarh,Australia,field,Australia,T20,completed
1327504,2022-09-23,Australia,India,"Vidarbha Cricket Association Stadium, Jamtha, Nagpur",Nagpur,India,field,India,T20,completed
1327505,2022-09-25,Australia,India,"Rajiv Gandhi International Stadium, Uppal, Hyderabad",Hyderabad,India,field,India,T20,completed
1327506,2022-09-28,South Africa,India,"Greenfield International Stadium, Thiruvananthapuram",Thiruvananthapuram,India,field,India,T20,completed
1327507,2022-10-02,India,South Africa,"Barsapara Cricket Stadium, Guwahati",Guwahati,South Africa,field,India,T20,completed
1327508,2022-10-04,South Africa,India,"Holkar Cricket Stadium, Indore",Indore,India,field,South Africa,T20,completed
1328470,2022-08-13,Kuwait,Bahrain,Al Amerat Cricket Ground Oman Cricket (Ministry Turf 1),Al Amarat,Bahrain,field,Kuwait,T20,completed
1328471,2022-08-14,Bahrain,Kuwait,Al Amerat Cricket Ground Oman Cricket (Ministry Turf 1),Al Amarat,Kuwait,field,Kuwait,T20,completed
1328473,2022-08-17,Kuwait,Bahrain,Al Amerat Cricket Ground Oman Cricket (Ministry Turf 1),Al Amarat,Bahrain,field,Kuwait,T20,completed
1328474,2022-08-25,Kenya,Nepal,"Gymkhana Club Ground, Nairobi",Nairobi,Nepal,field,Nepal,T20,completed
1328476,2022-08-28,Kenya,Nepal,"Gymkhana Club Ground, Nairobi",Nairobi,Kenya,bat,Nepal,T20,completed
1328477,2022-08-29,Kenya,Nepal,"Gymkhana Club Ground, Nairobi",Nairobi,Kenya,bat,Kenya,T20,completed
1328478,2022-08-30,Nepal,Kenya,"Gymkhana Club Ground, Nairobi",Nairobi,Nepal,bat,Nepal,T20,completed
1328849,2022-08-20,Hong Kong,Singapore,Al Amerat Cricket Ground Oman Cricket (Ministry Turf 1),Al Amarat,Singapore,field,Hong Kong,T20,completed
1328850,2022-08-21,United Arab Emirates,Kuwait,Al Amerat Cricket Ground Oman Cricket (Ministry Turf 1),Al Amarat,Kuwait,field,Kuwait,T20,completed
1328851,2022-08-22,United Arab Emirates,Singapore,Al Amerat Cricket Ground Oman Cricket (Ministry Turf 1),Al Amarat,Singapore,field,United Arab Emirates,T20,completed
1328852,2022-08-23,Kuwait,Hong Kong,Al Amerat Cricket Ground Oman Cricket (Ministry Turf 1),Al Amarat,Hong Kong,field,Hong Kong,T20,completed
1328853,2022-08-24,Singapore,Kuwait,Al Amerat Cricket Ground Oman Cricket (Ministry Turf 1),Al Amarat,Singapore,bat,Kuwait,T20,completed
1328854,2022-08-24,United Arab Emirates,Hong Kong,Al Amerat Cricket Ground Oman Cricket (Ministry Turf 1),Al Amarat,Hong Kong,field,Hong Kong,T20,completed
1332496,2022-09-15,Botswana,Uganda,"Willowmoore Park, Benoni",Benoni,Uganda,field,Uganda,T20,completed
1332497,2022-09-17,Kenya,Tanzania,"Willowmoore Park, Benoni",Benoni,Kenya,bat,Tanzania,T20,completed
1332498,2022-09-16,Ghana,Mozambique,"Willowmoore Park, Benoni",Benoni,Ghana,bat,Ghana,T20,completed
1332501,2022-09-20,Ghana,Uganda,"Willowmoore Park, Benoni",Benoni,Ghana,bat,Uganda,T20,completed
1332503,2022-09-18,Uganda,Mozambique,"Willowmoore Park, Benoni",Benoni,Uganda,bat,Uganda,T20,completed
1332504,2022-09-19,Botswana,Mozambique,"Willowmoore Park, Benoni",Benoni,Mozambique,field,Botswana,T20,completed
1332505,2022-09-20,Tanzania,Malawi,"Willowmoore Park, Benoni",Benoni,Malawi,field,Tanzania,T20,completed
1332506,2022-09-19,Cameroon,Kenya,"Willowmoore Park, Benoni",Benoni,Kenya,field,Kenya,T20,completed
1332507,2022-09-18,Botswana,Ghana,"Willowmoore Park, Benoni",Benoni,Ghana,field,Botswana,T20,completed
1332508,2022-09-21,Kenya,Uganda,"Willowmoore Park, Benoni",Benoni,Uganda,field,Uganda,T20,completed
1332509,2022-09-21,Botswana,Tanzania,"Willowmoore Park, Benoni",Benoni,Tanzania,field,Tanzania,T20,completed
1332510,2022-09-22,Tanzania,Uganda,"Willowmoore Park, Benoni",Benoni,Uganda,field,Uganda,T20,completed
1333920,2022-09-10,Cook Islands,Fiji,"Independence Park, Port Vila",Port Vila,Cook Islands,bat,Fiji,T20,completed
1333921,2022-09-10,Samoa,Vanuatu,"Independence Park, Port Vila",Port Vila,Samoa,bat,Vanuatu,T20,completed
1333922,2022-09-11,Vanuatu,Cook Islands,"Independence Park, Port Vila",Port Vila,Vanuatu,bat,Cook Islands,T20,completed
1333923,2022-09-11,Samoa,Fiji,"Independence Park, Port Vila",Port Vila,Samoa,bat,Fiji,T20,completed
1333924,2022-09-13,Samoa,Cook Islands,"Independence Park, Port Vila",Port Vila,Cook Islands,field,Cook Islands,T20,completed
1333925,2022-09-13,Vanuatu,Fiji,"Independence Park, Port Vila",Port Vila,Fiji,field,Vanuatu,T20,completed
1333926,2022-09-14,Samoa,Vanuatu,"Independence Park, Port Vila",Port Vila,Vanuatu,field,Vanuatu,T20,completed
1333927,2022-09-14,Fiji,Cook Islands,"Independence Park, Port Vila",Port Vila,Cook Islands,field,Cook Islands,T20,completed
1333928,2022-09-15,Fiji,Samoa,"Independence Park, Port Vila",Port Vila,Samoa,field,Fiji,T20,completed
1333929,2022-09-15,Vanuatu,Cook Islands,"Independence Park, Port Vila",Port Vila,Cook Islands,field,Vanuatu,T20,completed
1333931,2022-10-10,Japan,Indonesia,Sano International Cricket Ground,Sano,Japan,bat,Japan,T20,completed
1333932,2022-10-11,Japan,Indonesia,Sano International Cricket Ground,Sano,Japan,bat,Indonesia,T20,completed
1336031,2022-09-25,Bangladesh,United Arab Emirates,Dubai International Cricket Stadium,Dubai,United Arab Emirates,field,Bangladesh,T20,completed
1336032,2022-09-27,Bangladesh,United Arab Emirates,Dubai International Cricket Stadium,Dubai,United Arab Emirates,field,Bangladesh,T20,completed
1336048,2023-08-30,New Zealand,England,"Riverside Ground, Chester-le-Street",Chester-le-Street,England,field,England,T20,completed
1336049,2023-09-01,England,New Zealand,"Old Trafford, Manchester",Manchester,England,bat,England,T20,completed
1336050,2023-09-03,New Zealand,England,"Edgbaston, Birmingham",Birmingham,New Zealand,bat,New Zealand,T20,completed
1336051,2023-09-05,England,New Zealand,"Trent Bridge, Nottingham",Nottingham,England,bat,New Zealand,T20,completed
1336951,2022-10-15,Indonesia,South Korea,Sano International Cricket Ground,Sano,South Korea,field,Indonesia,T20,completed
1336952,2022-10-15,Japan,South Korea,Sano International Cricket Ground,Sano,Japan,bat,Japan,T20,completed
1336953,2022-10-16,Indonesia,Japan,Sano International Cricket Ground,Sano,Indonesia,bat,Japan,T20,completed
1336955,2022-10-18,Japan,Indonesia,Sano International Cricket Ground,Sano,Japan,bat,Indonesia,T20,completed
1336956,2022-10-18,South Korea,Indonesia,Sano International Cricket Ground,Sano,South Korea,bat,Indonesia,T20,completed
1339205,2022-11-04,Italy,Germany,"Desert Springs Cricket Ground, Almeria",Almeria,Italy,bat,Germany,T20,completed
1339206,2022-11-04,Italy,Germany,"Desert Springs Cricket Ground, Almeria",Almeria,Italy,bat,Germany,T20,completed
1339207,2022-11-05,Italy,Spain,"Desert Springs Cricket Ground, Almeria",Almeria,Italy,bat,Spain,T20,completed
1339208,2022-11-05,Germany,Spain,"Desert Springs Cricket Ground, Almeria",Almeria,Spain,field,Germany,T20,completed
1339209,2022-11-06,Spain,Germany,"Desert Springs Cricket Ground, Almeria",Almeria,Germany,field,Spain,T20,completed
1339210,2022-11-06,Italy,Spain,"Desert Springs Cricket Ground, Almeria",Almeria,Italy,bat,Italy,T20,completed
1339604,2023-03-25,South Africa,West Indies,"SuperSport Park, Centurion",Centurion,West Indies,field,West Indies,T20,completed
1339605,2023-03-26,West Indies,South Africa,"SuperSport Park, Centurion",Centurion,South Africa,field,South Africa,T20,completed
1339606,2023-03-28,West Indies,South Africa,"The Wanderers Stadium, Johannesburg",Johannesburg,South Africa,field,West Indies,T20,completed
1339614,2023-04-14,Pakistan,New Zealand,"Gaddafi Stadium, Lahore",Lahore,Pakistan,bat,Pakistan,T20,completed
1339615,2023-04-15,Pakistan,New Zealand,"Gaddafi Stadium, Lahore",Lahore,Pakistan,bat,Pakistan,T20,completed
1339616,2023-04-17,New Zealand,Pakistan,"Gaddafi Stadium, Lahore",Lahore,New Zealand,bat,New Zealand,T20,completed
1339618,2023-04-24,Pakistan,New Zealand,Rawalpindi Cricket Stadium,Rawalpindi,New Zealand,field,New Zealand,T20,completed
1343740,2022-11-17,Botswana,Rwanda,Gahanga International Cricket Stadium. Rwanda,Kigali City,Rwanda,field,Rwanda,T20,completed
1343741,2022-11-17,Lesotho,Mali,Integrated Polytechnic Regional Centre,Kigali City,Mali,field,Lesotho,T20,completed
1343744,2022-11-18,Rwanda,St Helena,Gahanga International Cricket Stadium. Rwanda,Kigali City,Rwanda,bat,Rwanda,T20,completed
1343745,2022-11-18,Lesotho,Botswana,Integrated Polytechnic Regional Centre,Kigali City,Botswana,field,Botswana,T20,completed
1343749,2022-11-20,Mali,Kenya,Integrated Polytechnic Regional Centre,Kigali City,Mali,bat,Kenya,T20,completed
1343750,2022-11-20,Rwanda,Kenya,Gahanga International Cricket Stadium. Rwanda,Kigali City,Kenya,field,Kenya,T20,completed
1343753,2022-11-21,Kenya,Lesotho,Integrated Polytechnic Regional Centre,Kigali City,Kenya,bat,Kenya,T20,completed
1343756,2022-11-22,Mali,Botswana,Gahanga International Cricket Stadium. Rwanda,Kigali City,Botswana,field,Botswana,T20,completed
1343757,2022-11-22,St Helena,Lesotho,Integrated Polytechnic Regional Centre,Kigali City,Lesotho,field,St Helena,T20,completed
1343760,2022-11-24,St Helena,Malawi,Gahanga International Cricket Stadium. Rwanda,Kigali City,Malawi,field,Malawi,T20,completed
1343761,2022-11-24,Rwanda,Seychelles,Integrated Polytechnic Regional Centre,Kigali City,Rwanda,bat,Rwanda,T20,completed
1343762,2022-11-24,Botswana,Kenya,Gahanga International Cricket Stadium. Rwanda,Kigali City,Botswana,bat,Kenya,T20,completed
1343763,2022-11-24,Mali,Rwanda,Integrated Polytechnic Regional Centre,Kigali City,Rwanda,field,Rwanda,T20,completed
1343764,2022-11-25,Seychelles,Kenya,Gahanga International Cricket Stadium. Rwanda,Kigali City,Seychelles,bat,Kenya,T20,completed
1343768,2022-12-01,Sierra Leone,Tanzania,Gahanga International Cricket Stadium. Rwanda,Kigali City,Tanzania,field,Tanzania,T20,completed
1343770,2022-12-01,Mozambique,Nigeria,Gahanga International Cricket Stadium. Rwanda,Kigali City,Nigeria,field,Nigeria,T20,completed
1343771,2022-12-01,Gambia,Eswatini,Integrated Polytechnic Regional Centre,Kigali City,Eswatini,field,Eswatini,T20,completed
1343772,2022-12-02,Sierra Leone,Nigeria,Gahanga International Cricket Stadium. Rwanda,Kigali City,Nigeria,field,Nigeria,T20,completed
1343773,2022-12-02,Ghana,Mozambique,Integrated Polytechnic Regional Centre,Kigali City,Mozambique,field,Mozambique,T20,completed
1343774,2022-12-02,Cameroon,Sierra Leone,Gahanga International Cricket Stadium. Rwanda,Kigali City,Sierra Leone,field,Sierra Leone,T20,completed
1343775,2022-12-02,Eswatini,Mozambique,Integrated Polytechnic Regional Centre,Kigali City,Mozambique,field,Mozambique,T20,completed
1343776,2022-12-04,Cameroon,Mozambique,Gahanga International Cricket Stadium. Rwanda,Kigali City,Mozambique,field,Mozambique,T20,completed
1343777,2022-12-04,Nigeria,Eswatini,Integrated Polytechnic Regional Centre,Kigali City,Eswatini,field,Nigeria,T20,completed
1343778,2022-12-04,Ghana,Tanzania,Gahanga International Cricket Stadium. Rwanda,Kigali City,Tanzania,field,Tanzania,T20,completed
1343780,2022-12-05,Mozambique,Tanzania,Gahanga International Cricket Stadium. Rwanda,Kigali City,Tanzania,field,Tanzania,T20,completed
1343781,2022-12-05,Sierra Leone,Eswatini,Integrated Polytechnic Regional Centre,Kigali City,Eswatini,field,Sierra Leone,T20,completed
1343782,2022-12-05,Cameroon,Nigeria,Gahanga International Cricket Stadium. Rwanda,Kigali City,Nigeria,field,Nigeria,T20,completed
1343783,2022-12-05,Ghana,Sierra Leone,Integrated Polytechnic Regional Centre,Kigali City,Sierra Leone,field,Sierra Leone,T20,completed
1343784,2022-12-06,Tanzania,Eswatini,Gahanga International Cricket Stadium. Rwanda,Kigali City,Eswatini,field,Tanzania,T20,completed
1343785,2022-12-06,Gambia,Sierra Leone,Integrated Polytechnic Regional Centre,Kigali City,Sierra Leone,field,Sierra Leone,T20,completed
1343786,2022-12-06,Gambia,Tanzania,Gahanga International Cricket Stadium. Rwanda,Kigali City,Tanzania,field,Tanzania,T20,completed
1343788,2022-12-08,Ghana,Gambia,Gahanga International Cricket Stadium. Rwanda,Kigali City,Ghana,bat,Ghana,T20,completed
1343791,2022-12-08,Mozambique,Gambia,Integrated Polytechnic Regional Centre,Kigali City,Mozambique,bat,Mozambique,T20,completed
1343793,2022-12-09,Gambia,Cameroon,Integrated Polytechnic Regional Centre,Kigali City,Gambia,bat,Gambia,T20,completed
1343794,2022-12-09,Ghana,Nigeria,Gahanga International Cricket Stadium. Rwanda,Kigali City,Ghana,bat,Nigeria,T20,completed
1343795,2022-12-09,Tanzania,Cameroon,Integrated Polytechnic Regional Centre,Kigali City,Tanzania,bat,Tanzania,T20,completed
1344782,2022-11-14,Saudi Arabia,Oman,Al Amerat Cricket Ground Oman Cricket (Ministry Turf 1),Al Amarat,Saudi Arabia,bat,Oman,T20,completed
1344783,2022-11-14,Bahrain,Canada,Al Amerat Cricket Ground Oman Cricket (Ministry Turf 1),Al Amarat,Canada,field,Canada,T20,completed
1344784,2022-11-15,Canada,Saudi Arabia,Al Amerat Cricket Ground Oman Cricket (Ministry Turf 1),Al Amarat,Saudi Arabia,field,Canada,T20,completed
1344785,2022-11-15,Oman,Bahrain,Al Amerat Cricket Ground Oman Cricket (Ministry Turf 1),Al Amarat,Bahrain,field,Bahrain,T20,completed
1344786,2022-11-16,Bahrain,Saudi Arabia,Al Amerat Cricket Ground Oman Cricket (Ministry Turf 1),Al Amarat,Saudi Arabia,field,Bahrain,T20,completed
1344787,2022-11-16,Canada,Oman,Al Amerat Cricket Ground Oman Cricket (Ministry Turf 1),Al Amarat,Oman,field,Canada,T20,completed
1344788,2022-11-17,Saudi Arabia,Oman,Al Amerat Cricket Ground Oman Cricket (Ministry Turf 1),Al Amarat,Oman,field,Oman,T20,completed
1344789,2022-11-17,Canada,Bahrain,Al Amerat Cricket Ground Oman Cricket (Ministry Turf 1),Al Amarat,Bahrain,field,Bahrain,T20,completed
1344790,2022-11-19,Canada,Saudi Arabia,Al Amerat Cricket Ground Oman Cricket (Ministry Turf 1),Al Amarat,Saudi Arabia,field,Canada,T20,completed
1344791,2022-11-19,Oman,Bahrain,Al Amerat Cricket Ground Oman Cricket (Ministry Turf 1),Al Amarat,Bahrain,field,Oman,T20,completed
1344792,2022-11-20,Oman,Canada,Al Amerat Cricket Ground Oman Cricket (Ministry Turf 1),Al Amarat,Canada,field,Canada,T20,completed
1344793,2022-11-20,Bahrain,Saudi Arabia,Al Amerat Cricket Ground Oman Cricket (Ministry Turf 1),Al Amarat,Bahrain,bat,Saudi Arabia,T20,completed
1344794,2022-11-21,Saudi Arabia,Bahrain,Al Amerat Cricket Ground Oman Cricket (Ministry Turf 1),Al Amarat,Bahrain,field,Saudi Arabia,T20,completed
1344795,2022-11-21,Oman,Canada,Al Amerat Cricket Ground Oman Cricket (Ministry Turf 1),Al Amarat,Canada,field,Canada,T20,completed
1348323,2023-01-12,Ireland,Zimbabwe,Harare Sports Club,Harare,Zimbabwe,field,Zimbabwe,T20,completed
1348324,2023-01-14,Zimbabwe,Ireland,Harare Sports Club,Harare,Ireland,field,Ireland,T20,completed
1348325,2023-01-15,Ireland,Zimbabwe,Harare Sports Club,Harare,Zimbabwe,field,Zimbabwe,T20,completed
1348640,2023-01-03,India,Sri Lanka,"Wankhede Stadium, Mumbai",Mumbai,Sri Lanka,field,India,T20,completed
1348641,2023-01-05,Sri Lanka,India,"Maharashtra Cricket Association Stadium, Pune",Pune,India,field,Sri Lanka,T20,completed
1348642,2023-01-07,India,Sri Lanka,"Saurashtra Cricket Association Stadium, Rajkot",Rajkot,India,bat,India,T20,completed
1348649,2023-01-27,New Zealand,India,"JSCA International Stadium Complex, Ranchi",Ranchi,India,field,New Zealand,T20,completed
1348650,2023-01-29,New Zealand,India,"Bharat Ratna Shri Atal Bihari Vajpayee Ekana Cricket Stadium, Lucknow",Lucknow,New Zealand,bat,India,T20,completed
1348651,2023-02-01,India,New Zealand,"Narendra Modi Stadium, Ahmedabad",Ahmedabad,India,bat,India,T20,completed
1349124,2022-12-13,Tanzania,Rwanda,"Gahanga International Cricket Stadium, Rwanda",Kigali City,Rwanda,field,Tanzania,T20,completed
1349126,2022-12-14,Uganda,Rwanda,"Gahanga International Cricket Stadium, Rwanda",Kigali City,Rwanda,field,Uganda,T20,completed
1349128,2022-12-15,Uganda,Rwanda,"Gahanga International Cricket Stadium, Rwanda",Kigali City,Uganda,bat,Uganda,T20,completed
1349129,2022-12-15,Uganda,Tanzania,"Gahanga International Cricket Stadium, Rwanda",Kigali City,Tanzania,field,Uganda,T20,completed
1349131,2022-12-16,Rwanda,Tanzania,"Gahanga International Cricket Stadium, Rwanda",Kigali City,Tanzania,field,Rwanda,T20,completed
1349132,2022-12-18,Uganda,Tanzania,"Gahanga International Cricket Stadium, Rwanda",Kigali City,Uganda,bat,Uganda,T20,completed
1349133,2022-12-18,Rwanda,Tanzania,"Gahanga International Cricket Stadium, Rwanda",Kigali City,Rwanda,bat,Tanzania,T20,completed
1349134,2022-12-19,Uganda,Tanzania,"Gahanga International Cricket Stadium, Rwanda",Kigali City,Uganda,bat,Tanzania,T20,completed
1349136,2022-12-20,Tanzania,Rwanda,"Gahanga International Cricket Stadium, Rwanda",Kigali City,Tanzania,bat,Tanzania,T20,completed
1349137,2022-12-20,Rwanda,Uganda,"Gahanga International Cricket Stadium, Rwanda",Kigali City,Uganda,field,Uganda,T20,completed
1349138,2022-12-22,Tanzania,Rwanda,"Gahanga International Cricket Stadium, Rwanda",Kigali City,Rwanda,field,Tanzania,T20,completed
1349139,2022-12-22,Uganda,Tanzania,"Gahanga International Cricket Stadium, Rwanda",Kigali City,Uganda,bat,Uganda,T20,completed
1349140,2022-12-23,Uganda,Rwanda,"Gahanga International Cricket Stadium, Rwanda",Kigali City,Rwanda,field,Uganda,T20,completed
1349379,2022-12-15,Singapore,Qatar,"UKM-YSD Cricket Oval, Bangi",Bangi,Singapore,bat,Qatar,T20,completed
1349380,2022-12-16,Qatar,Malaysia,"UKM-YSD Cricket Oval, Bangi",Bangi,Qatar,bat,Malaysia,T20,completed
1349382,2022-12-18,Bahrain,Qatar,"UKM-YSD Cricket Oval, Bangi",Bangi,Qatar,field,Bahrain,T20,completed
1349383,2022-12-18,Malaysia,Singapore,"UKM-YSD Cricket Oval, Bangi",Bangi,Malaysia,bat,Malaysia,T20,completed
1349384,2022-12-19,Singapore,Qatar,"UKM-YSD Cricket Oval, Bangi",Bangi,Qatar,field,Qatar,T20,completed
1349385,2022-12-19,Bahrain,Malaysia,"UKM-YSD Cricket Oval, Bangi",Bangi,Bahrain,bat,Malaysia,T20,completed
1349386,2022-12-21,Singapore,Bahrain,"UKM-YSD Cricket Oval, Bangi",Bangi,Bahrain,field,Bahrain,T20,completed
1349388,2022-12-22,Malaysia,Singapore,"UKM-YSD Cricket Oval, Bangi",Bangi,Malaysia,bat,Malaysia,T20,completed
1349390,2022-12-23,Singapore,Qatar,"UKM-YSD Cricket Oval, Bangi",Bangi,Qatar,field,Qatar,T20,completed
1349391,2022-12-23,Malaysia,Bahrain,"UKM-YSD Cricket Oval, Bangi",Bangi,Malaysia,bat,Bahrain,T20,completed
1351400,2023-03-09,England,Bangladesh,"Zahur Ahmed Chowdhury Stadium, Chattogram",Chattogram,Bangladesh,field,Bangladesh,T20,completed
1351401,2023-03-12,England,Bangladesh,"Shere Bangla National Stadium, Mirpur",Dhaka,Bangladesh,field,Bangladesh,T20,completed
1351402,2023-03-14,Bangladesh,England,"Shere Bangla National Stadium, Mirpur",Dhaka,England,field,Bangladesh,T20,completed
1354800,2023-02-25,Isle of Man,Spain,La Manga Club Bottom Ground,Murcia,Isle of Man,bat,Spain,T20,completed
1354801,2023-02-25,Isle of Man,Spain,La Manga Club Bottom Ground,Murcia,Isle of Man,bat,Spain,T20,completed
1354802,2023-02-26,Isle of Man,Spain,La Manga Club Bottom Ground,Murcia,Spain,field,Spain,T20,completed
1354803,2023-02-26,Isle of Man,Spain,La Manga Club Bottom Ground,Murcia,Spain,field,Spain,T20,completed
1355720,2023-03-27,Bangladesh,Ireland,"Zahur Ahmed Chowdhury Stadium, Chattogram",Chattogram,Ireland,field,Bangladesh,T20,completed
1355721,2023-03-29,Bangladesh,Ireland,"Zahur Ahmed Chowdhury Stadium, Chattogram",Chattogram,Ireland,field,Bangladesh,T20,completed
1355722,2023-03-31,Bangladesh,Ireland,"Zahur Ahmed Chowdhury Stadium, Chattogram",Chattogram,Bangladesh,bat,Ireland,T20,completed
1359786,2023-02-21,Argentina,Bermuda,"St Albans Club, Buenos Aires",Buenos Aires,Argentina,bat,Bermuda,T20,completed
1359787,2023-02-22,Bermuda,Argentina,"Belgrano Athletic Club Ground, Buenos Aires",Buenos Aires,Argentina,field,Bermuda,T20,completed
1359788,2023-02-28,Cayman Islands,Bahamas,"St Albans Club, Buenos Aires",Buenos Aires,Cayman Islands,bat,Cayman Islands,T20,completed
1359789,2023-02-28,Bermuda,Panama,"Belgrano Athletic Club Ground, Buenos Aires",Buenos Aires,Bermuda,bat,Bermuda,T20,completed
1359792,2023-02-26,Panama,Bahamas,"Hurlingham Club Ground, Buenos Aires",Buenos Aires,Panama,bat,Bahamas,T20,completed
1359793,2023-02-26,Bermuda,Argentina,"Belgrano Athletic Club Ground, Buenos Aires",Buenos Aires,Bermuda,bat,Bermuda,T20,completed
1359794,2023-02-25,Panama,Argentina,"Hurlingham Club Ground, Buenos Aires",Buenos Aires,Argentina,field,Panama,T20,completed
1359795,2023-02-25,Bermuda,Cayman Islands,"St Albans Club, Buenos Aires",Buenos Aires,Bermuda,bat,Bermuda,T20,completed
1359798,2023-03-02,Argentina,Bahamas,"St Albans Club, Buenos Aires",Buenos Aires,Argentina,bat,Argentina,T20,completed
1359799,2023-03-02,Cayman Islands,Panama,"Hurlingham Club Ground, Buenos Aires",Buenos Aires,Cayman Islands,bat,Cayman Islands,T20,completed
1359800,2023-03-04,Bahamas,Bermuda,"Hurlingham Club Ground, Buenos Aires",Buenos Aires,Bermuda,field,Bermuda,T20,completed
1359802,2023-03-04,Argentina,Cayman Islands,"Belgrano Athletic Club Ground, Buenos Aires",Buenos Aires,Argentina,bat,Cayman Islands,T20,completed
1361770,2023-03-08,Kuwait,Malaysia,"Mission Road Ground, Mong Kok, Hong Kong",Mong Kok,Malaysia,field,Malaysia,T20,completed
1361771,2023-03-08,Hong Kong,Bahrain,"Mission Road Ground, Mong Kok, Hong Kong",Mong Kok,Bahrain,field,Hong Kong,T20,completed
1361772,2023-03-09,Malaysia,Bahrain,"Mission Road Ground, Mong Kok, Hong Kong",Mong Kok,Bahrain,field,Malaysia,T20,completed
1361773,2023-03-09,Hong Kong,Kuwait,"Mission Road Ground, Mong Kok, Hong Kong",Mong Kok,Kuwait,field,Hong Kong,T20,completed
1361774,2023-03-11,Kuwait,Bahrain,"Mission Road Ground, Mong Kok, Hong Kong",Mong Kok,Bahrain,field,Bahrain,T20,completed
1361775,2023-03-11,Malaysia,Hong Kong,"Mission Road Ground, Mong Kok, Hong Kong",Mong Kok,Hong Kong,field,Hong Kong,T20,completed
1361776,2023-03-12,Bahrain,Kuwait,"Mission Road Ground, Mong Kok, Hong Kong",Mong Kok,Kuwait,field,Kuwait,T20,completed
1362242,2023-03-12,Hong Kong,Malaysia,"Mission Road Ground, Mong Kok, Hong Kong",Mong Kok,Malaysia,field,Hong Kong,T20,completed
1367722,2023-04-10,Portugal,Gibraltar,Santarem Cricket Ground,Albergaria,Portugal,bat,Portugal,T20,completed
1367723,2023-04-11,Gibraltar,Portugal,Santarem Cricket Ground,Albergaria,Gibraltar,bat,Portugal,T20,completed
1367724,2023-04-11,Gibraltar,Portugal,Santarem Cricket Ground,Albergaria,Gibraltar,bat,Portugal,T20,completed
1367725,2023-05-04,Gibraltar,Portugal,Europa Sports Complex,Gibraltar,Gibraltar,bat,Portugal,T20,completed
1367726,2023-05-04,Portugal,Malta,Europa Sports Complex,Gibraltar,Malta,field,Portugal,T20,completed
1367727,2023-05-05,Gibraltar,Malta,Europa Sports Complex,Gibraltar,Gibraltar,bat,Gibraltar,T20,completed
1367728,2023-05-06,Gibraltar,Portugal,Europa Sports Complex,Gibraltar,Gibraltar,bat,Portugal,T20,completed
1367729,2023-05-05,Portugal,Malta,Europa Sports Complex,Gibraltar,Portugal,bat,Portugal,T20,completed
1367730,2023-05-06,Gibraltar,Malta,Europa Sports Complex,Gibraltar,Gibraltar,bat,Gibraltar,T20,completed
1367731,2023-05-07,Malta,Gibraltar,Europa Sports Complex,Gibraltar,Malta,bat,Malta,T20,completed
1367732,2023-05-07,Gibraltar,Portugal,Europa Sports Complex,Gibraltar,Gibraltar,bat,Portugal,T20,completed
1367733,2023-05-06,Malta,Portugal,Europa Sports Complex,Gibraltar,Malta,bat,Portugal,T20,completed
1370782,2023-05-18,Norway,Denmark,"Svanholm Park, Brondby",Brondby,Norway,bat,Denmark,T20,completed
1370783,2023-05-18,Denmark,Finland,"Svanholm Park, Brondby",Brondby,Denmark,bat,Denmark,T20,completed
1370785,2023-05-19,Denmark,Sweden,"Svanholm Park, Brondby",Brondby,Sweden,field,Sweden,T20,completed
1370787,2023-05-19,Finland,Denmark,"Svanholm Park, Brondby",Brondby,Finland,bat,Denmark,T20,completed
1370790,2023-05-20,Finland,Norway,"Solvangs Park, Glostrup",Copenhagen,Finland,bat,Norway,T20,completed
1373568,2023-08-30,Australia,South Africa,"Kingsmead, Durban",Durban,South Africa,field,Australia,T20,completed
1373569,2023-09-01,South Africa,Australia,"Kingsmead, Durban",Durban,Australia,field,Australia,T20,completed
1373570,2023-09-03,South Africa,Australia,"Kingsmead, Durban",Durban,South Africa,bat,Australia,T20,completed
1373579,2023-12-12,England,West Indies,"Kensington Oval, Bridgetown, Barbados",Bridgetown,West Indies,field,West Indies,T20,completed
1373580,2023-12-14,West Indies,England,"National Cricket Stadium, St George's, Grenada",St George's,England,field,West Indies,T20,completed
1373581,2023-12-16,West Indies,England,"National Cricket Stadium, St George's, Grenada",St George's,England,field,England,T20,completed
1373582,2023-12-19,England,West Indies,"Brian Lara Stadium, Tarouba, Trinidad",Tarouba,West Indies,field,England,T20,completed
1373583,2023-12-21,England,West Indies,"Brian Lara Stadium, Tarouba, Trinidad",Tarouba,West Indies,field,West Indies,T20,completed
1375850,2024-02-09,Australia,West Indies,"Bellerive Oval, Hobart",Hobart,West Indies,field,Australia,T20,completed
1375851,2024-02-11,Australia,West Indies,Adelaide Oval,Adelaide,West Indies,field,Australia,T20,completed
1375852,2024-02-13,West Indies,Australia,Perth Stadium,Perth,West Indies,bat,West Indies,T20,completed
1377727,2023-08-17,New Zealand,United Arab Emirates,Dubai International Cricket Stadium,Dubai,United Arab Emirates,field,New Zealand,T20,completed
1377728,2023-08-19,New Zealand,United Arab Emirates,Dubai International Cricket Stadium,Dubai,United Arab Emirates,field,United Arab Emirates,T20,completed
1377729,2023-08-20,New Zealand,United Arab Emirates,Dubai International Cricket Stadium,Dubai,United Arab Emirates,field,New Zealand,T20,completed
1379575,2023-06-17,Botswana,Uganda,"Gymkhana Club Ground, Nairobi",Nairobi,Botswana,bat,Uganda,T20,completed
1379576,2023-06-17,Rwanda,Kenya,"Gymkhana Club Ground, Nairobi",Nairobi,Rwanda,bat,Kenya,T20,completed
1379577,2023-06-10,Kenya,Uganda,"Gymkhana Club Ground, Nairobi",Nairobi,Kenya,bat,Kenya,T20,completed
1379578,2023-06-11,Rwanda,Uganda,"Gymkhana Club Ground, Nairobi",Nairobi,Rwanda,bat,Uganda,T20,completed
1379579,2023-06-18,Botswana,Rwanda,"Gymkhana Club Ground, Nairobi",Nairobi,Botswana,bat,Rwanda,T20,completed
1379580,2023-06-11,Botswana,Kenya,"Gymkhana Club Ground, Nairobi",Nairobi,Botswana,bat,Kenya,T20,completed
1379581,2023-06-18,Kenya,Uganda,"Gymkhana Club Ground, Nairobi",Nairobi,Kenya,bat,Uganda,T20,completed
1379582,2023-06-14,Rwanda,Kenya,"Gymkhana Club Ground, Nairobi",Nairobi,Rwanda,bat,Kenya,T20,completed
1379583,2023-06-14,Uganda,Botswana,"Gymkhana Club Ground, Nairobi",Nairobi,Uganda,bat,Uganda,T20,completed
1379584,2023-06-15,Rwanda,Uganda,"Gymkhana Club Ground, Nairobi",Nairobi,Uganda,field,Uganda,T20,completed
1379585,2023-06-19,Botswana,Kenya,"Gymkhana Club Ground, Nairobi",Nairobi,Botswana,bat,Kenya,T20,completed
1379586,2023-06-13,Rwanda,Botswana,"Gymkhana Club Ground, Nairobi",Nairobi,Botswana,field,Rwanda,T20,completed
1379587,2023-06-19,Uganda,Rwanda,"Gymkhana Club Ground, Nairobi",Nairobi,Uganda,bat,Uganda,T20,completed
1379589,2023-06-13,Uganda,Kenya,"Gymkhana Club Ground, Nairobi",Nairobi,Uganda,bat,Uganda,T20,completed
1379590,2023-06-15,Botswana,Kenya,"Gymkhana Club Ground, Nairobi",Nairobi,Botswana,bat,Botswana,T20,completed
1379592,2023-06-21,Uganda,Kenya,"Gymkhana Club Ground, Nairobi",Nairobi,Uganda,bat,Uganda,T20,completed
1380583,2023-06-10,Belgium,Germany,Bayer Uerdingen Cricket Ground,Krefeld,Germany,field,Germany,T20,completed
1380584,2023-06-11,Belgium,Germany,Bayer Uerdingen Cricket Ground,Krefeld,Germany,field,Germany,T20,completed
1380587,2023-06-11,Hungary,Czech Republic,"Scott Page Field, Vinor",Prague,Hungary,bat,Czech Republic,T20,completed
1381217,2023-08-03,West Indies,India,"Brian Lara Stadium, Tarouba, Trinidad",Tarouba,West Indies,bat,West Indies,T20,completed
1381218,2023-08-06,India,West Indies,"Providence Stadium, Guyana",Providence,India,bat,West Indies,T20,completed
1381219,2023-08-08,West Indies,India,"Providence Stadium, Guyana",Providence,West Indies,bat,India,T20,completed
1381220,2023-08-12,West Indies,India,"Central Broward Regional Park Stadium Turf Ground, Lauderhill",Lauderhill,West Indies,bat,India,T20,completed
1381221,2023-08-13,India,West Indies,"Central Broward Regional Park Stadium Turf Ground, Lauderhill",Lauderhill,India,bat,West Indies,T20,completed
1381451,2023-06-29,Austria,Germany,"Sportpark Het Schootsveld, Deventer",Deventer,Germany,field,Germany,T20,completed
1381452,2023-06-30,Austria,Germany,"Sportpark Het Schootsveld, Deventer",Deventer,Germany,field,Germany,T20,completed
1381453,2023-06-23,Serbia,Turkey,"National Sports Academy, Sofia",Sofia,Serbia,bat,Serbia,T20,completed
1381454,2023-06-23,Croatia,Bulgaria,"National Sports Academy, Sofia",Sofia,Bulgaria,field,Bulgaria,T20,completed
1381455,2023-06-23,Bulgaria,Serbia,"National Sports Academy, Sofia",Sofia,Serbia,field,Serbia,T20,completed
1381456,2023-06-24,Croatia,Turkey,"National Sports Academy, Sofia",Sofia,Croatia,bat,Turkey,T20,completed
1381457,2023-06-24,Croatia,Serbia,"National Sports Academy, Sofia",Sofia,Croatia,bat,Serbia,T20,completed
1381458,2023-06-24,Turkey,Bulgaria,"National Sports Academy, Sofia",Sofia,Bulgaria,field,Bulgaria,T20,completed
1383068,2023-07-20,Austria,Jersey,"Grange Cricket Club Ground, Raeburn Place, Edinburgh",Edinburgh,Jersey,field,Jersey,T20,completed
1383069,2023-07-20,Ireland,Italy,"Goldenacre, Edinburgh",Edinburgh,Italy,field,Ireland,T20,completed
1383070,2023-07-20,Scotland,Germany,"Goldenacre, Edinburgh",Edinburgh,Germany,field,Scotland,T20,completed
1383071,2023-07-21,Denmark,Ireland,"Grange Cricket Club Ground, Raeburn Place, Edinburgh",Edinburgh,Denmark,bat,Ireland,T20,completed
1383072,2023-07-21,Austria,Germany,"Goldenacre, Edinburgh",Edinburgh,Austria,bat,Germany,T20,completed
1383073,2023-07-21,Scotland,Jersey,"Grange Cricket Club Ground, Raeburn Place, Edinburgh",Edinburgh,Jersey,field,Scotland,T20,completed
1383074,2023-07-23,Ireland,Austria,"Grange Cricket Club Ground, Raeburn Place, Edinburgh",Edinburgh,Austria,field,Ireland,T20,completed
1383075,2023-07-23,Italy,Jersey,"Goldenacre, Edinburgh",Edinburgh,Jersey,field,Italy,T20,completed
1383076,2023-07-23,Denmark,Germany,"Grange Cricket Club Ground, Raeburn Place, Edinburgh",Edinburgh,Denmark,bat,Germany,T20,completed
1383077,2023-07-24,Scotland,Italy,"Grange Cricket Club Ground, Raeburn Place, Edinburgh",Edinburgh,Italy,field,Scotland,T20,completed
1383078,2023-07-24,Austria,Denmark,"Goldenacre, Edinburgh",Edinburgh,Denmark,field,Denmark,T20,completed
1383079,2023-07-24,Jersey,Ireland,"Goldenacre, Edinburgh",Edinburgh,Ireland,field,Ireland,T20,completed
1383080,2023-07-25,Italy,Denmark,"Grange Cricket Club Ground, Raeburn Place, Edinburgh",Edinburgh,Denmark,field,Italy,T20,completed
1383081,2023-07-25,Scotland,Austria,"Goldenacre, Edinburgh",Edinburgh,Austria,field,Scotland,T20,completed
1383082,2023-07-25,Jersey,Germany,"Grange Cricket Club Ground, Raeburn Place, Edinburgh",Edinburgh,Germany,field,Jersey,T20,completed
1383083,2023-07-27,Scotland,Denmark,"Grange Cricket Club Ground, Raeburn Place, Edinburgh",Edinburgh,Denmark,field,Scotland,T20,completed
1383086,2023-07-28,Germany,Italy,"Grange Cricket Club Ground, Raeburn Place, Edinburgh",Edinburgh,Italy,field,Italy,T20,completed
1383087,2023-07-28,Jersey,Denmark,"Goldenacre, Edinburgh",Edinburgh,Denmark,field,Jersey,T20,completed
1383088,2023-07-28,Scotland,Ireland,"Grange Cricket Club Ground, Raeburn Place, Edinburgh",Edinburgh,Ireland,field,Scotland,T20,completed
1383089,2023-07-22,Japan,Philippines,"Amini Park, Port Moresby",Port Moresby,Japan,bat,Japan,T20,completed
1383090,2023-07-22,Vanuatu,Papua New Guinea,"Amini Park, Port Moresby",Port Moresby,Vanuatu,bat,Papua New Guinea,T20,completed
1383091,2023-07-23,Japan,Vanuatu,"Amini Park, Port Moresby",Port Moresby,Vanuatu,field,Japan,T20,completed
1383093,2023-07-25,Vanuatu,Philippines,"Amini Park, Port Moresby",Port Moresby,Vanuatu,bat,Philippines,T20,completed
1383094,2023-07-25,Japan,Papua New Guinea,"Amini Park, Port Moresby",Port Moresby,Japan,bat,Papua New Guinea,T20,completed
1383095,2023-07-26,Papua New Guinea,Vanuatu,"Amini Park, Port Moresby",Port Moresby,Papua New Guinea,bat,Papua New Guinea,T20,completed
1383096,2023-07-26,Japan,Philippines,"Amini Park, Port Moresby",Port Moresby,Japan,bat,Japan,T20,completed
1383097,2023-07-28,Japan,Vanuatu,"Amini Park, Port Moresby",Port Moresby,Vanuatu,field,Vanuatu,T20,completed
1383098,2023-07-28,Papua New Guinea,Philippines,"Amini Park, Port Moresby",Port Moresby,Philippines,field,Papua New Guinea,T20,completed
1383099,2023-07-29,Philippines,Vanuatu,"Amini Park, Port Moresby",Port Moresby,Philippines,bat,Vanuatu,T20,completed
1383100,2023-07-29,Japan,Papua New Guinea,"Amini Park, Port Moresby",Port Moresby,Japan,bat,Papua New Guinea,T20,completed
1383101,2023-07-26,China,Malaysia,"Bayuemas Oval, Kuala Lumpur",Kuala Lumpur,China,bat,Malaysia,T20,completed
1383102,2023-07-26,Bhutan,Myanmar,"Bayuemas Oval, Kuala Lumpur",Kuala Lumpur,Bhutan,bat,Bhutan,T20,completed
1383103,2023-07-27,China,Thailand,"Bayuemas Oval, Kuala Lumpur",Kuala Lumpur,Thailand,field,Thailand,T20,completed
1383104,2023-07-27,Malaysia,Bhutan,"Bayuemas Oval, Kuala Lumpur",Kuala Lumpur,Bhutan,field,Malaysia,T20,completed
1383105,2023-07-28,Thailand,Myanmar,"Bayuemas Oval, Kuala Lumpur",Kuala Lumpur,Myanmar,field,Thailand,T20,completed
1383106,2023-07-30,Bhutan,China,"Bayuemas Oval, Kuala Lumpur",Kuala Lumpur,Bhutan,bat,Bhutan,T20,completed
1383107,2023-07-30,Malaysia,Myanmar,"Bayuemas Oval, Kuala Lumpur",Kuala Lumpur,Myanmar,field,Malaysia,T20,completed
1383108,2023-07-31,Bhutan,Thailand,"Bayuemas Oval, Kuala Lumpur",Kuala Lumpur,Thailand,field,Thailand,T20,completed
1383109,2023-07-31,Myanmar,China,"Bayuemas Oval, Kuala Lumpur",Kuala Lumpur,China,field,China,T20,completed
1383110,2023-08-01,Thailand,Malaysia,"Bayuemas Oval, Kuala Lumpur",Kuala Lumpur,Malaysia,field,Malaysia,T20,completed
1384582,2023-07-10,France,Malta,Marsa Sports Club,Marsa,Malta,field,France,T20,completed
1384583,2023-07-10,Malta,France,Marsa Sports Club,Marsa,Malta,bat,Malta,T20,completed
1384584,2023-07-11,Malta,Luxembourg,Marsa Sports Club,Marsa,Luxembourg,field,Malta,T20,completed
1384585,2023-07-11,France,Luxembourg,Marsa Sports Club,Marsa,France,bat,France,T20,completed
1384586,2023-07-12,Malta,Luxembourg,Marsa Sports Club,Marsa,Malta,bat,Luxembourg,T20,completed
1384587,2023-07-12,Luxembourg,France,Marsa Sports Club,Marsa,Luxembourg,bat,France,T20,completed
1384588,2023-07-12,France,Malta,Marsa Sports Club,Marsa,France,bat,France,T20,completed
1384589,2023-07-13,Luxembourg,Malta,Marsa Sports Club,Marsa,Malta,field,Malta,T20,completed
1384590,2023-07-13,Romania,Switzerland,Marsa Sports Club,Marsa,Switzerland,field,Switzerland,T20,completed
1384591,2023-07-13,France,Romania,Marsa Sports Club,Marsa,France,bat,France,T20,completed
1384592,2023-07-14,Luxembourg,Switzerland,Marsa Sports Club,Marsa,Switzerland,field,Switzerland,T20,completed
1384593,2023-07-14,Malta,Romania,Marsa Sports Club,Marsa,Malta,bat,Malta,T20,completed
1384594,2023-07-14,France,Switzerland,Marsa Sports Club,Marsa,France,bat,Switzerland,T20,completed
1384595,2023-07-15,Romania,Luxembourg,Marsa Sports Club,Marsa,Romania,bat,Luxembourg,T20,completed
1384596,2023-07-15,Malta,Switzerland,Marsa Sports Club,Marsa,Switzerland,field,Switzerland,T20,completed
1384597,2023-07-15,France,Luxembourg,Marsa Sports Club,Marsa,France,bat,Luxembourg,T20,completed
1384598,2023-07-16,France,Malta,Marsa Sports Club,Marsa,France,bat,Malta,T20,completed
1384599,2023-07-16,Luxembourg,Romania,Marsa Sports Club,Marsa,Romania,field,Romania,T20,completed
1384600,2023-07-16,Malta,Switzerland,Marsa Sports Club,Marsa,Malta,bat,Switzerland,T20,completed
1384634,2023-08-18,Ireland,India,"Malahide, Dublin",Dublin,India,field,India,T20,completed
1384637,2023-08-20,India,Ireland,"Malahide, Dublin",Dublin,Ireland,field,India,T20,completed
1385688,2024-05-25,England,Pakistan,"Edgbaston, Birmingham",Birmingham,Pakistan,field,England,T20,completed
1385690,2024-05-30,Pakistan,England,"Kennington Oval, London",London,England,field,England,T20,completed
1385697,2024-09-11,Australia,England,"The Rose Bowl, Southampton",Southampton,England,field,Australia,T20,completed
1385698,2024-09-13,Australia,England,"Sophia Gardens, Cardiff",Cardiff,England,field,England,T20,completed
1387243,2023-08-14,Guernsey,Germany,"Sportpark Het Schootsveld, Deventer",Deventer,Germany,field,Germany,T20,completed
1387244,2023-08-14,Germany,Guernsey,"Sportpark Het Schootsveld, Deventer",Deventer,Germany,bat,Guernsey,T20,completed
1387245,2023-08-15,Guernsey,Germany,"Sportpark Het Schootsveld, Deventer",Deventer,Guernsey,bat,Guernsey,T20,completed
1387598,2023-12-12,India,South Africa,"St George's Park, Gqeberha",Gqeberha,South Africa,field,South Africa,T20,completed
1387599,2023-12-14,India,South Africa,"The Wanderers Stadium, Johannesburg",Johannesburg,South Africa,field,India,T20,completed
1388213,2023-12-27,New Zealand,Bangladesh,"McLean Park, Napier",Napier,Bangladesh,field,Bangladesh,T20,completed
1388215,2023-12-31,Bangladesh,New Zealand,"Bay Oval, Mount Maunganui",Mount Maunganui,New Zealand,field,New Zealand,T20,completed
1388216,2024-01-12,New Zealand,Pakistan,"Eden Park, Auckland",Auckland,Pakistan,field,New Zealand,T20,completed
1388217,2024-01-14,New Zealand,Pakistan,"Seddon Park, Hamilton",Hamilton,Pakistan,field,New Zealand,T20,completed
1388218,2024-01-17,New Zealand,Pakistan,"University Oval, Dunedin",Dunedin,Pakistan,field,New Zealand,T20,completed
1388219,2024-01-19,Pakistan,New Zealand,"Hagley Oval, Christchurch",Christchurch,New Zealand,field,New Zealand,T20,completed
1388220,2024-01-21,Pakistan,New Zealand,"Hagley Oval, Christchurch",Christchurch,Pakistan,bat,Pakistan,T20,completed
1388223,2024-02-21,New Zealand,Australia,"Sky Stadium, Wellington",Wellington,New Zealand,bat,Australia,T20,completed
1388224,2024-02-23,Australia,New Zealand,"Eden Park, Auckland",Auckland,New Zealand,field,Australia,T20,completed
1388225,2024-02-25,Australia,New Zealand,"Eden Park, Auckland",Auckland,New Zealand,field,Australia,T20,completed
1389391,2023-11-23,Australia,India,"Dr. Y.S. Rajasekhara Reddy ACA-VDCA Cricket Stadium, Visakhapatnam",Visakhapatnam,India,field,India,T20,completed
1389392,2023-11-26,India,Australia,"Greenfield International Stadium, Thiruvananthapuram",Thiruvananthapuram,Australia,field,India,T20,completed
1389393,2023-11-28,India,Australia,"Barsapara Cricket Stadium, Guwahati",Guwahati,Australia,field,Australia,T20,completed
1389394,2023-12-01,India,Australia,"Shaheed Veer Narayan Singh International Stadium, Raipur",Raipur,Australia,field,India,T20,completed
1389395,2023-12-03,India,Australia,"M Chinnaswamy Stadium, Bengaluru",Bengaluru,Australia,field,India,T20,completed
1390167,2023-08-05,Hungary,Croatia,"GB Oval, Szodliget",Szodliget,Hungary,bat,Hungary,T20,completed
1390169,2023-08-06,Croatia,Hungary,"GB Oval, Szodliget",Szodliget,Croatia,bat,Hungary,T20,completed
1391332,2023-08-18,Romania,Malta,"Moara Vlasiei Cricket Ground, Ilfov County",Ilfov County,Romania,bat,Malta,T20,completed
1391333,2023-08-19,Romania,Malta,"Moara Vlasiei Cricket Ground, Ilfov County",Ilfov County,Romania,bat,Malta,T20,completed
1391335,2023-08-19,Malta,Romania,"Moara Vlasiei Cricket Ground, Ilfov County",Ilfov County,Romania,field,Romania,T20,completed
1391336,2023-08-20,Malta,Romania,"Moara Vlasiei Cricket Ground, Ilfov County",Ilfov County,Romania,field,Romania,T20,completed
1391337,2023-08-20,Romania,Malta,"Moara Vlasiei Cricket Ground, Ilfov County",Ilfov County,Malta,field,Romania,T20,completed
1391338,2023-09-30,Estonia,Gibraltar,Europa Sports Complex,Gibraltar,Gibraltar,field,Gibraltar,T20,completed
1391339,2023-09-30,Gibraltar,Estonia,Europa Sports Complex,Gibraltar,Estonia,field,Estonia,T20,completed
1392802,2023-09-15,Saudi Arabia,Kuwait,"West End Park International Cricket Stadium, Doha",Doha,Saudi Arabia,bat,Kuwait,T20,completed
1392803,2023-09-15,Qatar,Bahrain,"West End Park International Cricket Stadium, Doha",Doha,Bahrain,field,Qatar,T20,completed
1392805,2023-09-16,Bahrain,Kuwait,"West End Park International Cricket Stadium, Doha",Doha,Kuwait,field,Kuwait,T20,completed
1392808,2023-09-18,Qatar,Kuwait,"West End Park International Cricket Stadium, Doha",Doha,Kuwait,field,Qatar,T20,completed
1392809,2023-09-18,Saudi Arabia,Bahrain,"West End Park International Cricket Stadium, Doha",Doha,Saudi Arabia,bat,Bahrain,T20,completed
1392811,2023-09-19,Bahrain,Oman,"West End Park International Cricket Stadium, Doha",Doha,Oman,field,Bahrain,T20,completed
1392812,2023-09-20,United Arab Emirates,Qatar,"West End Park International Cricket Stadium, Doha",Doha,United Arab Emirates,bat,United Arab Emirates,T20,completed
1393309,2023-08-20,Uganda,Rwanda,"Gahanga International Cricket Stadium, Rwanda",Kigali City,Uganda,bat,Uganda,T20,completed
1393310,2023-08-20,Tanzania,Uganda,"Gahanga International Cricket Stadium, Rwanda",Kigali City,Tanzania,bat,Uganda,T20,completed
1393311,2023-08-21,Uganda,Tanzania,"Gahanga International Cricket Stadium, Rwanda",Kigali City,Uganda,bat,Tanzania,T20,completed
1393312,2023-08-22,Uganda,Rwanda,"Gahanga International Cricket Stadium, Rwanda",Kigali City,Rwanda,field,Uganda,T20,completed
1393313,2023-08-24,Uganda,Rwanda,"Gahanga International Cricket Stadium, Rwanda",Kigali City,Rwanda,field,Uganda,T20,completed
1393314,2023-08-24,Uganda,Tanzania,"Gahanga International Cricket Stadium, Rwanda",Kigali City,Tanzania,field,Uganda,T20,completed
1393315,2023-08-25,Rwanda,Tanzania,"Gahanga International Cricket Stadium, Rwanda",Kigali City,Tanzania,field,Tanzania,T20,completed
1393316,2023-08-27,Rwanda,Uganda,"Gahanga International Cricket Stadium, Rwanda",Kigali City,Rwanda,bat,Uganda,T20,completed
1393317,2023-08-28,Uganda,Tanzania,"Gahanga International Cricket Stadium, Rwanda",Kigali City,Uganda,bat,Uganda,T20,completed
1393318,2023-08-28,Rwanda,Uganda,"Gahanga International Cricket Stadium, Rwanda",Kigali City,Rwanda,bat,Uganda,T20,completed
1393319,2023-08-30,Uganda,Tanzania,"Gahanga International Cricket Stadium, Rwanda",Kigali City,Tanzania,field,Uganda,T20,completed
1393320,2023-08-31,Rwanda,Uganda,"Gahanga International Cricket Stadium, Rwanda",Kigali City,Rwanda,bat,Uganda,T20,completed
1393328,2023-08-22,Rwanda,Tanzania,"Gahanga International Cricket Stadium, Rwanda",Kigali City,Tanzania,field,Tanzania,T20,completed
1393329,2023-08-25,Uganda,Tanzania,"Gahanga International Cricket Stadium, Rwanda",Kigali City,Uganda,bat,Uganda,T20,completed
1393330,2023-08-27,Tanzania,Rwanda,"Gahanga International Cricket Stadium, Rwanda",Kigali City,Rwanda,field,Tanzania,T20,completed
1393331,2023-08-30,Tanzania,Rwanda,"Gahanga International Cricket Stadium, Rwanda",Kigali City,Rwanda,field,Tanzania,T20,completed
1393332,2023-08-31,Tanzania,Rwanda,"Gahanga International Cricket Stadium, Rwanda",Kigali City,Tanzania,bat,Tanzania,T20,completed
1397437,2023-09-22,Bahrain,United Arab Emirates,"West End Park International Cricket Stadium, Doha",Doha,Bahrain,bat,Bahrain,T20,completed
1397438,2023-09-22,Oman,Kuwait,"West End Park International Cricket Stadium, Doha",Doha,Oman,bat,Oman,T20,completed
1397439,2023-09-23,United Arab Emirates,Oman,"West End Park International Cricket Stadium, Doha",Doha,United Arab Emirates,bat,Oman,T20,completed
1398295,2023-09-19,Malaysia,Hong Kong,"Bayuemas Oval, Kuala Lumpur",Kuala Lumpur,Hong Kong,field,Malaysia,T20,completed
1398296,2023-09-20,Malaysia,Papua New Guinea,"Bayuemas Oval, Kuala Lumpur",Kuala Lumpur,Malaysia,bat,Papua New Guinea,T20,completed
1398298,2023-09-22,Malaysia,Hong Kong,"Bayuemas Oval, Kuala Lumpur",Kuala Lumpur,Malaysia,bat,Malaysia,T20,completed
1398299,2023-09-23,Malaysia,Papua New Guinea,"Bayuemas Oval, Kuala Lumpur",Kuala Lumpur,Malaysia,bat,Papua New Guinea,T20,completed
1398300,2023-09-24,Hong Kong,Papua New Guinea,"Bayuemas Oval, Kuala Lumpur",Kuala Lumpur,Papua New Guinea,field,Papua New Guinea,T20,completed
1399104,2023-09-27,Nepal,Mongolia,Zhejiang University of Technology Cricket Field,Hangzhou,Mongolia,field,Nepal,T20,completed
1399113,2023-10-03,India,Nepal,Zhejiang University of Technology Cricket Field,Hangzhou,India,bat,India,T20,completed
1399114,2023-10-03,Pakistan,Hong Kong,Zhejiang University of Technology Cricket Field,Hangzhou,Hong Kong,field,Pakistan,T20,completed
1399116,2023-10-04,Bangladesh,Malaysia,Zhejiang University of Technology Cricket Field,Hangzhou,Bangladesh,bat,Bangladesh,T20,completed
1399117,2023-10-06,Bangladesh,India,Zhejiang University of Technology Cricket Field,Hangzhou,India,field,India,T20,completed
1399119,2023-10-07,Pakistan,Bangladesh,Zhejiang University of Technology Cricket Field,Hangzhou,Bangladesh,field,Bangladesh,T20,completed
1399138,2023-09-28,Qatar,Kuwait,"West End Park International Cricket Stadium, Doha",Doha,Kuwait,field,Kuwait,T20,completed
1399140,2023-09-29,Maldives,Kuwait,"West End Park International Cricket Stadium, Doha",Doha,Kuwait,field,Kuwait,T20,completed
1399142,2023-10-01,Maldives,Qatar,"West End Park International Cricket Stadium, Doha",Doha,Qatar,field,Qatar,T20,completed
1399143,2023-10-01,Kuwait,Saudi Arabia,"West End Park International Cricket Stadium, Doha",Doha,Kuwait,bat,Saudi Arabia,T20,completed
1399144,2023-10-02,Qatar,Kuwait,"West End Park International Cricket Stadium, Doha",Doha,Kuwait,field,Kuwait,T20,completed
1399145,2023-10-02,Maldives,Saudi Arabia,"West End Park International Cricket Stadium, Doha",Doha,Maldives,bat,Saudi Arabia,T20,completed
1399146,2023-10-04,Maldives,Kuwait,"West End Park International Cricket Stadium, Doha",Doha,Kuwait,field,Kuwait,T20,completed
1399148,2023-10-05,Qatar,Maldives,"West End Park International Cricket Stadium, Doha",Doha,Maldives,field,Qatar,T20,completed
1399149,2023-10-05,Saudi Arabia,Kuwait,"West End Park International Cricket Stadium, Doha",Doha,Kuwait,field,Kuwait,T20,completed
1399150,2023-09-30,Bermuda,Canada,"White Hill Field, Sandys Parish",Hamilton,Canada,field,Bermuda,T20,completed
1399151,2023-09-30,Panama,Cayman Islands,"White Hill Field, Sandys Parish",Hamilton,Panama,bat,Cayman Islands,T20,completed
1399152,2023-10-01,Panama,Bermuda,"White Hill Field, Sandys Parish",Hamilton,Panama,bat,Bermuda,T20,completed
1399153,2023-10-01,Canada,Cayman Islands,"White Hill Field, Sandys Parish",Hamilton,Canada,bat,Canada,T20,completed
1399154,2023-10-03,Canada,Panama,"National Stadium, Hamilton",Hamilton,Canada,bat,Canada,T20,completed
1399155,2023-10-03,Bermuda,Cayman Islands,"National Stadium, Hamilton",Hamilton,Bermuda,bat,Bermuda,T20,completed
1399156,2023-10-04,Canada,Cayman Islands,"National Stadium, Hamilton",Hamilton,Canada,bat,Canada,T20,completed
1399157,2023-10-04,Panama,Bermuda,"National Stadium, Hamilton",Hamilton,Bermuda,field,Bermuda,T20,completed
1399161,2023-10-07,Canada,Bermuda,"National Stadium, Hamilton",Hamilton,Canada,bat,Canada,T20,completed
1400053,2023-10-05,Serbia,Gibraltar,Europa Sports Complex,Gibraltar,Gibraltar,field,Gibraltar,T20,completed
1400054,2023-10-05,Serbia,Gibraltar,Europa Sports Complex,Gibraltar,Serbia,bat,Gibraltar,T20,completed
1400055,2023-10-15,Gibraltar,Luxembourg,Europa Sports Complex,Gibraltar,Luxembourg,field,Gibraltar,T20,completed
1400056,2023-10-15,Luxembourg,Gibraltar,Europa Sports Complex,Gibraltar,Luxembourg,bat,Luxembourg,T20,completed
1400972,2023-10-04,Nigeria,Rwanda,"Tafawa Balewa Square Cricket Oval, Lagos",Lagos,Nigeria,bat,Nigeria,T20,completed
1400973,2023-10-04,Sierra Leone,Ghana,"Tafawa Balewa Square Cricket Oval, Lagos",Lagos,Ghana,field,Ghana,T20,completed
1400974,2023-10-05,Nigeria,Sierra Leone,"Tafawa Balewa Square Cricket Oval, Lagos",Lagos,Sierra Leone,field,Nigeria,T20,completed
1400976,2023-10-06,Nigeria,Ghana,"Tafawa Balewa Square Cricket Oval, Lagos",Lagos,Ghana,field,Nigeria,T20,completed
1400977,2023-10-06,Rwanda,Sierra Leone,"Tafawa Balewa Square Cricket Oval, Lagos",Lagos,Rwanda,bat,Rwanda,T20,completed
1400978,2023-10-07,Rwanda,Nigeria,"Tafawa Balewa Square Cricket Oval, Lagos",Lagos,Nigeria,field,Nigeria,T20,completed
1400980,2023-10-08,Sierra Leone,Nigeria,"Tafawa Balewa Square Cricket Oval, Lagos",Lagos,Sierra Leone,bat,Nigeria,T20,completed
1400981,2023-10-08,Rwanda,Ghana,"Tafawa Balewa Square Cricket Oval, Lagos",Lagos,Rwanda,bat,Rwanda,T20,completed
1400982,2023-10-10,Nigeria,Ghana,"Tafawa Balewa Square Cricket Oval, Lagos",Lagos,Nigeria,bat,Nigeria,T20,completed
1400983,2023-10-10,Sierra Leone,Rwanda,"Tafawa Balewa Square Cricket Oval, Lagos",Lagos,Sierra Leone,bat,Sierra Leone,T20,completed
1400984,2023-10-11,Ghana,Nigeria,"Tafawa Balewa Square Cricket Oval, Lagos",Lagos,Nigeria,field,Nigeria,T20,completed
1400985,2023-10-11,Sierra Leone,Rwanda,"Tafawa Balewa Square Cricket Oval, Lagos",Lagos,Sierra Leone,bat,Rwanda,T20,completed
1400986,2023-10-12,Ghana,Rwanda,"Tafawa Balewa Square Cricket Oval, Lagos",Lagos,Ghana,bat,Rwanda,T20,completed
1400987,2023-10-12,Nigeria,Sierra Leone,"Tafawa Balewa Square Cricket Oval, Lagos",Lagos,Sierra Leone,field,Nigeria,T20,completed
1400988,2023-10-14,Rwanda,Nigeria,"Tafawa Balewa Square Cricket Oval, Lagos",Lagos,Nigeria,field,Nigeria,T20,completed
1400989,2023-10-14,Ghana,Sierra Leone,"Tafawa Balewa Square Cricket Oval, Lagos",Lagos,Sierra Leone,field,Ghana,T20,completed
1400990,2023-10-15,Ghana,Sierra Leone,"Tafawa Balewa Square Cricket Oval, Lagos",Lagos,Ghana,bat,Sierra Leone,T20,completed
1400991,2023-10-15,Nigeria,Rwanda,"Tafawa Balewa Square Cricket Oval, Lagos",Lagos,Nigeria,bat,Nigeria,T20,completed
1403288,2023-10-18,United Arab Emirates,Nepal,Mulpani Cricket Ground,Kathmandu,Nepal,field,Nepal,T20,completed
1403289,2023-10-19,Hong Kong,Nepal,Mulpani Cricket Ground,Kathmandu,Nepal,field,Nepal,T20,completed
1403290,2023-10-21,Nepal,Hong Kong,Mulpani Cricket Ground,Kathmandu,Nepal,bat,Nepal,T20,completed
1403291,2023-10-22,Hong Kong,United Arab Emirates,Mulpani Cricket Ground,Kathmandu,United Arab Emirates,field,United Arab Emirates,T20,completed
1403292,2023-10-23,United Arab Emirates,Nepal,Mulpani Cricket Ground,Kathmandu,Nepal,field,Nepal,T20,completed
1403293,2023-10-25,Hong Kong,United Arab Emirates,Mulpani Cricket Ground,Kathmandu,Hong Kong,bat,Hong Kong,T20,completed
1403294,2023-10-27,Nepal,United Arab Emirates,"Tribhuvan University International Cricket Ground, Kirtipur",Kirtipur,United Arab Emirates,field,United Arab Emirates,T20,completed
1403297,2023-10-18,Chile,Mexico,St Georges Quilmes,St Georges Quilmes,Chile,bat,Mexico,T20,completed
1403301,2023-10-19,Mexico,Argentina,St Georges Quilmes,St Georges Quilmes,Argentina,field,Argentina,T20,completed
1403305,2023-10-20,Chile,Argentina,St Georges Quilmes,St Georges Quilmes,Chile,bat,Argentina,T20,completed
1404390,2023-10-24,Zimbabwe,Namibia,"Wanderers Cricket Ground, Windhoek",Windhoek,Zimbabwe,bat,Namibia,T20,completed
1404391,2023-10-25,Namibia,Zimbabwe,"Wanderers Cricket Ground, Windhoek",Windhoek,Zimbabwe,field,Zimbabwe,T20,completed
1404392,2023-10-27,Namibia,Zimbabwe,"United Cricket Club Ground, Windhoek",Windhoek,Namibia,bat,Zimbabwe,T20,completed
1404393,2023-10-29,Zimbabwe,Namibia,"United Cricket Club Ground, Windhoek",Windhoek,Zimbabwe,bat,Namibia,T20,completed
1404394,2023-10-30,Namibia,Zimbabwe,"United Cricket Club Ground, Windhoek",Windhoek,Zimbabwe,field,Namibia,T20,completed
1405313,2023-10-30,Bahrain,United Arab Emirates,Mulpani Cricket Ground,Kathmandu,United Arab Emirates,field,United Arab Emirates,T20,completed
1405314,2023-10-30,Singapore,Nepal,"Tribhuvan University International Cricket Ground, Kirtipur",Kirtipur,Singapore,bat,Nepal,T20,completed
1405315,2023-10-30,Oman,Malaysia,"Tribhuvan University International Cricket Ground, Kirtipur",Kirtipur,Oman,bat,Oman,T20,completed
1405316,2023-10-30,Hong Kong,Kuwait,Mulpani Cricket Ground,Kathmandu,Kuwait,field,Hong Kong,T20,completed
1405317,2023-10-31,Oman,Singapore,"Tribhuvan University International Cricket Ground, Kirtipur",Kirtipur,Singapore,field,Oman,T20,completed
1405318,2023-10-31,Bahrain,Hong Kong,Mulpani Cricket Ground,Kathmandu,Hong Kong,field,Bahrain,T20,completed
1405319,2023-10-31,Malaysia,Nepal,"Tribhuvan University International Cricket Ground, Kirtipur",Kirtipur,Malaysia,bat,Nepal,T20,completed
1405320,2023-10-31,Kuwait,United Arab Emirates,Mulpani Cricket Ground,Kathmandu,Kuwait,bat,United Arab Emirates,T20,completed
1405321,2023-11-02,Oman,Nepal,"Tribhuvan University International Cricket Ground, Kirtipur",Kirtipur,Nepal,field,Oman,T20,completed
1405322,2023-11-02,United Arab Emirates,Hong Kong,Mulpani Cricket Ground,Kathmandu,Hong Kong,field,United Arab Emirates,T20,completed
1405323,2023-11-02,Malaysia,Singapore,"Tribhuvan University International Cricket Ground, Kirtipur",Kirtipur,Malaysia,bat,Malaysia,T20,completed
1405324,2023-11-02,Bahrain,Kuwait,Mulpani Cricket Ground,Kathmandu,Kuwait,field,Kuwait,T20,completed
1405325,2023-11-03,Bahrain,Oman,"Tribhuvan University International Cricket Ground, Kirtipur",Kirtipur,Bahrain,bat,Oman,T20,completed
1405326,2023-11-03,United Arab Emirates,Nepal,Mulpani Cricket Ground,Kathmandu,United Arab Emirates,bat,Nepal,T20,completed
1407089,2023-11-22,Kenya,Rwanda,"United Cricket Club Ground, Windhoek",Windhoek,Rwanda,field,Kenya,T20,completed
1407090,2023-11-22,Tanzania,Uganda,"Wanderers Cricket Ground, Windhoek",Windhoek,Uganda,field,Uganda,T20,completed
1407091,2023-11-22,Zimbabwe,Namibia,"Wanderers Cricket Ground, Windhoek",Windhoek,Namibia,field,Namibia,T20,completed
1407092,2023-11-23,Nigeria,Kenya,"United Cricket Club Ground, Windhoek",Windhoek,Kenya,field,Kenya,T20,completed
1407093,2023-11-23,Tanzania,Zimbabwe,"United Cricket Club Ground, Windhoek",Windhoek,Zimbabwe,field,Zimbabwe,T20,completed
1407095,2023-11-24,Uganda,Namibia,"Wanderers Cricket Ground, Windhoek",Windhoek,Namibia,field,Namibia,T20,completed
1407096,2023-11-25,Kenya,Tanzania,"Wanderers Cricket Ground, Windhoek",Windhoek,Tanzania,field,Kenya,T20,completed
1407097,2023-11-25,Namibia,Rwanda,"Wanderers Cricket Ground, Windhoek",Windhoek,Rwanda,field,Namibia,T20,completed
1407098,2023-11-26,Tanzania,Nigeria,"United Cricket Club Ground, Windhoek",Windhoek,Tanzania,bat,Nigeria,T20,completed
1407099,2023-11-26,Zimbabwe,Uganda,"United Cricket Club Ground, Windhoek",Windhoek,Uganda,field,Uganda,T20,completed
1407100,2023-11-27,Nigeria,Uganda,"United Cricket Club Ground, Windhoek",Windhoek,Nigeria,bat,Uganda,T20,completed
1407101,2023-11-27,Zimbabwe,Rwanda,"Wanderers Cricket Ground, Windhoek",Windhoek,Rwanda,field,Zimbabwe,T20,completed
1407102,2023-11-27,Kenya,Namibia,"United Cricket Club Ground, Windhoek",Windhoek,Namibia,field,Namibia,T20,completed
1407103,2023-11-28,Namibia,Tanzania,"Wanderers Cricket Ground, Windhoek",Windhoek,Tanzania,field,Namibia,T20,completed
1407104,2023-11-29,Nigeria,Zimbabwe,"United Cricket Club Ground, Windhoek",Windhoek,Nigeria,bat,Zimbabwe,T20,completed
1407105,2023-11-29,Tanzania,Rwanda,"Wanderers Cricket Ground, Windhoek",Windhoek,Rwanda,field,Tanzania,T20,completed
1407106,2023-11-29,Uganda,Kenya,"Wanderers Cricket Ground, Windhoek",Windhoek,Uganda,bat,Uganda,T20,completed
1407107,2023-11-30,Zimbabwe,Kenya,"United Cricket Club Ground, Windhoek",Windhoek,Kenya,field,Zimbabwe,T20,completed
1407108,2023-11-30,Rwanda,Uganda,"Wanderers Cricket Ground, Windhoek",Windhoek,Uganda,field,Uganda,T20,completed
1407109,2023-11-30,Nigeria,Namibia,"Wanderers Cricket Ground, Windhoek",Windhoek,Nigeria,bat,Namibia,T20,completed
1407714,2023-11-20,Cambodia,Indonesia,Udayana Cricket Ground,Bali,Cambodia,bat,Indonesia,T20,completed
1407715,2023-11-20,Cambodia,Indonesia,Udayana Cricket Ground,Bali,Cambodia,bat,Indonesia,T20,completed
1407716,2023-11-21,Indonesia,Cambodia,Udayana Cricket Ground,Bali,Cambodia,field,Cambodia,T20,completed
1407717,2023-11-21,Indonesia,Cambodia,Udayana Cricket Ground,Bali,Cambodia,field,Indonesia,T20,completed
1407718,2023-11-22,Indonesia,Cambodia,Udayana Cricket Ground,Bali,Cambodia,field,Cambodia,T20,completed
1407719,2023-11-23,Cambodia,Indonesia,Udayana Cricket Ground,Bali,Indonesia,field,Indonesia,T20,completed
1408103,2023-12-07,Ireland,Zimbabwe,Harare Sports Club,Harare,Zimbabwe,field,Zimbabwe,T20,completed
1408104,2023-12-09,Zimbabwe,Ireland,Harare Sports Club,Harare,Ireland,field,Ireland,T20,completed
1408105,2023-12-10,Zimbabwe,Ireland,Harare Sports Club,Harare,Ireland,field,Ireland,T20,completed
1412530,2023-12-22,Philippines,Indonesia,Udayana Cricket Ground,Bali,Indonesia,field,Philippines,T20,completed
1412531,2023-12-23,Philippines,Indonesia,Udayana Cricket Ground,Bali,Indonesia,field,Indonesia,T20,completed
1412532,2023-12-23,Indonesia,Philippines,Udayana Cricket Ground,Bali,Philippines,field,Indonesia,T20,completed
1412533,2023-12-24,Indonesia,Philippines,Udayana Cricket Ground,Bali,Philippines,field,Philippines,T20,completed
1412535,2023-12-26,Indonesia,Philippines,Udayana Cricket Ground,Bali,Philippines,field,Philippines,T20,completed
1412542,2024-01-14,Zimbabwe,Sri Lanka,"R Premadasa Stadium, Colombo",Colombo,Sri Lanka,field,Sri Lanka,T20,completed
1412543,2024-01-16,Sri Lanka,Zimbabwe,"R Premadasa Stadium, Colombo",Colombo,Zimbabwe,field,Zimbabwe,T20,completed
1412544,2024-01-18,Zimbabwe,Sri Lanka,"R Premadasa Stadium, Colombo",Colombo,Sri Lanka,field,Sri Lanka,T20,completed
1415701,2024-06-01,Canada,United States of America,"Grand Prairie Stadium, Dallas",Dallas,United States of America,field,United States of America,T20,completed
1415702,2024-06-02,Papua New Guinea,West Indies,"Providence Stadium, Guyana",Providence,West Indies,field,West Indies,T20,completed
1415704,2024-06-03,Sri Lanka,South Africa,"Nassau County International Cricket Stadium, New York",New York,Sri Lanka,bat,South Africa,T20,completed
1415707,2024-06-04,Nepal,Netherlands,"Grand Prairie Stadium, Dallas",Dallas,Netherlands,field,Netherlands,T20,completed
1415708,2024-06-05,Ireland,India,"Nassau County International Cricket Stadium, New York",New York,India,field,India,T20,completed
1415709,2024-06-05,Papua New Guinea,Uganda,"Providence Stadium, Guyana",Providence,Uganda,field,Uganda,T20,completed
1415710,2024-06-05,Australia,Oman,"Kensington Oval, Bridgetown, Barbados",Bridgetown,Oman,field,Australia,T20,completed
1415712,2024-06-06,Namibia,Scotland,"Kensington Oval, Bridgetown, Barbados",Bridgetown,Namibia,bat,Scotland,T20,completed
1415713,2024-06-07,Canada,Ireland,"Nassau County International Cricket Stadium, New York",New York,Ireland,field,Canada,T20,completed
1415715,2024-06-07,Sri Lanka,Bangladesh,"Grand Prairie Stadium, Dallas",Dallas,Bangladesh,field,Bangladesh,T20,completed
1415716,2024-06-08,Netherlands,South Africa,"Nassau County International Cricket Stadium, New York",New York,South Africa,field,South Africa,T20,completed
1415717,2024-06-08,Australia,England,"Kensington Oval, Bridgetown, Barbados",Bridgetown,England,field,Australia,T20,completed
1415718,2024-06-08,West Indies,Uganda,"Providence Stadium, Guyana",Providence,West Indies,bat,West Indies,T20,completed
1415719,2024-06-09,India,Pakistan,"Nassau County International Cricket Stadium, New York",New York,Pakistan,field,India,T20,completed
1415720,2024-06-09,Oman,Scotland,"Sir Vivian Richards Stadium, North Sound, Antigua",North Sound,Oman,bat,Scotland,T20,completed
1415721,2024-06-10,South Africa,Bangladesh,"Nassau County International Cricket Stadium, New York",New York,South Africa,bat,South Africa,T20,completed
1415722,2024-06-11,Canada,Pakistan,"Nassau County International Cricket Stadium, New York",New York,Pakistan,field,Pakistan,T20,completed
1415724,2024-06-11,Namibia,Australia,"Sir Vivian Richards Stadium, North Sound, Antigua",North Sound,Australia,field,Australia,T20,completed
1415725,2024-06-12,United States of America,India,"Nassau County International Cricket Stadium, New York",New York,India,field,India,T20,completed
1415726,2024-06-12,West Indies,New Zealand,"Brian Lara Stadium, Tarouba, Trinidad",Tarouba,New Zealand,field,West Indies,T20,completed
1415727,2024-06-13,Bangladesh,Netherlands,"Arnos Vale Ground, Kingstown, St Vincent",Kingstown,Netherlands,field,Bangladesh,T20,completed
1415728,2024-06-13,Oman,England,"Sir Vivian Richards Stadium, North Sound, Antigua",North Sound,England,field,England,T20,completed
1415731,2024-06-14,South Africa,Nepal,"Arnos Vale Ground, Kingstown, St Vincent",Kingstown,Nepal,field,South Africa,T20,completed
1415732,2024-06-14,Uganda,New Zealand,"Brian Lara Stadium, Tarouba, Trinidad",Tarouba,New Zealand,field,New Zealand,T20,completed
1415734,2024-06-15,England,Namibia,"Sir Vivian Richards Stadium, North Sound, Antigua",North Sound,Namibia,field,England,T20,completed
1415735,2024-06-15,Scotland,Australia,"Daren Sammy National Cricket Stadium, Gros Islet, St Lucia",Gros Islet,Australia,field,Australia,T20,completed
1415736,2024-06-16,Ireland,Pakistan,"Central Broward Regional Park Stadium Turf Ground, Lauderhill",Lauderhill,Pakistan,field,Pakistan,T20,completed
1415737,2024-06-16,Bangladesh,Nepal,"Arnos Vale Ground, Kingstown, St Vincent",Kingstown,Nepal,field,Bangladesh,T20,completed
1415738,2024-06-16,Sri Lanka,Netherlands,"Daren Sammy National Cricket Stadium, Gros Islet, St Lucia",Gros Islet,Netherlands,field,Sri Lanka,T20,completed
1415739,2024-06-17,Papua New Guinea,New Zealand,"Brian Lara Stadium, Tarouba, Trinidad",Tarouba,New Zealand,field,New Zealand,T20,completed
1415741,2024-06-19,South Africa,United States of America,"Sir Vivian Richards Stadium, North Sound, Antigua",North Sound,United States of America,field,South Africa,T20,completed
1415742,2024-06-19,West Indies,England,"Daren Sammy National Cricket Stadium, Gros Islet, St Lucia",Gros Islet,England,field,England,T20,completed
1415744,2024-06-20,Bangladesh,Australia,"Sir Vivian Richards Stadium, North Sound, Antigua",North Sound,Australia,field,Australia,T20,completed
1415745,2024-06-21,South Africa,England,"Daren Sammy National Cricket Stadium, Gros Islet, St Lucia",Gros Islet,England,field,South Africa,T20,completed
1415746,2024-06-21,United States of America,West Indies,"Kensington Oval, Bridgetown, Barbados",Bridgetown,West Indies,field,West Indies,T20,completed
1415747,2024-06-22,India,Bangladesh,"Sir Vivian Richards Stadium, North Sound, Antigua",North Sound,Bangladesh,field,India,T20,completed
1415749,2024-06-23,United States of America,England,"Kensington Oval, Bridgetown, Barbados",Bridgetown,England,field,England,T20,completed
1415750,2024-06-23,West Indies,South Africa,"Sir Vivian Richards Stadium, North Sound, Antigua",North Sound,South Africa,field,South Africa,T20,completed
1415751,2024-06-24,India,Australia,"Daren Sammy National Cricket Stadium, Gros Islet, St Lucia",Gros Islet,Australia,field,India,T20,completed
1415754,2024-06-27,India,England,"Providence Stadium, Guyana",Providence,England,field,India,T20,completed
1415755,2024-06-29,India,South Africa,"Kensington Oval, Bridgetown, Barbados",Bridgetown,India,bat,India,T20,completed
1418176,2024-01-27,Myanmar,Cambodia,"Terdthai Cricket Ground, Bangkok",Bangkok,Cambodia,field,Cambodia,T20,completed
1418177,2024-01-28,Cambodia,China,"Terdthai Cricket Ground, Bangkok",Bangkok,Cambodia,bat,Cambodia,T20,completed
1418181,2024-02-01,Indonesia,Bhutan,"Terdthai Cricket Ground, Bangkok",Bangkok,Bhutan,field,Indonesia,T20,completed
1418182,2024-02-02,Singapore,Maldives,"Terdthai Cricket Ground, Bangkok",Bangkok,Singapore,bat,Singapore,T20,completed
1418183,2024-02-02,Japan,Thailand,"Terdthai Cricket Ground, Bangkok",Bangkok,Thailand,field,Japan,T20,completed
1418184,2024-02-03,Bhutan,Saudi Arabia,"Terdthai Cricket Ground, Bangkok",Bangkok,Saudi Arabia,field,Saudi Arabia,T20,completed
1418185,2024-02-03,Indonesia,Cambodia,"Terdthai Cricket Ground, Bangkok",Bangkok,Indonesia,bat,Cambodia,T20,completed
1418186,2024-02-04,Singapore,Thailand,"Terdthai Cricket Ground, Bangkok",Bangkok,Singapore,bat,Thailand,T20,completed
1418187,2024-02-04,Japan,Maldives,"Terdthai Cricket Ground, Bangkok",Bangkok,Japan,bat,Japan,T20,completed
1418188,2024-02-05,Saudi Arabia,Indonesia,"Terdthai Cricket Ground, Bangkok",Bangkok,Saudi Arabia,bat,Saudi Arabia,T20,completed
1418190,2024-02-06,Singapore,Japan,"Terdthai Cricket Ground, Bangkok",Bangkok,Japan,field,Singapore,T20,completed
1418191,2024-02-06,Maldives,Thailand,"Terdthai Cricket Ground, Bangkok",Bangkok,Maldives,bat,Thailand,T20,completed
1418192,2024-02-07,Indonesia,Thailand,"Terdthai Cricket Ground, Bangkok",Bangkok,Thailand,field,Thailand,T20,completed
1418193,2024-02-07,Maldives,Bhutan,"Terdthai Cricket Ground, Bangkok",Bangkok,Maldives,bat,Maldives,T20,completed
1418194,2024-02-09,Japan,Saudi Arabia,"Terdthai Cricket Ground, Bangkok",Bangkok,Saudi Arabia,field,Saudi Arabia,T20,completed
1418195,2024-02-09,Singapore,Cambodia,"Terdthai Cricket Ground, Bangkok",Bangkok,Singapore,bat,Cambodia,T20,completed
1418196,2024-02-11,Japan,Singapore,"Terdthai Cricket Ground, Bangkok",Bangkok,Singapore,field,Singapore,T20,completed
1418197,2024-02-11,Cambodia,Saudi Arabia,"Terdthai Cricket Ground, Bangkok",Bangkok,Saudi Arabia,field,Saudi Arabia,T20,completed
1418539,2024-02-14,Hong Kong,China,"Mission Road Ground, Mong Kok, Hong Kong",Mong Kok,Hong Kong,bat,Hong Kong,T20,completed
1418540,2024-02-14,Japan,Hong Kong,"Mission Road Ground, Mong Kok, Hong Kong",Mong Kok,Japan,bat,Hong Kong,T20,completed
1418541,2024-02-15,Japan,China,"Mission Road Ground, Mong Kok, Hong Kong",Mong Kok,Japan,bat,Japan,T20,completed
1418542,2024-02-15,Hong Kong,Japan,"Mission Road Ground, Mong Kok, Hong Kong",Mong Kok,Hong Kong,bat,Hong Kong,T20,completed
1418543,2024-02-16,China,Hong Kong,"Mission Road Ground, Mong Kok, Hong Kong",Mong Kok,China,bat,Hong Kong,T20,completed
1418544,2024-02-16,Japan,China,"Mission Road Ground, Mong Kok, Hong Kong",Mong Kok,Japan,bat,Japan,T20,completed
1418545,2024-02-17,Hong Kong,Japan,"Mission Road Ground, Mong Kok, Hong Kong",Mong Kok,Japan,field,Hong Kong,T20,completed
1419824,2024-03-04,Sri Lanka,Bangladesh,Sylhet International Cricket Stadium,Sylhet,Bangladesh,field,Sri Lanka,T20,completed
1419825,2024-03-06,Sri Lanka,Bangladesh,Sylhet International Cricket Stadium,Sylhet,Bangladesh,field,Bangladesh,T20,completed
1419826,2024-03-09,Sri Lanka,Bangladesh,Sylhet International Cricket Stadium,Sylhet,Bangladesh,field,Sri Lanka,T20,completed
1420223,2024-07-06,Zimbabwe,India,Harare Sports Club,Harare,India,field,Zimbabwe,T20,completed
1420224,2024-07-07,India,Zimbabwe,Harare Sports Club,Harare,India,bat,India,T20,completed
1420225,2024-07-10,India,Zimbabwe,Harare Sports Club,Harare,India,bat,India,T20,completed
1420226,2024-07-13,Zimbabwe,India,Harare Sports Club,Harare,India,field,India,T20,completed
1420227,2024-07-14,India,Zimbabwe,Harare Sports Club,Harare,Zimbabwe,field,India,T20,completed
1420801,2024-02-12,Bhutan,Thailand,"Terdthai Cricket Ground, Bangkok",Bangkok,Bhutan,bat,Thailand,T20,completed
1420802,2024-02-12,Saudi Arabia,Maldives,"Terdthai Cricket Ground, Bangkok",Bangkok,Saudi Arabia,bat,Saudi Arabia,T20,completed
1420803,2024-02-13,Thailand,Saudi Arabia,"Terdthai Cricket Ground, Bangkok",Bangkok,Saudi Arabia,field,Saudi Arabia,T20,completed
1420804,2024-02-13,Bhutan,Maldives,"Terdthai Cricket Ground, Bangkok",Bangkok,Bhutan,bat,Maldives,T20,completed
1420805,2024-02-15,Maldives,Thailand,"Terdthai Cricket Ground, Bangkok",Bangkok,Thailand,field,Thailand,T20,completed
1420806,2024-02-15,Saudi Arabia,Bhutan,"Terdthai Cricket Ground, Bangkok",Bangkok,Bhutan,field,Saudi Arabia,T20,completed
1420807,2024-02-16,Thailand,Saudi Arabia,"Terdthai Cricket Ground, Bangkok",Bangkok,Saudi Arabia,field,Saudi Arabia,T20,completed
1420808,2024-02-16,Maldives,Bhutan,"Terdthai Cricket Ground, Bangkok",Bangkok,Maldives,bat,Bhutan,T20,completed
1421078,2024-03-11,Scotland,United Arab Emirates,Dubai International Cricket Stadium,Dubai,United Arab Emirates,field,United Arab Emirates,T20,completed
1421079,2024-03-13,Scotland,United Arab Emirates,Dubai International Cricket Stadium,Dubai,United Arab Emirates,field,Scotland,T20,completed
1421080,2024-03-14,Scotland,United Arab Emirates,Dubai International Cricket Stadium,Dubai,United Arab Emirates,field,Scotland,T20,completed
1422037,2024-02-27,Namibia,Nepal,"Tribhuvan University International Cricket Ground, Kirtipur",Kirtipur,Namibia,bat,Namibia,T20,completed
1422038,2024-02-28,Netherlands,Nepal,"Tribhuvan University International Cricket Ground, Kirtipur",Kirtipur,Nepal,field,Netherlands,T20,completed
1422039,2024-02-29,Netherlands,Namibia,"Tribhuvan University International Cricket Ground, Kirtipur",Kirtipur,Netherlands,bat,Netherlands,T20,completed
1422040,2024-03-01,Nepal,Namibia,"Tribhuvan University International Cricket Ground, Kirtipur",Kirtipur,Namibia,field,Nepal,T20,completed
1422041,2024-03-02,Netherlands,Nepal,"Tribhuvan University International Cricket Ground, Kirtipur",Kirtipur,Netherlands,bat,Nepal,T20,completed
1422043,2024-03-05,Nepal,Netherlands,"Tribhuvan University International Cricket Ground, Kirtipur",Kirtipur,Nepal,bat,Netherlands,T20,completed
1422802,2024-02-27,Hong Kong,Qatar,University of Doha for Science and Technology,Doha,Qatar,field,Hong Kong,T20,completed
1422803,2024-02-29,Hong Kong,Qatar,University of Doha for Science and Technology,Doha,Hong Kong,bat,Qatar,T20,completed
1422807,2024-03-05,Vanuatu,Tanzania,"Bayuemas Oval, Kuala Lumpur",Kuala Lumpur,Tanzania,field,Vanuatu,T20,completed
1422808,2024-03-05,Kuwait,Bahrain,"Bayuemas Oval, Kuala Lumpur",Kuala Lumpur,Bahrain,field,Bahrain,T20,completed
1422809,2024-03-06,Tanzania,Kuwait,"Bayuemas Oval, Kuala Lumpur",Kuala Lumpur,Tanzania,bat,Kuwait,T20,completed
1422810,2024-03-06,Malaysia,Vanuatu,"Bayuemas Oval, Kuala Lumpur",Kuala Lumpur,Malaysia,bat,Malaysia,T20,completed
1422811,2024-03-07,Malaysia,Bahrain,"Bayuemas Oval, Kuala Lumpur",Kuala Lumpur,Bahrain,field,Bahrain,T20,completed
1422812,2024-03-07,Vanuatu,Kuwait,"Bayuemas Oval, Kuala Lumpur",Kuala Lumpur,Kuwait,field,Kuwait,T20,completed
1422813,2024-03-09,Kuwait,Malaysia,"Bayuemas Oval, Kuala Lumpur",Kuala Lumpur,Malaysia,field,Malaysia,T20,completed
1422814,2024-03-09,Bahrain,Tanzania,"Bayuemas Oval, Kuala Lumpur",Kuala Lumpur,Tanzania,field,Bahrain,T20,completed
1422815,2024-03-10,Bahrain,Vanuatu,"Bayuemas Oval, Kuala Lumpur",Kuala Lumpur,Bahrain,bat,Bahrain,T20,completed
1422816,2024-03-10,Tanzania,Malaysia,"Bayuemas Oval, Kuala Lumpur",Kuala Lumpur,Tanzania,bat,Malaysia,T20,completed
1422817,2024-03-11,Vanuatu,Kuwait,"Bayuemas Oval, Kuala Lumpur",Kuala Lumpur,Kuwait,field,Kuwait,T20,completed
1422818,2024-03-11,Malaysia,Bahrain,"Bayuemas Oval, Kuala Lumpur",Kuala Lumpur,Malaysia,bat,Bahrain,T20,completed
1423372,2024-03-06,Papua New Guinea,Oman,Al Amerat Cricket Ground Oman Cricket (Ministry Turf 1),Al Amarat,Oman,field,Oman,T20,completed
1423373,2024-03-07,Oman,Papua New Guinea,Al Amerat Cricket Ground Oman Cricket (Ministry Turf 1),Al Amarat,Papua New Guinea,field,Papua New Guinea,T20,completed
1423374,2024-03-08,Papua New Guinea,Oman,Al Amerat Cricket Ground Oman Cricket (Ministry Turf 1),Al Amarat,Oman,field,Oman,T20,completed
1423439,2024-03-09,Hong Kong,Nepal,"Mission Road Ground, Mong Kok, Hong Kong",Mong Kok,Nepal,field,Hong Kong,T20,completed
1423441,2024-03-12,Nepal,Papua New Guinea,"Mission Road Ground, Mong Kok, Hong Kong",Mong Kok,Papua New Guinea,field,Nepal,T20,completed
1423442,2024-03-12,Hong Kong,Papua New Guinea,"Mission Road Ground, Mong Kok, Hong Kong",Mong Kok,Hong Kong,bat,Papua New Guinea,T20,completed
1423444,2024-03-13,Papua New Guinea,Nepal,"Mission Road Ground, Mong Kok, Hong Kong",Mong Kok,Nepal,field,Papua New Guinea,T20,completed
1424752,2024-03-17,Zimbabwe,Namibia,"Achimota Senior Secondary School A Field, Accra",Accra,Zimbabwe,bat,Zimbabwe,T20,completed
1424753,2024-03-17,Tanzania,Nigeria,"Achimota Senior Secondary School B Field, Accra",Accra,Tanzania,bat,Tanzania,T20,completed
1424754,2024-03-17,South Africa,Ghana,"Achimota Senior Secondary School A Field, Accra",Accra,South Africa,bat,South Africa,T20,completed
1424755,2024-03-17,Uganda,Kenya,"Achimota Senior Secondary School B Field, Accra",Accra,Uganda,bat,Uganda,T20,completed
1424756,2024-03-18,Tanzania,Zimbabwe,"Achimota Senior Secondary School A Field, Accra",Accra,Tanzania,bat,Zimbabwe,T20,completed
1424757,2024-03-18,Namibia,Nigeria,"Achimota Senior Secondary School B Field, Accra",Accra,Namibia,bat,Nigeria,T20,completed
1424759,2024-03-18,Uganda,Ghana,"Achimota Senior Secondary School B Field, Accra",Accra,Uganda,bat,Uganda,T20,completed
1424761,2024-03-20,Ghana,Kenya,"Achimota Senior Secondary School B Field, Accra",Accra,Ghana,bat,Kenya,T20,completed
1424762,2024-03-20,Nigeria,Zimbabwe,"Achimota Senior Secondary School A Field, Accra",Accra,Nigeria,bat,Zimbabwe,T20,completed
1424763,2024-03-20,Tanzania,Namibia,"Achimota Senior Secondary School B Field, Accra",Accra,Tanzania,bat,Namibia,T20,completed
1424764,2024-03-21,Namibia,Uganda,"Achimota Senior Secondary School A Field, Accra",Accra,Namibia,bat,Namibia,T20,completed
1424765,2024-03-21,Zimbabwe,Kenya,"Achimota Senior Secondary School A Field, Accra",Accra,Zimbabwe,bat,Zimbabwe,T20,completed
1424766,2024-03-23,Uganda,Kenya,"Achimota Senior Secondary School A Field, Accra",Accra,Uganda,bat,Uganda,T20,completed
1424767,2024-03-23,Namibia,Zimbabwe,"Achimota Senior Secondary School A Field, Accra",Accra,Namibia,bat,Zimbabwe,T20,completed
1424830,2024-04-20,New Zealand,Pakistan,Rawalpindi Cricket Stadium,Rawalpindi,Pakistan,field,Pakistan,T20,completed
1424831,2024-04-21,Pakistan,New Zealand,Rawalpindi Cricket Stadium,Rawalpindi,New Zealand,field,New Zealand,T20,completed
1424832,2024-04-25,New Zealand,Pakistan,"Gaddafi Stadium, Lahore",Lahore,Pakistan,field,New Zealand,T20,completed
1424833,2024-04-27,Pakistan,New Zealand,"Gaddafi Stadium, Lahore",Lahore,New Zealand,field,Pakistan,T20,completed
1425110,2024-03-16,Papua New Guinea,Malaysia,"Bayuemas Oval, Kuala Lumpur",Kuala Lumpur,Malaysia,field,Papua New Guinea,T20,completed
1425111,2024-03-17,Malaysia,Papua New Guinea,"Bayuemas Oval, Kuala Lumpur",Kuala Lumpur,Malaysia,bat,Malaysia,T20,completed
1425121,2024-04-07,Canada,United States of America,Prairie View Cricket Complex,Houston,United States of America,field,United States of America,T20,completed
1425122,2024-04-09,United States of America,Canada,Prairie View Cricket Complex,Houston,Canada,field,United States of America,T20,completed
1425124,2024-04-12,United States of America,Canada,Prairie View Cricket Complex,Houston,Canada,field,United States of America,T20,completed
1425125,2024-04-13,Canada,United States of America,Prairie View Cricket Complex,Houston,Canada,bat,United States of America,T20,completed
1425126,2024-05-03,Zimbabwe,Bangladesh,"Zahur Ahmed Chowdhury Stadium, Chattogram",Chattogram,Bangladesh,field,Bangladesh,T20,completed
1425127,2024-05-05,Zimbabwe,Bangladesh,"Zahur Ahmed Chowdhury Stadium, Chattogram",Chattogram,Bangladesh,field,Bangladesh,T20,completed
1425128,2024-05-07,Bangladesh,Zimbabwe,"Zahur Ahmed Chowdhury Stadium, Chattogram",Chattogram,Zimbabwe,field,Bangladesh,T20,completed
1425129,2024-05-10,Bangladesh,Zimbabwe,"Shere Bangla National Stadium, Mirpur",Dhaka,Zimbabwe,field,Bangladesh,T20,completed
1425130,2024-05-12,Bangladesh,Zimbabwe,"Shere Bangla National Stadium, Mirpur",Dhaka,Zimbabwe,field,Zimbabwe,T20,completed
1425131,2024-05-21,Bangladesh,United States of America,Prairie View Cricket Complex,Houston,United States of America,field,United States of America,T20,completed
1425132,2024-05-23,United States of America,Bangladesh,Prairie View Cricket Complex,Houston,Bangladesh,field,United States of America,T20,completed
1425133,2024-05-25,United States of America,Bangladesh,Prairie View Cricket Complex,Houston,Bangladesh,field,Bangladesh,T20,completed
1426450,2024-04-01,Oman,Namibia,Al Amerat Cricket Ground Oman Cricket (Ministry Turf 1),Al Amarat,Namibia,field,Namibia,T20,completed
1426451,2024-04-02,Oman,Namibia,Al Amerat Cricket Ground Oman Cricket (Ministry Turf 1),Al Amarat,Oman,bat,Oman,T20,completed
1426452,2024-04-04,Namibia,Oman,Al Amerat Cricket Ground Oman Cricket (Ministry Turf 1),Al Amarat,Oman,field,Oman,T20,completed
1426453,2024-04-05,Namibia,Oman,Al Amerat Cricket Ground Oman Cricket (Ministry Turf 1),Al Amarat,Oman,field,Namibia,T20,completed
1426454,2024-04-07,Namibia,Oman,Al Amerat Cricket Ground Oman Cricket (Ministry Turf 1),Al Amarat,Namibia,bat,Namibia,T20,completed
1426455,2024-04-12,Oman,Bahrain,Al Amerat Cricket Ground Oman Cricket (Ministry Turf 1),Al Amarat,Bahrain,field,Oman,T20,completed
1426456,2024-04-12,Kuwait,United Arab Emirates,Al Amerat Cricket Ground Oman Cricket (Ministry Turf 2),Al Amarat,United Arab Emirates,field,United Arab Emirates,T20,completed
1426457,2024-04-12,Malaysia,Nepal,Al Amerat Cricket Ground Oman Cricket (Ministry Turf 1),Al Amarat,Malaysia,bat,Nepal,T20,completed
1426458,2024-04-12,Hong Kong,Qatar,Al Amerat Cricket Ground Oman Cricket (Ministry Turf 2),Al Amarat,Hong Kong,bat,Hong Kong,T20,completed
1426459,2024-04-13,Cambodia,Kuwait,Al Amerat Cricket Ground Oman Cricket (Ministry Turf 1),Al Amarat,Cambodia,bat,Kuwait,T20,completed
1426460,2024-04-13,United Arab Emirates,Bahrain,Al Amerat Cricket Ground Oman Cricket (Ministry Turf 2),Al Amarat,Bahrain,field,United Arab Emirates,T20,completed
1426461,2024-04-13,Nepal,Qatar,Al Amerat Cricket Ground Oman Cricket (Ministry Turf 1),Al Amarat,Nepal,bat,Nepal,T20,completed
1426462,2024-04-13,Malaysia,Saudi Arabia,Al Amerat Cricket Ground Oman Cricket (Ministry Turf 2),Al Amarat,Malaysia,bat,Malaysia,T20,completed
1426463,2024-04-14,Oman,Cambodia,Al Amerat Cricket Ground Oman Cricket (Ministry Turf 2),Al Amarat,Cambodia,field,Oman,T20,completed
1426464,2024-04-14,Saudi Arabia,Hong Kong,Al Amerat Cricket Ground Oman Cricket (Ministry Turf 2),Al Amarat,Saudi Arabia,bat,Saudi Arabia,T20,completed
1426465,2024-04-15,Hong Kong,Nepal,Al Amerat Cricket Ground Oman Cricket (Ministry Turf 1),Al Amarat,Nepal,field,Nepal,T20,completed
1426466,2024-04-15,Malaysia,Qatar,Al Amerat Cricket Ground Oman Cricket (Ministry Turf 2),Al Amarat,Qatar,field,Qatar,T20,completed
1426467,2024-04-15,United Arab Emirates,Oman,Al Amerat Cricket Ground Oman Cricket (Ministry Turf 1),Al Amarat,Oman,field,Oman,T20,completed
1426468,2024-04-15,Kuwait,Bahrain,Al Amerat Cricket Ground Oman Cricket (Ministry Turf 2),Al Amarat,Bahrain,field,Kuwait,T20,completed
1426469,2024-04-16,Qatar,Saudi Arabia,Al Amerat Cricket Ground Oman Cricket (Ministry Turf 1),Al Amarat,Saudi Arabia,field,Qatar,T20,completed
1426470,2024-04-16,Cambodia,Bahrain,Al Amerat Cricket Ground Oman Cricket (Ministry Turf 1),Al Amarat,Cambodia,bat,Bahrain,T20,completed
1426471,2024-04-17,Malaysia,Hong Kong,Al Amerat Cricket Ground Oman Cricket (Ministry Turf 1),Al Amarat,Hong Kong,field,Hong Kong,T20,completed
1426472,2024-04-17,Saudi Arabia,Nepal,Al Amerat Cricket Ground Oman Cricket (Ministry Turf 2),Al Amarat,Nepal,field,Nepal,T20,completed
1426473,2024-04-17,Cambodia,United Arab Emirates,Al Amerat Cricket Ground Oman Cricket (Ministry Turf 1),Al Amarat,Cambodia,bat,United Arab Emirates,T20,completed
1426474,2024-04-17,Oman,Kuwait,Al Amerat Cricket Ground Oman Cricket (Ministry Turf 2),Al Amarat,Kuwait,field,Oman,T20,completed
1426475,2024-04-19,Nepal,United Arab Emirates,Al Amerat Cricket Ground Oman Cricket (Ministry Turf 1),Al Amarat,United Arab Emirates,field,United Arab Emirates,T20,completed
1426476,2024-04-19,Hong Kong,Oman,Al Amerat Cricket Ground Oman Cricket (Ministry Turf 1),Al Amarat,Oman,field,Oman,T20,completed
1426477,2024-04-20,Nepal,Hong Kong,Al Amerat Cricket Ground Oman Cricket (Ministry Turf 1),Al Amarat,Nepal,bat,Hong Kong,T20,completed
1426478,2024-04-21,United Arab Emirates,Oman,Al Amerat Cricket Ground Oman Cricket (Ministry Turf 1),Al Amarat,Oman,field,United Arab Emirates,T20,completed
1426479,2024-04-14,Jersey,Spain,La Manga Club Top Ground,Murcia,Spain,field,Spain,T20,completed
1426480,2024-04-14,Jersey,Spain,La Manga Club Top Ground,Murcia,Jersey,bat,Spain,T20,completed
1426552,2024-11-14,Australia,Pakistan,"Brisbane Cricket Ground, Woolloongabba, Brisbane",Brisbane,Pakistan,field,Australia,T20,completed
1426553,2024-11-16,Australia,Pakistan,Sydney Cricket Ground,Sydney,Australia,bat,Australia,T20,completed
1426554,2024-11-18,Pakistan,Australia,"Bellerive Oval, Hobart",Hobart,Pakistan,bat,Australia,T20,completed
1426830,2024-05-10,Pakistan,Ireland,"Castle Avenue, Dublin",Dublin,Ireland,field,Ireland,T20,completed
1426831,2024-05-12,Ireland,Pakistan,"Castle Avenue, Dublin",Dublin,Pakistan,field,Pakistan,T20,completed
1426832,2024-05-14,Ireland,Pakistan,"Castle Avenue, Dublin",Dublin,Pakistan,field,Pakistan,T20,completed
1428151,2024-05-18,Netherlands,Scotland,"Sportpark Westvliet, The Hague",The Hague,Scotland,field,Netherlands,T20,completed
1428152,2024-05-19,Ireland,Netherlands,"Sportpark Westvliet, The Hague",The Hague,Netherlands,field,Ireland,T20,completed
1428154,2024-05-22,Scotland,Netherlands,"Sportpark Westvliet, The Hague",The Hague,Netherlands,field,Scotland,T20,completed
1428155,2024-05-23,Scotland,Ireland,"Sportpark Westvliet, The Hague",The Hague,Scotland,bat,Ireland,T20,completed
1428156,2024-05-24,Ireland,Netherlands,"Sportpark Westvliet, The Hague",The Hague,Netherlands,field,Ireland,T20,completed
1428743,2024-04-12,Mexico,Costa Rica,Los Reyes Polo Club,Guacima,Costa Rica,field,Mexico,T20,completed
1428744,2024-04-12,Mexico,Costa Rica,Los Reyes Polo Club,Guacima,Mexico,bat,Mexico,T20,completed
1428745,2024-04-13,Costa Rica,Mexico,Los Reyes Polo Club,Guacima,Costa Rica,bat,Costa Rica,T20,completed
1428746,2024-04-14,Mexico,Costa Rica,Los Reyes Polo Club,Guacima,Mexico,bat,Mexico,T20,completed
1431086,2024-09-27,Ireland,South Africa,"Zayed Cricket Stadium, Abu Dhabi",Abu Dhabi,South Africa,field,South Africa,T20,completed
1431087,2024-09-29,Ireland,South Africa,"Zayed Cricket Stadium, Abu Dhabi",Abu Dhabi,South Africa,field,Ireland,T20,completed
1431120,2024-05-07,Japan,Mongolia,Sano International Cricket Ground,Sano,Japan,bat,Japan,T20,completed
1431121,2024-05-08,Japan,Mongolia,Sano International Cricket Ground,Sano,Japan,bat,Japan,T20,completed
1431123,2024-05-09,Mongolia,Japan,Sano International Cricket Ground,Sano,Mongolia,bat,Japan,T20,completed
1431124,2024-05-11,Japan,Mongolia,Sano International Cricket Ground,Sano,Japan,bat,Japan,T20,completed
1431125,2024-05-11,Japan,Mongolia,Sano International Cricket Ground,Sano,Japan,bat,Japan,T20,completed
1431126,2024-05-12,Japan,Mongolia,Sano International Cricket Ground,Sano,Japan,bat,Japan,T20,completed
1431607,2024-05-01,Thailand,Indonesia,Udayana Cricket Ground,Bali,Indonesia,field,Thailand,T20,completed
1431608,2024-05-02,Thailand,Indonesia,Udayana Cricket Ground,Bali,Thailand,bat,Indonesia,T20,completed
1431609,2024-05-04,Indonesia,Thailand,Udayana Cricket Ground,Bali,Thailand,field,Indonesia,T20,completed
1431610,2024-05-05,Thailand,Indonesia,Udayana Cricket Ground,Bali,Indonesia,field,Thailand,T20,completed
1431611,2024-05-06,Indonesia,Thailand,Udayana Cricket Ground,Bali,Indonesia,bat,Thailand,T20,completed
1432194,2024-05-09,France,Malta,Dreux Sport Cricket Club,Dreux,France,bat,France,T20,completed
1432195,2024-05-09,France,Malta,Dreux Sport Cricket Club,Dreux,France,bat,France,T20,completed
1432197,2024-05-10,Belgium,Malta,Dreux Sport Cricket Club,Dreux,Belgium,bat,Belgium,T20,completed
1432198,2024-05-11,Malta,Belgium,Dreux Sport Cricket Club,Dreux,Malta,bat,Belgium,T20,completed
1432199,2024-05-11,Belgium,France,Dreux Sport Cricket Club,Dreux,Belgium,bat,France,T20,completed
1432200,2024-05-12,France,Belgium,Dreux Sport Cricket Club,Dreux,France,bat,Belgium,T20,completed
1432211,2024-12-10,South Africa,Pakistan,"Kingsmead, Durban",Durban,South Africa,bat,South Africa,T20,completed
1432212,2024-12-13,Pakistan,South Africa,"SuperSport Park, Centurion",Centurion,Pakistan,bat,South Africa,T20,completed
1433362,2024-05-23,West Indies,South Africa,"Sabina Park, Kingston, Jamaica",Kingston,South Africa,field,West Indies,T20,completed
1433363,2024-05-25,West Indies,South Africa,"Sabina Park, Kingston, Jamaica",Kingston,West Indies,bat,West Indies,T20,completed
1433364,2024-05-26,South Africa,West Indies,"Sabina Park, Kingston, Jamaica",Kingston,South Africa,bat,West Indies,T20,completed
1433367,2024-08-23,South Africa,West Indies,"Brian Lara Stadium, Tarouba, Trinidad",Tarouba,West Indies,field,West Indies,T20,completed
1433368,2024-08-25,West Indies,South Africa,"Brian Lara Stadium, Tarouba, Trinidad",Tarouba,South Africa,field,West Indies,T20,completed
1433369,2024-08-27,South Africa,West Indies,"Brian Lara Stadium, Tarouba, Trinidad",Tarouba,West Indies,field,West Indies,T20,completed
1433373,2024-11-09,West Indies,England,"Kensington Oval, Bridgetown, Barbados",Bridgetown,England,field,England,T20,completed
1433374,2024-11-10,West Indies,England,"Kensington Oval, Bridgetown, Barbados",Bridgetown,England,field,England,T20,completed
1433375,2024-11-14,West Indies,England,"Daren Sammy National Cricket Stadium, Gros Islet, St Lucia",Gros Islet,England,field,England,T20,completed
1433376,2024-11-16,England,West Indies,"Daren Sammy National Cricket Stadium, Gros Islet, St Lucia",Gros Islet,West Indies,field,West Indies,T20,completed
1433383,2024-12-15,Bangladesh,West Indies,"Arnos Vale Ground, Kingstown, St Vincent",Kingstown,West Indies,field,Bangladesh,T20,completed
1433384,2024-12-17,Bangladesh,West Indies,"Arnos Vale Ground, Kingstown, St Vincent",Kingstown,West Indies,field,Bangladesh,T20,completed
1433385,2024-12-19,Bangladesh,West Indies,"Arnos Vale Ground, Kingstown, St Vincent",Kingstown,Bangladesh,bat,Bangladesh,T20,completed
1434155,2024-05-24,Bulgaria,Gibraltar,"Moara Vlasiei Cricket Ground, Ilfov County",Ilfov County,Gibraltar,field,Gibraltar,T20,completed
1434157,2024-05-24,Bulgaria,Romania,"Moara Vlasiei Cricket Ground, Ilfov County",Ilfov County,Bulgaria,bat,Romania,T20,completed
1434160,2024-05-25,Romania,Gibraltar,"Moara Vlasiei Cricket Ground, Ilfov County",Ilfov County,Romania,bat,Gibraltar,T20,completed
1434161,2024-05-26,Romania,Bulgaria,"Moara Vlasiei Cricket Ground, Ilfov County",Ilfov County,Bulgaria,field,Romania,T20,completed
1436471,2024-06-09,Italy,Luxembourg,Roma Cricket Ground,Spinaceto,Luxembourg,field,Italy,T20,completed
1436472,2024-06-09,Portugal,Hungary,"Simar Cricket Ground, Rome",Rome,Hungary,field,Portugal,T20,completed
1436473,2024-06-09,France,Isle of Man,Roma Cricket Ground,Spinaceto,Isle of Man,field,France,T20,completed
1436474,2024-06-09,Austria,Romania,"Simar Cricket Ground, Rome",Rome,Austria,bat,Romania,T20,completed
1436475,2024-06-10,Israel,Austria,Roma Cricket Ground,Spinaceto,Israel,bat,Austria,T20,completed
1436476,2024-06-10,Isle of Man,Turkey,"Simar Cricket Ground, Rome",Rome,Turkey,field,Isle of Man,T20,completed
1436477,2024-06-10,Portugal,Romania,Roma Cricket Ground,Spinaceto,Portugal,bat,Romania,T20,completed
1436478,2024-06-10,France,Italy,"Simar Cricket Ground, Rome",Rome,Italy,field,Italy,T20,completed
1436479,2024-06-12,Isle of Man,Italy,Roma Cricket Ground,Spinaceto,Isle of Man,bat,Italy,T20,completed
1436480,2024-06-12,Portugal,Austria,"Simar Cricket Ground, Rome",Rome,Portugal,bat,Austria,T20,completed
1436481,2024-06-12,Luxembourg,Turkey,Roma Cricket Ground,Spinaceto,Turkey,field,Luxembourg,T20,completed
1436482,2024-06-12,Israel,Hungary,"Simar Cricket Ground, Rome",Rome,Israel,bat,Hungary,T20,completed
1436483,2024-06-13,Hungary,Romania,Roma Cricket Ground,Spinaceto,Romania,field,Romania,T20,completed
1436484,2024-06-13,France,Luxembourg,"Simar Cricket Ground, Rome",Rome,France,bat,France,T20,completed
1436485,2024-06-13,Portugal,Israel,Roma Cricket Ground,Spinaceto,Portugal,bat,Israel,T20,completed
1436486,2024-06-13,Turkey,Italy,"Simar Cricket Ground, Rome",Rome,Turkey,bat,Italy,T20,completed
1436487,2024-06-15,Isle of Man,Luxembourg,Roma Cricket Ground,Spinaceto,Isle of Man,bat,Isle of Man,T20,completed
1436488,2024-06-15,Austria,Hungary,"Simar Cricket Ground, Rome",Rome,Hungary,field,Austria,T20,completed
1436489,2024-06-15,France,Turkey,Roma Cricket Ground,Spinaceto,Turkey,field,France,T20,completed
1436490,2024-06-15,Romania,Israel,"Simar Cricket Ground, Rome",Rome,Israel,field,Romania,T20,completed
1436491,2024-06-16,Luxembourg,Israel,Roma Cricket Ground,Spinaceto,Luxembourg,bat,Israel,T20,completed
1436492,2024-06-16,France,Austria,"Simar Cricket Ground, Rome",Rome,Austria,field,Austria,T20,completed
1436493,2024-06-16,Portugal,Isle of Man,Roma Cricket Ground,Spinaceto,Portugal,bat,Portugal,T20,completed
1436494,2024-06-16,Italy,Romania,"Simar Cricket Ground, Rome",Rome,Romania,field,Italy,T20,completed
1438073,2024-06-16,Denmark,Jersey,"Svanholm Park, Brondby",Brondby,Jersey,field,Jersey,T20,completed
1438074,2024-06-16,Jersey,Denmark,"Svanholm Park, Brondby",Brondby,Denmark,field,Jersey,T20,completed
1438075,2024-06-17,Cyprus,Estonia,Happy Valley Ground,Episkopi,Cyprus,bat,Estonia,T20,completed
1438076,2024-06-17,Cyprus,Estonia,Happy Valley Ground,Episkopi,Cyprus,bat,Estonia,T20,completed
1438077,2024-06-18,Cyprus,Estonia,Happy Valley Ground,Episkopi,Estonia,field,Cyprus,T20,completed
1438078,2024-06-18,Estonia,Cyprus,Happy Valley Ground,Episkopi,Estonia,bat,Estonia,T20,completed
1438079,2024-06-19,Estonia,Cyprus,Happy Valley Ground,Episkopi,Cyprus,field,Cyprus,T20,completed
1438080,2024-06-19,Estonia,Cyprus,Happy Valley Ground,Episkopi,Estonia,bat,Estonia,T20,completed
1438257,2024-06-14,Norway,Finland,Kerava National Cricket Ground,Kerava,Finland,field,Norway,T20,completed
1438259,2024-06-15,Finland,Norway,Kerava National Cricket Ground,Kerava,Finland,bat,Norway,T20,completed
1438262,2024-06-16,Finland,Norway,Kerava National Cricket Ground,Kerava,Finland,bat,Norway,T20,completed
1439813,2024-07-07,Jersey,Serbia,Bayer Uerdingen Cricket Ground,Krefeld,Jersey,bat,Jersey,T20,completed
1439814,2024-07-08,Germany,Gibraltar,Bayer Uerdingen Cricket Ground,Krefeld,Gibraltar,field,Germany,T20,completed
1439815,2024-07-07,Switzerland,Belgium,Bayer Uerdingen Cricket Ground,Krefeld,Belgium,field,Belgium,T20,completed
1439816,2024-07-08,Norway,Sweden,Bayer Uerdingen Cricket Ground,Krefeld,Sweden,field,Norway,T20,completed
1439817,2024-07-09,Slovenia,Norway,Bayer Uerdingen Cricket Ground,Krefeld,Slovenia,bat,Norway,T20,completed
1439818,2024-07-08,Croatia,Belgium,Bayer Uerdingen Cricket Ground,Krefeld,Croatia,bat,Croatia,T20,completed
1439819,2024-07-09,Germany,Sweden,Bayer Uerdingen Cricket Ground,Krefeld,Germany,bat,Germany,T20,completed
1439820,2024-07-09,Jersey,Switzerland,Bayer Uerdingen Cricket Ground,Krefeld,Jersey,bat,Jersey,T20,completed
1439821,2024-07-10,Jersey,Belgium,Bayer Uerdingen Cricket Ground,Krefeld,Belgium,field,Jersey,T20,completed
1439822,2024-07-11,Norway,Germany,Bayer Uerdingen Cricket Ground,Krefeld,Germany,field,Norway,T20,completed
1439823,2024-07-10,Croatia,Serbia,Bayer Uerdingen Cricket Ground,Krefeld,Serbia,field,Croatia,T20,completed
1439824,2024-07-10,Gibraltar,Slovenia,Bayer Uerdingen Cricket Ground,Krefeld,Gibraltar,bat,Slovenia,T20,completed
1439825,2024-07-11,Gibraltar,Sweden,Bayer Uerdingen Cricket Ground,Krefeld,Sweden,field,Sweden,T20,completed
1439826,2024-07-11,Switzerland,Serbia,Bayer Uerdingen Cricket Ground,Krefeld,Switzerland,bat,Switzerland,T20,completed
1439829,2024-07-12,Belgium,Serbia,Bayer Uerdingen Cricket Ground,Krefeld,Belgium,bat,Belgium,T20,completed
1439830,2024-07-13,Norway,Gibraltar,Bayer Uerdingen Cricket Ground,Krefeld,Norway,bat,Norway,T20,completed
1439831,2024-07-13,Croatia,Switzerland,Bayer Uerdingen Cricket Ground,Krefeld,Switzerland,field,Switzerland,T20,completed
1439832,2024-07-13,Slovenia,Sweden,Bayer Uerdingen Cricket Ground,Krefeld,Sweden,field,Sweden,T20,completed
1439833,2024-07-14,Croatia,Germany,Bayer Uerdingen Cricket Ground,Krefeld,Croatia,bat,Germany,T20,completed
1439836,2024-07-14,Norway,Jersey,Bayer Uerdingen Cricket Ground,Krefeld,Jersey,field,Jersey,T20,completed
1439893,2024-10-06,Bangladesh,India,"Shrimant Madhavrao Scindia Cricket Stadium, Gwalior",Gwalior,India,field,India,T20,completed
1439894,2024-10-09,India,Bangladesh,"Arun Jaitley Stadium, Delhi",Delhi,Bangladesh,field,India,T20,completed
1439895,2024-10-12,India,Bangladesh,"Rajiv Gandhi International Stadium, Uppal, Hyderabad",Hyderabad,India,bat,India,T20,completed
1439899,2025-01-22,England,India,"Eden Gardens, Kolkata",Kolkata,India,field,India,T20,completed
1439900,2025-01-25,England,India,"MA Chidambaram Stadium, Chepauk, Chennai",Chennai,India,field,India,T20,completed
1439901,2025-01-28,England,India,"Saurashtra Cricket Association Stadium, Rajkot",Rajkot,India,field,England,T20,completed
1439902,2025-01-31,India,England,"Maharashtra Cricket Association Stadium, Pune",Pune,England,field,India,T20,completed
1439903,2025-02-02,India,England,"Wankhede Stadium, Mumbai",Mumbai,England,field,India,T20,completed
1440129,2024-06-22,Guernsey,Jersey,"King George V Sports Ground, Castel",Castel,Jersey,field,Jersey,T20,completed
1440130,2024-06-22,Guernsey,Jersey,"King George V Sports Ground, Castel",Castel,Jersey,field,Jersey,T20,completed
1440131,2024-06-23,Jersey,Guernsey,"Guernsey Rovers Athletic Club Ground, Port Soif",Port  Soif,Guernsey,field,Guernsey,T20,completed
1440463,2024-09-04,Scotland,Australia,"Grange Cricket Club Ground, Raeburn Place, Edinburgh",Edinburgh,Australia,field,Australia,T20,completed
1440464,2024-09-06,Australia,Scotland,"Grange Cricket Club Ground, Raeburn Place, Edinburgh",Edinburgh,Scotland,field,Australia,T20,completed
1440465,2024-09-07,Scotland,Australia,"Grange Cricket Club Ground, Raeburn Place, Edinburgh",Edinburgh,Australia,field,Australia,T20,completed
1441133,2024-06-28,Malawi,Rwanda,"Sikh Union Club Ground, Nairobi",Nairobi,Malawi,bat,Malawi,T20,completed
1441135,2024-06-29,Rwanda,Kenya,"Sikh Union Club Ground, Nairobi",Nairobi,Rwanda,bat,Kenya,T20,completed
1441136,2024-07-01,Malawi,Kenya,"Sikh Union Club Ground, Nairobi",Nairobi,Kenya,field,Kenya,T20,completed
1441140,2024-07-03,Rwanda,Kenya,"Sikh Union Club Ground, Nairobi",Nairobi,Rwanda,bat,Kenya,T20,completed
1441145,2024-07-05,Kenya,Rwanda,"Sikh Union Club Ground, Nairobi",Nairobi,Kenya,bat,Kenya,T20,completed
1442735,2024-07-12,Kenya,Nigeria,"Sikh Union Club Ground, Nairobi",Nairobi,Kenya,bat,Kenya,T20,completed
1442736,2024-07-13,Nigeria,Kenya,"Sikh Union Club Ground, Nairobi",Nairobi,Nigeria,bat,Kenya,T20,completed
1442737,2024-07-15,Kenya,Nigeria,"Sikh Union Club Ground, Nairobi",Nairobi,Nigeria,field,Nigeria,T20,completed
1442738,2024-07-16,Nigeria,Kenya,"Sikh Union Club Ground, Nairobi",Nairobi,Kenya,field,Nigeria,T20,completed
1442739,2024-07-17,Nigeria,Kenya,"Sikh Union Club Ground, Nairobi",Nairobi,Nigeria,bat,Kenya,T20,completed
1442987,2024-07-27,India,Sri Lanka,Pallekele International Cricket Stadium,Kandy,Sri Lanka,field,India,T20,completed
1442988,2024-07-28,Sri Lanka,India,Pallekele International Cricket Stadium,Kandy,India,field,India,T20,completed
1443543,2024-12-28,New Zealand,Sri Lanka,"Bay Oval, Mount Maunganui",Mount Maunganui,Sri Lanka,field,New Zealand,T20,completed
1443544,2024-12-30,New Zealand,Sri Lanka,"Bay Oval, Mount Maunganui",Mount Maunganui,Sri Lanka,field,New Zealand,T20,completed
1443545,2025-01-02,Sri Lanka,New Zealand,"Saxton Oval, Nelson",Nelson,New Zealand,field,Sri Lanka,T20,completed
1443549,2025-03-16,Pakistan,New Zealand,"Hagley Oval, Christchurch",Christchurch,New Zealand,field,New Zealand,T20,completed
1443550,2025-03-18,Pakistan,New Zealand,"University Oval, Dunedin",Dunedin,New Zealand,field,New Zealand,T20,completed
1443551,2025-03-21,New Zealand,Pakistan,"Eden Park, Auckland",Auckland,Pakistan,field,Pakistan,T20,completed
1443552,2025-03-23,New Zealand,Pakistan,"Bay Oval, Mount Maunganui",Mount Maunganui,Pakistan,field,New Zealand,T20,completed
1443553,2025-03-26,Pakistan,New Zealand,"Sky Stadium, Wellington",Wellington,New Zealand,field,New Zealand,T20,completed
1443766,2024-08-21,Spain,Cyprus,"King George V Sports Ground, Castel",Castel,Cyprus,field,Spain,T20,completed
1443767,2024-08-21,Bulgaria,Guernsey,"Guernsey Rovers Athletic Club Ground, Port Soif",Port  Soif,Bulgaria,bat,Guernsey,T20,completed
1443768,2024-08-21,Denmark,Czech Republic,"King George V Sports Ground, Castel",Castel,Denmark,bat,Denmark,T20,completed
1443769,2024-08-21,Malta,Finland,"Guernsey Rovers Athletic Club Ground, Port Soif",Port  Soif,Malta,bat,Finland,T20,completed
1443770,2024-08-22,Finland,Estonia,"King George V Sports Ground, Castel",Castel,Estonia,field,Estonia,T20,completed
1443771,2024-08-22,Denmark,Greece,"Guernsey Rovers Athletic Club Ground, Port Soif",Port  Soif,Greece,field,Denmark,T20,completed
1443772,2024-08-22,Malta,Guernsey,"King George V Sports Ground, Castel",Castel,Guernsey,field,Guernsey,T20,completed
1443773,2024-08-22,Spain,Czech Republic,"Guernsey Rovers Athletic Club Ground, Port Soif",Port  Soif,Czech Republic,field,Spain,T20,completed
1443775,2024-08-24,Finland,Guernsey,"Guernsey Rovers Athletic Club Ground, Port Soif",Port  Soif,Guernsey,field,Finland,T20,completed
1443776,2024-08-24,Greece,Cyprus,"King George V Sports Ground, Castel",Castel,Greece,bat,Cyprus,T20,completed
1443777,2024-08-24,Bulgaria,Estonia,"Guernsey Rovers Athletic Club Ground, Port Soif",Port  Soif,Estonia,field,Estonia,T20,completed
1443778,2024-08-25,Malta,Bulgaria,"King George V Sports Ground, Castel",Castel,Malta,bat,Malta,T20,completed
1443779,2024-08-25,Cyprus,Czech Republic,"Guernsey Rovers Athletic Club Ground, Port Soif",Port  Soif,Cyprus,bat,Czech Republic,T20,completed
1443780,2024-08-25,Estonia,Guernsey,"King George V Sports Ground, Castel",Castel,Guernsey,field,Guernsey,T20,completed
1443781,2024-08-25,Greece,Spain,"Guernsey Rovers Athletic Club Ground, Port Soif",Port  Soif,Greece,bat,Spain,T20,completed
1443782,2024-08-27,Denmark,Cyprus,"King George V Sports Ground, Castel",Castel,Denmark,bat,Denmark,T20,completed
1443783,2024-08-27,Finland,Bulgaria,"Guernsey Rovers Athletic Club Ground, Port Soif",Port  Soif,Finland,bat,Finland,T20,completed
1443784,2024-08-27,Czech Republic,Greece,"King George V Sports Ground, Castel",Castel,Czech Republic,bat,Czech Republic,T20,completed
1443785,2024-08-27,Malta,Estonia,"Guernsey Rovers Athletic Club Ground, Port Soif",Port  Soif,Malta,bat,Estonia,T20,completed
1443786,2024-08-28,Spain,Finland,"King George V Sports Ground, Castel",Castel,Finland,field,Spain,T20,completed
1443787,2024-08-28,Cyprus,Malta,"Guernsey Rovers Athletic Club Ground, Port Soif",Port  Soif,Malta,field,Cyprus,T20,completed
1443788,2024-08-28,Czech Republic,Estonia,"Guernsey Rovers Athletic Club Ground, Port Soif",Port  Soif,Estonia,field,Estonia,T20,completed
1443789,2024-08-28,Denmark,Guernsey,"King George V Sports Ground, Castel",Castel,Guernsey,field,Guernsey,T20,completed
1444652,2024-12-01,Pakistan,Zimbabwe,"Queens Sports Club, Bulawayo",Bulawayo,Pakistan,bat,Pakistan,T20,completed
1444653,2024-12-03,Zimbabwe,Pakistan,"Queens Sports Club, Bulawayo",Bulawayo,Zimbabwe,bat,Pakistan,T20,completed
1444654,2024-12-05,Pakistan,Zimbabwe,"Queens Sports Club, Bulawayo",Bulawayo,Pakistan,bat,Zimbabwe,T20,completed
1444947,2024-08-02,Croatia,Spain,"Mladost Cricket Ground, Zagreb",Zagreb,Spain,field,Spain,T20,completed
1444948,2024-08-03,Croatia,Spain,"Mladost Cricket Ground, Zagreb",Zagreb,Spain,field,Spain,T20,completed
1444949,2024-08-03,Croatia,Spain,"Mladost Cricket Ground, Zagreb",Zagreb,Spain,field,Spain,T20,completed
1444950,2024-08-04,Spain,Croatia,"Mladost Cricket Ground, Zagreb",Zagreb,Croatia,field,Spain,T20,completed
1444951,2024-08-04,Spain,Croatia,"Mladost Cricket Ground, Zagreb",Zagreb,Croatia,field,Spain,T20,completed
1444952,2024-08-17,Vanuatu,Cook Islands,"Faleata Oval No 2, Apia",Apia,Cook Islands,field,Cook Islands,T20,completed
1444953,2024-08-17,Fiji,Samoa,"Faleata Oval No 2, Apia",Apia,Fiji,bat,Samoa,T20,completed
1444954,2024-08-19,Samoa,Cook Islands,"Faleata Oval No 2, Apia",Apia,Cook Islands,field,Cook Islands,T20,completed
1444955,2024-08-19,Vanuatu,Fiji,"Faleata Oval No 2, Apia",Apia,Fiji,field,Vanuatu,T20,completed
1444956,2024-08-20,Samoa,Vanuatu,"Faleata Oval No 2, Apia",Apia,Samoa,bat,Samoa,T20,completed
1444957,2024-08-20,Fiji,Cook Islands,"Faleata Oval No 2, Apia",Apia,Cook Islands,field,Fiji,T20,completed
1444958,2024-08-21,Samoa,Fiji,"Faleata Oval No 2, Apia",Apia,Fiji,field,Samoa,T20,completed
1444959,2024-08-21,Vanuatu,Cook Islands,"Faleata Oval No 2, Apia",Apia,Cook Islands,field,Cook Islands,T20,completed
1444960,2024-08-23,Vanuatu,Fiji,"Faleata Oval No 2, Apia",Apia,Vanuatu,bat,Fiji,T20,completed
1444961,2024-08-23,Samoa,Cook Islands,"Faleata Oval No 2, Apia",Apia,Samoa,bat,Cook Islands,T20,completed
1444962,2024-08-24,Fiji,Cook Islands,"Faleata Oval No 2, Apia",Apia,Cook Islands,field,Fiji,T20,completed
1444963,2024-08-24,Samoa,Vanuatu,"Faleata Oval No 2, Apia",Apia,Samoa,bat,Samoa,T20,completed
1446761,2024-08-23,Canada,Netherlands,"Sportpark Maarschalkerweerd, Utrecht",Utrecht,Canada,bat,Netherlands,T20,completed
1446763,2024-08-25,Netherlands,United States of America,"Sportpark Maarschalkerweerd, Utrecht",Utrecht,United States of America,field,Netherlands,T20,completed
1446764,2024-08-26,Canada,Netherlands,"Sportpark Maarschalkerweerd, Utrecht",Utrecht,Netherlands,field,Canada,T20,completed
1446765,2024-08-27,United States of America,Canada,"Sportpark Westvliet, The Hague",The Hague,United States of America,bat,United States of America,T20,completed
1446766,2024-08-28,Netherlands,United States of America,"Sportpark Westvliet, The Hague",The Hague,Netherlands,bat,Netherlands,T20,completed
1446771,2024-08-21,Hong Kong,Kuwait,"Selangor Turf Club, Kuala Lumpur",Kuala Lumpur,Kuwait,field,Kuwait,T20,completed
1446772,2024-08-22,Kuwait,Malaysia,"Selangor Turf Club, Kuala Lumpur",Kuala Lumpur,Malaysia,field,Malaysia,T20,completed
1446773,2024-08-23,Malaysia,Hong Kong,"Selangor Turf Club, Kuala Lumpur",Kuala Lumpur,Hong Kong,field,Hong Kong,T20,completed
1446774,2024-08-24,Hong Kong,Kuwait,"Selangor Turf Club, Kuala Lumpur",Kuala Lumpur,Kuwait,field,Kuwait,T20,completed
1446775,2024-08-25,Kuwait,Malaysia,"Selangor Turf Club, Kuala Lumpur",Kuala Lumpur,Malaysia,field,Kuwait,T20,completed
1446776,2024-08-26,Hong Kong,Malaysia,"Selangor Turf Club, Kuala Lumpur",Kuala Lumpur,Malaysia,field,Hong Kong,T20,completed
1446777,2024-08-27,Hong Kong,Kuwait,"Selangor Turf Club, Kuala Lumpur",Kuala Lumpur,Kuwait,field,Kuwait,T20,completed
1447477,2024-08-30,Malaysia,Maldives,"Bayuemas Oval, Kuala Lumpur",Kuala Lumpur,Maldives,field,Malaysia,T20,completed
1447478,2024-08-30,Myanmar,Hong Kong,"YSD-UKM Cricket Oval, Bangi",Bangi,Hong Kong,field,Hong Kong,T20,completed
1447479,2024-08-30,Kuwait,Mongolia,"Bayuemas Oval, Kuala Lumpur",Kuala Lumpur,Mongolia,field,Kuwait,T20,completed
1447480,2024-08-31,Singapore,Maldives,"Bayuemas Oval, Kuala Lumpur",Kuala Lumpur,Singapore,bat,Singapore,T20,completed
1447481,2024-08-31,Myanmar,Malaysia,"YSD-UKM Cricket Oval, Bangi",Bangi,Malaysia,field,Malaysia,T20,completed
1447482,2024-08-31,Mongolia,Hong Kong,"Bayuemas Oval, Kuala Lumpur",Kuala Lumpur,Hong Kong,field,Hong Kong,T20,completed
1447483,2024-09-02,Hong Kong,Singapore,"Bayuemas Oval, Kuala Lumpur",Kuala Lumpur,Singapore,field,Hong Kong,T20,completed
1447484,2024-09-02,Kuwait,Maldives,"YSD-UKM Cricket Oval, Bangi",Bangi,Maldives,field,Kuwait,T20,completed
1447485,2024-09-02,Myanmar,Mongolia,"YSD-UKM Cricket Oval, Bangi",Bangi,Mongolia,field,Myanmar,T20,completed
1447486,2024-09-03,Maldives,Hong Kong,"YSD-UKM Cricket Oval, Bangi",Bangi,Hong Kong,field,Hong Kong,T20,completed
1447487,2024-09-03,Myanmar,Kuwait,"Bayuemas Oval, Kuala Lumpur",Kuala Lumpur,Kuwait,field,Kuwait,T20,completed
1447488,2024-09-03,Malaysia,Singapore,"YSD-UKM Cricket Oval, Bangi",Bangi,Malaysia,bat,Malaysia,T20,completed
1447489,2024-09-05,Malaysia,Kuwait,"Bayuemas Oval, Kuala Lumpur",Kuala Lumpur,Kuwait,field,Kuwait,T20,completed
1447490,2024-09-05,Mongolia,Singapore,"YSD-UKM Cricket Oval, Bangi",Bangi,Singapore,field,Singapore,T20,completed
1447491,2024-09-05,Myanmar,Maldives,"Bayuemas Oval, Kuala Lumpur",Kuala Lumpur,Myanmar,bat,Maldives,T20,completed
1447492,2024-09-06,Maldives,Mongolia,"Bayuemas Oval, Kuala Lumpur",Kuala Lumpur,Maldives,bat,Maldives,T20,completed
1447493,2024-09-06,Kuwait,Singapore,"YSD-UKM Cricket Oval, Bangi",Bangi,Singapore,field,Singapore,T20,completed
1447494,2024-09-07,Malaysia,Hong Kong,"Bayuemas Oval, Kuala Lumpur",Kuala Lumpur,Hong Kong,field,Malaysia,T20,completed
1447495,2024-09-09,Myanmar,Singapore,"Bayuemas Oval, Kuala Lumpur",Kuala Lumpur,Singapore,field,Singapore,T20,completed
1447496,2024-09-09,Mongolia,Malaysia,"YSD-UKM Cricket Oval, Bangi",Bangi,Malaysia,field,Malaysia,T20,completed
1448346,2025-06-06,England,West Indies,"Riverside Ground, Chester-le-Street",Chester-le-Street,England,bat,England,T20,completed
1448347,2025-06-08,West Indies,England,"County Ground, Bristol",Bristol,England,field,England,T20,completed
1448348,2025-06-10,England,West Indies,"The Rose Bowl, Southampton",Southampton,West Indies,field,England,T20,completed
1448357,2025-09-10,South Africa,England,"Sophia Gardens, Cardiff",Cardiff,England,field,South Africa,T20,completed
1448358,2025-09-12,England,South Africa,"Old Trafford, Manchester",Manchester,South Africa,field,England,T20,completed
1448360,2025-09-17,Ireland,England,"The Village, Malahide, Dublin",Dublin,England,field,England,T20,completed
1448362,2025-09-21,Ireland,England,"The Village, Malahide, Dublin",Dublin,England,field,England,T20,completed
1449301,2024-11-08,India,South Africa,"Kingsmead, Durban",Durban,South Africa,field,India,T20,completed
1449302,2024-11-10,India,South Africa,"St George's Park, Gqeberha",Gqeberha,South Africa,field,South Africa,T20,completed
1449303,2024-11-13,India,South Africa,"SuperSport Park, Centurion",Centurion,South Africa,field,India,T20,completed
1449304,2024-11-15,India,South Africa,"The Wanderers Stadium, Johannesburg",Johannesburg,India,bat,India,T20,completed
1450751,2024-09-21,Malawi,Lesotho,"Gymkhana Club Ground, Dar-es-Salaam",Dar-es-Salaam,Lesotho,field,Malawi,T20,completed
1450752,2024-09-21,Cameroon,Ghana,"Gymkhana Club Ground, Dar-es-Salaam",Dar-es-Salaam,Cameroon,bat,Ghana,T20,completed
1450753,2024-09-21,Mali,Tanzania,University of Dar-es-Salaam Ground,Dar-es-Salaam,Tanzania,field,Tanzania,T20,completed
1450754,2024-09-22,Mali,Cameroon,"Gymkhana Club Ground, Dar-es-Salaam",Dar-es-Salaam,Mali,bat,Cameroon,T20,completed
1450755,2024-09-22,Malawi,Ghana,University of Dar-es-Salaam Ground,Dar-es-Salaam,Ghana,field,Malawi,T20,completed
1450757,2024-09-24,Ghana,Lesotho,University of Dar-es-Salaam Ground,Dar-es-Salaam,Ghana,bat,Ghana,T20,completed
1450758,2024-09-24,Cameroon,Tanzania,"Gymkhana Club Ground, Dar-es-Salaam",Dar-es-Salaam,Cameroon,bat,Tanzania,T20,completed
1450759,2024-09-24,Mali,Malawi,University of Dar-es-Salaam Ground,Dar-es-Salaam,Mali,bat,Malawi,T20,completed
1450760,2024-09-25,Ghana,Tanzania,University of Dar-es-Salaam Ground,Dar-es-Salaam,Ghana,bat,Tanzania,T20,completed
1450761,2024-09-25,Lesotho,Mali,"Gymkhana Club Ground, Dar-es-Salaam",Dar-es-Salaam,Mali,field,Lesotho,T20,completed
1450762,2024-09-25,Cameroon,Malawi,University of Dar-es-Salaam Ground,Dar-es-Salaam,Malawi,field,Malawi,T20,completed
1450763,2024-09-26,Mali,Ghana,"Gymkhana Club Ground, Dar-es-Salaam",Dar-es-Salaam,Mali,bat,Ghana,T20,completed
1450764,2024-09-26,Lesotho,Cameroon,University of Dar-es-Salaam Ground,Dar-es-Salaam,Cameroon,field,Cameroon,T20,completed
1450765,2024-09-26,Tanzania,Malawi,"Gymkhana Club Ground, Dar-es-Salaam",Dar-es-Salaam,Tanzania,bat,Tanzania,T20,completed
1450766,2024-09-25,Japan,Indonesia,"Yeonhui Cricket Ground, Incheon",Incheon,Japan,bat,Japan,T20,completed
1450767,2024-09-26,Japan,Philippines,"Yeonhui Cricket Ground, Incheon",Incheon,Japan,bat,Japan,T20,completed
1450768,2024-09-28,Philippines,Japan,"Yeonhui Cricket Ground, Incheon",Incheon,Philippines,bat,Japan,T20,completed
1450769,2024-09-28,South Korea,Indonesia,"Yeonhui Cricket Ground, Incheon",Incheon,South Korea,bat,Indonesia,T20,completed
1450770,2024-09-29,Philippines,Indonesia,"Yeonhui Cricket Ground, Incheon",Incheon,Indonesia,field,Philippines,T20,completed
1450771,2024-09-29,South Korea,Japan,"Yeonhui Cricket Ground, Incheon",Incheon,South Korea,bat,Japan,T20,completed
1450772,2024-10-01,Japan,Indonesia,"Yeonhui Cricket Ground, Incheon",Incheon,Indonesia,field,Japan,T20,completed
1450773,2024-10-01,Philippines,South Korea,"Yeonhui Cricket Ground, Incheon",Incheon,South Korea,field,Philippines,T20,completed
1450774,2024-10-02,Japan,Philippines,"Yeonhui Cricket Ground, Incheon",Incheon,Japan,bat,Japan,T20,completed
1450775,2024-10-02,Indonesia,South Korea,"Yeonhui Cricket Ground, Incheon",Incheon,Indonesia,bat,Indonesia,T20,completed
1450776,2024-10-04,Indonesia,Philippines,"Yeonhui Cricket Ground, Incheon",Incheon,Indonesia,bat,Indonesia,T20,completed
1450777,2024-10-04,Japan,South Korea,"Yeonhui Cricket Ground, Incheon",Incheon,Japan,bat,Japan,T20,completed
1450778,2024-10-05,Philippines,South Korea,"Yeonhui Cricket Ground, Incheon",Incheon,Philippines,bat,Philippines,T20,completed
1450779,2024-10-05,Japan,Indonesia,"Yeonhui Cricket Ground, Incheon",Incheon,Japan,bat,Japan,T20,completed
1450817,2024-09-29,United Arab Emirates,Namibia,"Wanderers Cricket Ground, Windhoek",Windhoek,Namibia,field,United Arab Emirates,T20,completed
1450818,2024-09-30,United States of America,United Arab Emirates,"Wanderers Cricket Ground, Windhoek",Windhoek,United States of America,bat,United States of America,T20,completed
1450819,2024-10-01,United States of America,Namibia,"Wanderers Cricket Ground, Windhoek",Windhoek,United States of America,bat,United States of America,T20,completed
1450820,2024-10-02,Namibia,United Arab Emirates,"Wanderers Cricket Ground, Windhoek",Windhoek,Namibia,bat,United Arab Emirates,T20,completed
1450821,2024-10-04,United Arab Emirates,United States of America,"Wanderers Cricket Ground, Windhoek",Windhoek,United Arab Emirates,bat,United Arab Emirates,T20,completed
1450822,2024-10-05,Namibia,United States of America,"Wanderers Cricket Ground, Windhoek",Windhoek,Namibia,bat,United States of America,T20,completed
1450823,2024-09-28,Canada,Nepal,"Maple Leaf North-West Ground, King City",King City,Nepal,field,Canada,T20,completed
1450824,2024-09-29,Nepal,Oman,"Maple Leaf North-West Ground, King City",King City,Oman,field,Nepal,T20,completed
1450825,2024-09-30,Canada,Oman,"Maple Leaf North-West Ground, King City",King City,Oman,field,Oman,T20,completed
1450826,2024-10-01,Nepal,Canada,"Maple Leaf North-West Ground, King City",King City,Canada,field,Canada,T20,completed
1450827,2024-10-02,Nepal,Oman,"Maple Leaf North-West Ground, King City",King City,Oman,field,Nepal,T20,completed
1450828,2024-10-03,Oman,Canada,"Maple Leaf North-West Ground, King City",King City,Canada,field,Canada,T20,completed
1451814,2024-10-13,Sri Lanka,West Indies,Rangiri Dambulla International Stadium,Dambulla,West Indies,field,West Indies,T20,completed
1451815,2024-10-15,Sri Lanka,West Indies,Rangiri Dambulla International Stadium,Dambulla,Sri Lanka,bat,Sri Lanka,T20,completed
1451816,2024-10-17,West Indies,Sri Lanka,Rangiri Dambulla International Stadium,Dambulla,West Indies,bat,Sri Lanka,T20,completed
1452624,2024-09-30,Serbia,Gibraltar,Europa Sports Complex,Gibraltar,Serbia,bat,Gibraltar,T20,completed
1452625,2024-09-30,Serbia,Gibraltar,Europa Sports Complex,Gibraltar,Gibraltar,field,Gibraltar,T20,completed
1453518,2024-10-17,Nepal,United States of America,"Grand Prairie Stadium, Dallas",Dallas,United States of America,field,Nepal,T20,completed
1453520,2024-10-20,United States of America,Nepal,"Grand Prairie Stadium, Dallas",Dallas,United States of America,bat,Nepal,T20,completed
1453903,2024-10-12,Brazil,Mexico,Sao Fernando Polo and Cricket Club,Seropedica,Mexico,field,Brazil,T20,completed
1453909,2024-10-13,Mexico,Argentina,Sao Fernando Polo and Cricket Club,Seropedica,Argentina,field,Argentina,T20,completed
1453911,2024-10-19,Thailand,Bhutan,Gelephu International Cricket Ground,Gelephu,Bhutan,field,Thailand,T20,completed
1453912,2024-10-19,Indonesia,Maldives,Gelephu International Cricket Ground,Gelephu,Indonesia,bat,Maldives,T20,completed
1453913,2024-10-20,Maldives,Bhutan,Gelephu International Cricket Ground,Gelephu,Bhutan,field,Bhutan,T20,completed
1453914,2024-10-20,Indonesia,Thailand,Gelephu International Cricket Ground,Gelephu,Indonesia,bat,Thailand,T20,completed
1453915,2024-10-22,Thailand,Maldives,Gelephu International Cricket Ground,Gelephu,Thailand,bat,Thailand,T20,completed
1453916,2024-10-22,Bhutan,Indonesia,Gelephu International Cricket Ground,Gelephu,Bhutan,bat,Bhutan,T20,completed
1453917,2024-10-23,Thailand,Indonesia,Gelephu International Cricket Ground,Gelephu,Thailand,bat,Thailand,T20,completed
1453918,2024-10-23,Bhutan,Maldives,Gelephu International Cricket Ground,Gelephu,Bhutan,bat,Maldives,T20,completed
1453919,2024-10-24,Indonesia,Bhutan,Gelephu International Cricket Ground,Gelephu,Indonesia,bat,Bhutan,T20,completed
1453922,2024-10-19,Zimbabwe,Seychelles,"Gymkhana Club Ground, Nairobi",Nairobi,Seychelles,field,Zimbabwe,T20,completed
1453923,2024-10-19,Kenya,Mozambique,"Ruaraka Sports Club Ground, Nairobi",Nairobi,Mozambique,field,Kenya,T20,completed
1453924,2024-10-24,Rwanda,Seychelles,"Ruaraka Sports Club Ground, Nairobi",Nairobi,Rwanda,bat,Rwanda,T20,completed
1453925,2024-10-24,Zimbabwe,Kenya,"Gymkhana Club Ground, Nairobi",Nairobi,Zimbabwe,bat,Zimbabwe,T20,completed
1453926,2024-10-24,Gambia,Mozambique,"Ruaraka Sports Club Ground, Nairobi",Nairobi,Gambia,bat,Mozambique,T20,completed
1453927,2024-10-20,Mozambique,Zimbabwe,"Gymkhana Club Ground, Nairobi",Nairobi,Zimbabwe,field,Zimbabwe,T20,completed
1453929,2024-10-20,Rwanda,Kenya,"Gymkhana Club Ground, Nairobi",Nairobi,Rwanda,bat,Kenya,T20,completed
1453930,2024-10-23,Seychelles,Kenya,"Ruaraka Sports Club Ground, Nairobi",Nairobi,Seychelles,bat,Kenya,T20,completed
1453931,2024-10-23,Rwanda,Mozambique,"Gymkhana Club Ground, Nairobi",Nairobi,Rwanda,bat,Mozambique,T20,completed
1453932,2024-10-23,Zimbabwe,Gambia,"Ruaraka Sports Club Ground, Nairobi",Nairobi,Zimbabwe,bat,Zimbabwe,T20,completed
1453933,2024-10-22,Mozambique,Seychelles,"Gymkhana Club Ground, Nairobi",Nairobi,Mozambique,bat,Mozambique,T20,completed
1453934,2024-10-22,Kenya,Gambia,"Gymkhana Club Ground, Nairobi",Nairobi,Kenya,bat,Kenya,T20,completed
1453935,2024-10-22,Zimbabwe,Rwanda,"Ruaraka Sports Club Ground, Nairobi",Nairobi,Zimbabwe,bat,Zimbabwe,T20,completed
1454384,2024-10-09,Malawi,Rwanda,"TCA Oval, Blantyre",Blantyre,Malawi,bat,Rwanda,T20,completed
1454385,2024-10-10,Malawi,Rwanda,"TCA Oval, Blantyre",Blantyre,Rwanda,field,Rwanda,T20,completed
1454388,2024-10-13,Malawi,Rwanda,"TCA Oval, Blantyre",Blantyre,Rwanda,field,Rwanda,T20,completed
1454819,2024-11-13,Netherlands,Oman,Al Amerat Cricket Ground Oman Cricket (Ministry Turf 1),Al Amarat,Oman,field,Oman,T20,completed
1454820,2024-11-14,Netherlands,Oman,Al Amerat Cricket Ground Oman Cricket (Ministry Turf 1),Al Amarat,Oman,field,Netherlands,T20,completed
1454821,2024-11-16,Netherlands,Oman,Al Amerat Cricket Ground Oman Cricket (Ministry Turf 1),Al Amarat,Oman,field,Netherlands,T20,completed
1456013,2024-10-18,Kenya,Seychelles,"Sikh Union Club Ground, Nairobi",Nairobi,Kenya,bat,Kenya,T20,completed
1456441,2024-11-09,New Zealand,Sri Lanka,Rangiri Dambulla International Stadium,Dambulla,New Zealand,bat,Sri Lanka,T20,completed
1456442,2024-11-10,New Zealand,Sri Lanka,Rangiri Dambulla International Stadium,Dambulla,Sri Lanka,field,New Zealand,T20,completed
1456867,2024-11-12,Indonesia,Myanmar,Udayana Cricket Ground,Bali,Myanmar,field,Indonesia,T20,completed
1456868,2024-11-13,Myanmar,Indonesia,Udayana Cricket Ground,Bali,Myanmar,bat,Indonesia,T20,completed
1456869,2024-11-15,Myanmar,Indonesia,Udayana Cricket Ground,Bali,Indonesia,field,Indonesia,T20,completed
1456870,2024-11-16,Myanmar,Indonesia,Udayana Cricket Ground,Bali,Myanmar,bat,Indonesia,T20,completed
1456871,2024-11-17,Indonesia,Myanmar,Udayana Cricket Ground,Bali,Indonesia,bat,Indonesia,T20,completed
1456872,2024-11-19,Myanmar,Indonesia,Udayana Cricket Ground,Bali,Myanmar,bat,Indonesia,T20,completed
1457217,2024-11-19,Thailand,Qatar,"West End Park International Cricket Stadium, Doha",Doha,Qatar,field,Qatar,T20,completed
1457218,2024-11-19,United Arab Emirates,Bhutan,University of Doha for Science and Technology,Doha,Bhutan,field,United Arab Emirates,T20,completed
1457219,2024-11-19,Bahrain,Saudi Arabia,"West End Park International Cricket Stadium, Doha",Doha,Saudi Arabia,field,Bahrain,T20,completed
1457220,2024-11-20,Thailand,Cambodia,"West End Park International Cricket Stadium, Doha",Doha,Cambodia,field,Thailand,T20,completed
1457221,2024-11-20,Bhutan,Qatar,University of Doha for Science and Technology,Doha,Qatar,field,Qatar,T20,completed
1457222,2024-11-20,United Arab Emirates,Saudi Arabia,"West End Park International Cricket Stadium, Doha",Doha,United Arab Emirates,bat,United Arab Emirates,T20,completed
1457223,2024-11-22,Cambodia,United Arab Emirates,"West End Park International Cricket Stadium, Doha",Doha,United Arab Emirates,field,United Arab Emirates,T20,completed
1457224,2024-11-22,Bahrain,Thailand,University of Doha for Science and Technology,Doha,Bahrain,bat,Thailand,T20,completed
1457225,2024-11-22,Saudi Arabia,Bhutan,University of Doha for Science and Technology,Doha,Bhutan,field,Saudi Arabia,T20,completed
1457226,2024-11-23,Bahrain,Bhutan,"West End Park International Cricket Stadium, Doha",Doha,Bhutan,field,Bahrain,T20,completed
1457227,2024-11-23,United Arab Emirates,Thailand,University of Doha for Science and Technology,Doha,United Arab Emirates,bat,United Arab Emirates,T20,completed
1457228,2024-11-23,Qatar,Cambodia,University of Doha for Science and Technology,Doha,Qatar,bat,Qatar,T20,completed
1457229,2024-11-25,Qatar,Bahrain,"West End Park International Cricket Stadium, Doha",Doha,Bahrain,field,Qatar,T20,completed
1457230,2024-11-25,Cambodia,Saudi Arabia,University of Doha for Science and Technology,Doha,Saudi Arabia,field,Saudi Arabia,T20,completed
1457231,2024-11-25,Thailand,Bhutan,"West End Park International Cricket Stadium, Doha",Doha,Thailand,bat,Thailand,T20,completed
1457232,2024-11-26,Thailand,Saudi Arabia,"West End Park International Cricket Stadium, Doha",Doha,Saudi Arabia,field,Saudi Arabia,T20,completed
1457233,2024-11-26,Bahrain,Cambodia,University of Doha for Science and Technology,Doha,Cambodia,field,Bahrain,T20,completed
1457234,2024-11-26,United Arab Emirates,Qatar,"West End Park International Cricket Stadium, Doha",Doha,United Arab Emirates,bat,United Arab Emirates,T20,completed
1457235,2024-11-28,Bhutan,Cambodia,"West End Park International Cricket Stadium, Doha",Doha,Cambodia,field,Cambodia,T20,completed
1457236,2024-11-28,Saudi Arabia,Qatar,University of Doha for Science and Technology,Doha,Qatar,field,Qatar,T20,completed
1457350,2024-10-28,Bahrain,Uganda,Jinja Cricket Ground,Jinja,Uganda,field,Bahrain,T20,completed
1457351,2024-10-29,Bahrain,Uganda,Jinja Cricket Ground,Jinja,Bahrain,bat,Uganda,T20,completed
1459278,2024-11-28,Bahrain,United Arab Emirates,University of Doha for Science and Technology,Doha,Bahrain,bat,United Arab Emirates,T20,completed
1459374,2024-11-23,Botswana,Eswatini,"Tafawa Balewa Square Cricket Oval, Lagos",Lagos,Botswana,bat,Botswana,T20,completed
1459375,2024-11-23,Sierra Leone,Ivory Coast,"Tafawa Balewa Square Cricket Oval, Lagos",Lagos,Sierra Leone,bat,Sierra Leone,T20,completed
1459376,2024-11-23,Nigeria,St Helena,University of Lagos Cricket Oval,Lagos,Nigeria,bat,Nigeria,T20,completed
1459377,2024-11-28,Ivory Coast,St Helena,"Nigeria Cricket Federation Oval 1, Abuja",Abuja,Ivory Coast,bat,St Helena,T20,completed
1459378,2024-11-28,Sierra Leone,Eswatini,"Nigeria Cricket Federation Oval 2, Abuja",Abuja,Sierra Leone,bat,Sierra Leone,T20,completed
1459379,2024-11-28,Nigeria,Botswana,"Nigeria Cricket Federation Oval 2, Abuja",Abuja,Nigeria,bat,Nigeria,T20,completed
1459380,2024-11-26,St Helena,Sierra Leone,"Nigeria Cricket Federation Oval 1, Abuja",Abuja,Sierra Leone,field,Sierra Leone,T20,completed
1459381,2024-11-26,Eswatini,Nigeria,"Nigeria Cricket Federation Oval 1, Abuja",Abuja,Eswatini,bat,Nigeria,T20,completed
1459382,2024-11-26,Ivory Coast,Botswana,"Nigeria Cricket Federation Oval 2, Abuja",Abuja,Botswana,field,Botswana,T20,completed
1459383,2024-11-27,Nigeria,Sierra Leone,"Nigeria Cricket Federation Oval 2, Abuja",Abuja,Sierra Leone,field,Nigeria,T20,completed
1459384,2024-11-27,St Helena,Botswana,"Nigeria Cricket Federation Oval 1, Abuja",Abuja,St Helena,bat,Botswana,T20,completed
1459385,2024-11-27,Ivory Coast,Eswatini,"Nigeria Cricket Federation Oval 2, Abuja",Abuja,Ivory Coast,bat,Eswatini,T20,completed
1459386,2024-11-24,Sierra Leone,Botswana,University of Lagos Cricket Oval,Lagos,Sierra Leone,bat,Botswana,T20,completed
1459387,2024-11-24,Nigeria,Ivory Coast,"Tafawa Balewa Square Cricket Oval, Lagos",Lagos,Nigeria,bat,Nigeria,T20,completed
1459388,2024-11-24,Eswatini,St Helena,University of Lagos Cricket Oval,Lagos,Eswatini,bat,Eswatini,T20,completed
1462877,2024-12-06,Panama,Suriname,"St Albans Club, Buenos Aires",Buenos Aires,Panama,bat,Panama,T20,completed
1462878,2024-12-06,Bahamas,Brazil,"St George's College Ground, Buenos Aires",Buenos Aires,Bahamas,bat,Bahamas,T20,completed
1462880,2024-12-07,Mexico,Brazil,"Hurlingham Club Ground, Buenos Aires",Buenos Aires,Mexico,bat,Mexico,T20,completed
1462881,2024-12-07,Argentina,Belize,"St George's College Ground, Buenos Aires",Buenos Aires,Belize,field,Argentina,T20,completed
1462882,2024-12-07,Bermuda,Suriname,"Hurlingham Club Ground, Buenos Aires",Buenos Aires,Bermuda,bat,Bermuda,T20,completed
1462883,2024-12-07,Cayman Islands,Panama,"St George's College Ground, Buenos Aires",Buenos Aires,Cayman Islands,bat,Cayman Islands,T20,completed
1462884,2024-12-08,Panama,Bermuda,"St Albans Club, Buenos Aires",Buenos Aires,Panama,bat,Bermuda,T20,completed
1462885,2024-12-08,Bahamas,Argentina,"Hurlingham Club Ground, Buenos Aires",Buenos Aires,Bahamas,bat,Bahamas,T20,completed
1462886,2024-12-08,Suriname,Brazil,"St Albans Club, Buenos Aires",Buenos Aires,Suriname,bat,Brazil,T20,completed
1462887,2024-12-08,Cayman Islands,Belize,"Hurlingham Club Ground, Buenos Aires",Buenos Aires,Cayman Islands,bat,Cayman Islands,T20,completed
1462888,2024-12-10,Cayman Islands,Suriname,"Hurlingham Club Ground, Buenos Aires",Buenos Aires,Suriname,field,Suriname,T20,completed
1462889,2024-12-10,Bahamas,Belize,"St Albans Club, Buenos Aires",Buenos Aires,Belize,field,Bahamas,T20,completed
1462890,2024-12-10,Mexico,Bermuda,"Hurlingham Club Ground, Buenos Aires",Buenos Aires,Mexico,bat,Bermuda,T20,completed
1462891,2024-12-10,Panama,Argentina,"St Albans Club, Buenos Aires",Buenos Aires,Panama,bat,Argentina,T20,completed
1462892,2024-12-11,Mexico,Cayman Islands,"St George's College Ground, Buenos Aires",Buenos Aires,Mexico,bat,Cayman Islands,T20,completed
1462893,2024-12-11,Bahamas,Panama,"Hurlingham Club Ground, Buenos Aires",Buenos Aires,Bahamas,bat,Bahamas,T20,completed
1462894,2024-12-11,Bermuda,Brazil,"St George's College Ground, Buenos Aires",Buenos Aires,Brazil,field,Bermuda,T20,completed
1462895,2024-12-11,Suriname,Argentina,"Hurlingham Club Ground, Buenos Aires",Buenos Aires,Suriname,bat,Argentina,T20,completed
1462896,2024-12-12,Panama,Brazil,"Belgrano Athletic Club Ground, Buenos Aires",Buenos Aires,Panama,bat,Brazil,T20,completed
1462897,2024-12-12,Suriname,Mexico,"St George's College Ground, Buenos Aires",Buenos Aires,Mexico,field,Mexico,T20,completed
1462898,2024-12-12,Bahamas,Cayman Islands,"Belgrano Athletic Club Ground, Buenos Aires",Buenos Aires,Bahamas,bat,Cayman Islands,T20,completed
1462899,2024-12-12,Bermuda,Belize,"St George's College Ground, Buenos Aires",Buenos Aires,Belize,field,Bermuda,T20,completed
1462900,2024-12-14,Cayman Islands,Brazil,"St Albans Club, Buenos Aires",Buenos Aires,Cayman Islands,bat,Cayman Islands,T20,completed
1462901,2024-12-14,Bahamas,Suriname,"Belgrano Athletic Club Ground, Buenos Aires",Buenos Aires,Bahamas,bat,Bahamas,T20,completed
1462902,2024-12-14,Panama,Belize,"St Albans Club, Buenos Aires",Buenos Aires,Panama,bat,Belize,T20,completed
1462903,2024-12-14,Argentina,Mexico,"Belgrano Athletic Club Ground, Buenos Aires",Buenos Aires,Mexico,field,Argentina,T20,completed
1462904,2024-12-15,Brazil,Belize,"Belgrano Athletic Club Ground, Buenos Aires",Buenos Aires,Brazil,bat,Belize,T20,completed
1462905,2024-12-15,Cayman Islands,Argentina,"Hurlingham Club Ground, Buenos Aires",Buenos Aires,Argentina,field,Cayman Islands,T20,completed
1462906,2024-12-15,Bermuda,Bahamas,"Belgrano Athletic Club Ground, Buenos Aires",Buenos Aires,Bermuda,bat,Bermuda,T20,completed
1462907,2024-12-15,Panama,Mexico,"Hurlingham Club Ground, Buenos Aires",Buenos Aires,Mexico,field,Panama,T20,completed
1462908,2024-12-16,Bermuda,Cayman Islands,"St Albans Club, Buenos Aires",Buenos Aires,Bermuda,bat,Bermuda,T20,completed
1462909,2024-12-16,Bahamas,Mexico,"St George's College Ground, Buenos Aires",Buenos Aires,Bahamas,bat,Bahamas,T20,completed
1462910,2024-12-16,Belize,Suriname,"St Albans Club, Buenos Aires",Buenos Aires,Belize,bat,Suriname,T20,completed
1462911,2024-12-16,Argentina,Brazil,"St George's College Ground, Buenos Aires",Buenos Aires,Brazil,field,Argentina,T20,completed
1462912,2024-12-04,Uganda,Botswana,"Gahanga International Cricket Stadium, Rwanda",Kigali City,Botswana,field,Uganda,T20,completed
1462913,2024-12-13,Nigeria,Rwanda,"Gahanga International Cricket Stadium, Rwanda",Kigali City,Nigeria,bat,Nigeria,T20,completed
1462914,2024-12-08,Rwanda,Botswana,"Gahanga International Cricket Stadium, Rwanda",Kigali City,Rwanda,bat,Botswana,T20,completed
1462915,2024-12-06,Nigeria,Uganda,"Gahanga International Cricket Stadium, Rwanda",Kigali City,Nigeria,bat,Uganda,T20,completed
1462916,2024-12-04,Rwanda,Nigeria,"Gahanga International Cricket Stadium, Rwanda",Kigali City,Rwanda,bat,Nigeria,T20,completed
1462917,2024-12-11,Uganda,Nigeria,"Gahanga International Cricket Stadium, Rwanda",Kigali City,Nigeria,field,Uganda,T20,completed
1462918,2024-12-11,Rwanda,Botswana,"Gahanga International Cricket Stadium, Rwanda",Kigali City,Botswana,field,Rwanda,T20,completed
1462919,2024-12-05,Nigeria,Botswana,"Gahanga International Cricket Stadium, Rwanda",Kigali City,Botswana,field,Nigeria,T20,completed
1462920,2024-12-12,Botswana,Nigeria,"Gahanga International Cricket Stadium, Rwanda",Kigali City,Botswana,bat,Nigeria,T20,completed
1462921,2024-12-05,Uganda,Rwanda,"Gahanga International Cricket Stadium, Rwanda",Kigali City,Rwanda,field,Uganda,T20,completed
1462922,2024-12-09,Nigeria,Rwanda,"Gahanga International Cricket Stadium, Rwanda",Kigali City,Nigeria,bat,Rwanda,T20,completed
1462923,2024-12-12,Uganda,Rwanda,"Gahanga International Cricket Stadium, Rwanda",Kigali City,Rwanda,field,Uganda,T20,completed
1462924,2024-12-06,Botswana,Rwanda,"Gahanga International Cricket Stadium, Rwanda",Kigali City,Rwanda,field,Rwanda,T20,completed
1462925,2024-12-08,Nigeria,Uganda,"Gahanga International Cricket Stadium, Rwanda",Kigali City,Uganda,field,Uganda,T20,completed
1462926,2024-12-02,Bermuda,Argentina,"Hurlingham Club Ground, Buenos Aires",Buenos Aires,Argentina,field,Bermuda,T20,completed
1462927,2024-12-07,Nigeria,Botswana,"Gahanga International Cricket Stadium, Rwanda",Kigali City,Nigeria,bat,Botswana,T20,completed
1462928,2024-12-09,Uganda,Botswana,"Gahanga International Cricket Stadium, Rwanda",Kigali City,Botswana,field,Uganda,T20,completed
1462930,2024-12-13,Uganda,Botswana,"Gahanga International Cricket Stadium, Rwanda",Kigali City,Uganda,bat,Uganda,T20,completed
1462931,2024-12-07,Uganda,Rwanda,"Gahanga International Cricket Stadium, Rwanda",Kigali City,Rwanda,field,Uganda,T20,completed
1462932,2024-12-14,Nigeria,Uganda,"Gahanga International Cricket Stadium, Rwanda",Kigali City,Nigeria,bat,Uganda,T20,completed
1463652,2024-12-13,Bahrain,United Arab Emirates,"ICC Academy, Dubai",Dubai,Bahrain,bat,United Arab Emirates,T20,completed
1463653,2024-12-13,Saudi Arabia,Kuwait,"ICC Academy, Dubai",Dubai,Kuwait,field,Kuwait,T20,completed
1463654,2024-12-14,Bahrain,Kuwait,"ICC Academy, Dubai",Dubai,Kuwait,field,Bahrain,T20,completed
1463655,2024-12-14,Oman,Qatar,"ICC Academy, Dubai",Dubai,Qatar,field,Oman,T20,completed
1463656,2024-12-15,United Arab Emirates,Oman,"ICC Academy, Dubai",Dubai,Oman,field,United Arab Emirates,T20,completed
1463657,2024-12-15,Qatar,Saudi Arabia,"ICC Academy, Dubai",Dubai,Saudi Arabia,field,Saudi Arabia,T20,completed
1463658,2024-12-16,Saudi Arabia,Bahrain,"ICC Academy, Dubai",Dubai,Bahrain,field,Bahrain,T20,completed
1463659,2024-12-16,United Arab Emirates,Kuwait,"ICC Academy, Dubai",Dubai,United Arab Emirates,bat,United Arab Emirates,T20,completed
1463660,2024-12-17,Qatar,Kuwait,"ICC Academy, Dubai",Dubai,Kuwait,field,Kuwait,T20,completed
1463661,2024-12-17,Oman,Bahrain,"ICC Academy, Dubai",Dubai,Bahrain,field,Oman,T20,completed
1463662,2024-12-18,Oman,Saudi Arabia,"ICC Academy, Dubai",Dubai,Saudi Arabia,field,Saudi Arabia,T20,completed
1463663,2024-12-18,United Arab Emirates,Qatar,"ICC Academy, Dubai",Dubai,United Arab Emirates,bat,United Arab Emirates,T20,completed
1463664,2024-12-19,Saudi Arabia,United Arab Emirates,"ICC Academy, Dubai",Dubai,United Arab Emirates,field,Saudi Arabia,T20,completed
1463665,2024-12-20,Bahrain,Qatar,"ICC Academy, Dubai",Dubai,Qatar,field,Qatar,T20,completed
1463666,2024-12-20,Oman,Kuwait,"ICC Academy, Dubai",Dubai,Oman,bat,Kuwait,T20,completed
1463667,2024-12-21,United Arab Emirates,Kuwait,Dubai International Cricket Stadium,Dubai,United Arab Emirates,bat,United Arab Emirates,T20,completed
1467705,2025-02-23,Ireland,Zimbabwe,Harare Sports Club,Harare,Zimbabwe,field,Zimbabwe,T20,completed
1470186,2025-02-03,Hungary,Malta,Marsa Sports Club,Marsa,Malta,field,Hungary,T20,completed
1470187,2025-02-03,Malta,Austria,Marsa Sports Club,Marsa,Austria,field,Austria,T20,completed
1470188,2025-02-04,Hungary,Austria,Marsa Sports Club,Marsa,Hungary,bat,Austria,T20,completed
1470189,2025-02-04,Malta,Hungary,Marsa Sports Club,Marsa,Malta,bat,Hungary,T20,completed
1470190,2025-02-05,Malta,Austria,Marsa Sports Club,Marsa,Austria,field,Austria,T20,completed
1470191,2025-02-05,Austria,Hungary,Marsa Sports Club,Marsa,Hungary,field,Hungary,T20,completed
1471822,2025-02-19,Bahrain,Indonesia,Udayana Cricket Ground,Bali,Indonesia,field,Bahrain,T20,completed
1471823,2025-02-20,Indonesia,Bahrain,Udayana Cricket Ground,Bali,Bahrain,field,Bahrain,T20,completed
1471824,2025-02-22,Bahrain,Indonesia,Udayana Cricket Ground,Bali,Indonesia,field,Indonesia,T20,completed
1471825,2025-02-23,Bahrain,Indonesia,Udayana Cricket Ground,Bali,Indonesia,field,Bahrain,T20,completed
1471826,2025-02-24,Indonesia,Bahrain,Udayana Cricket Ground,Bali,Indonesia,bat,Bahrain,T20,completed
1472516,2025-06-15,West Indies,Ireland,"Bready Cricket Club, Magheramason, Bready",Bready,Ireland,field,West Indies,T20,completed
1472520,2025-07-20,West Indies,Australia,"Sabina Park, Kingston, Jamaica",Kingston,Australia,field,Australia,T20,completed
1472521,2025-07-22,West Indies,Australia,"Sabina Park, Kingston, Jamaica",Kingston,Australia,field,Australia,T20,completed
1472522,2025-07-25,West Indies,Australia,"Warner Park, Basseterre, St Kitts",Basseterre,Australia,field,Australia,T20,completed
1472523,2025-07-26,West Indies,Australia,"Warner Park, Basseterre, St Kitts",Basseterre,Australia,field,Australia,T20,completed
1472524,2025-07-28,West Indies,Australia,"Warner Park, Basseterre, St Kitts",Basseterre,Australia,field,Australia,T20,completed
1472525,2025-07-31,Pakistan,West Indies,"Central Broward Regional Park Stadium Turf Ground, Lauderhill",Lauderhill,West Indies,field,Pakistan,T20,completed
1472526,2025-08-02,Pakistan,West Indies,"Central Broward Regional Park Stadium Turf Ground, Lauderhill",Lauderhill,Pakistan,bat,West Indies,T20,completed
1472527,2025-08-03,Pakistan,West Indies,"Central Broward Regional Park Stadium Turf Ground, Lauderhill",Lauderhill,Pakistan,bat,Pakistan,T20,completed
1473145,2025-02-20,Oman,United States of America,Al Amerat Cricket Ground Oman Cricket (Ministry Turf 1),Al Amarat,United States of America,field,United States of America,T20,completed
1473146,2025-02-21,Oman,United States of America,Al Amerat Cricket Ground Oman Cricket (Ministry Turf 1),Al Amarat,United States of America,field,United States of America,T20,completed
1473147,2025-02-23,Oman,United States of America,Al Amerat Cricket Ground Oman Cricket (Ministry Turf 1),Al Amarat,Oman,bat,United States of America,T20,completed
1474260,2025-02-28,Bahrain,Singapore,Singapore National Cricket Ground,Singapore,Singapore,field,Bahrain,T20,completed
1474261,2025-03-01,Singapore,Bahrain,Singapore National Cricket Ground,Singapore,Singapore,bat,Bahrain,T20,completed
1474262,2025-03-02,Singapore,Bahrain,Singapore National Cricket Ground,Singapore,Singapore,bat,Bahrain,T20,completed
1475525,2025-03-10,Malaysia,Bahrain,"Bayuemas Oval, Kuala Lumpur",Kuala Lumpur,Bahrain,field,Bahrain,T20,completed
1475526,2025-03-11,Hong Kong,Bahrain,"Bayuemas Oval, Kuala Lumpur",Kuala Lumpur,Hong Kong,bat,Bahrain,T20,completed
1475527,2025-03-12,Hong Kong,Malaysia,"Bayuemas Oval, Kuala Lumpur",Kuala Lumpur,Hong Kong,bat,Hong Kong,T20,completed
1475528,2025-03-13,Bahrain,Malaysia,"Bayuemas Oval, Kuala Lumpur",Kuala Lumpur,Malaysia,field,Bahrain,T20,completed
1475530,2025-03-15,Malaysia,Hong Kong,"Bayuemas Oval, Kuala Lumpur",Kuala Lumpur,Malaysia,bat,Hong Kong,T20,completed
1475531,2025-03-17,Hong Kong,Bahrain,"Bayuemas Oval, Kuala Lumpur",Kuala Lumpur,Hong Kong,bat,Bahrain,T20,completed
1476795,2025-03-19,Canada,Namibia,"Namibia Cricket Ground, Windhoek",Windhoek,Namibia,field,Namibia,T20,completed
1476797,2025-03-22,Canada,Namibia,"Namibia Cricket Ground, Windhoek",Windhoek,Canada,bat,Namibia,T20,completed
1476798,2025-03-23,Canada,Namibia,"Namibia Cricket Ground, Windhoek",Windhoek,Namibia,field,Namibia,T20,completed
1477609,2026-01-27,West Indies,South Africa,"Boland Park, Paarl",Paarl,South Africa,field,South Africa,T20,completed
1477610,2026-01-29,West Indies,South Africa,"SuperSport Park, Centurion",Centurion,South Africa,field,South Africa,T20,completed
1477611,2026-01-31,West Indies,South Africa,"The Wanderers Stadium, Johannesburg",Johannesburg,South Africa,field,West Indies,T20,completed
1478228,2025-04-07,Norway,Portugal,Santarem Cricket Ground,Albergaria,Portugal,field,Norway,T20,completed
1478229,2025-04-08,Norway,Portugal,Santarem Cricket Ground,Albergaria,Norway,bat,Portugal,T20,completed
1478230,2025-04-09,Portugal,Norway,Santarem Cricket Ground,Albergaria,Portugal,bat,Portugal,T20,completed
1478865,2025-07-14,Zimbabwe,South Africa,Harare Sports Club,Harare,South Africa,field,South Africa,T20,completed
1478866,2025-07-16,New Zealand,South Africa,Harare Sports Club,Harare,South Africa,field,New Zealand,T20,completed
1478867,2025-07-18,Zimbabwe,New Zealand,Harare Sports Club,Harare,New Zealand,field,New Zealand,T20,completed
1478868,2025-07-20,Zimbabwe,South Africa,Harare Sports Club,Harare,South Africa,field,South Africa,T20,completed
1478869,2025-07-22,South Africa,New Zealand,Harare Sports Club,Harare,New Zealand,field,New Zealand,T20,completed
1478870,2025-07-24,New Zealand,Zimbabwe,Harare Sports Club,Harare,New Zealand,bat,New Zealand,T20,completed
1478871,2025-07-26,New Zealand,South Africa,Harare Sports Club,Harare,South Africa,field,New Zealand,T20,completed
1478898,2025-08-10,Australia,South Africa,"Marrara Stadium, Darwin",Darwin,South Africa,field,Australia,T20,completed
1478899,2025-08-12,South Africa,Australia,"Marrara Stadium, Darwin",Darwin,Australia,field,South Africa,T20,completed
1478900,2025-08-16,South Africa,Australia,"Cazaly's Stadium, Cairns",Cairns,Australia,field,Australia,T20,completed
1478908,2025-10-31,India,Australia,Melbourne Cricket Ground,Melbourne,Australia,field,Australia,T20,completed
1478909,2025-11-02,Australia,India,"Bellerive Oval, Hobart",Hobart,India,field,India,T20,completed
1478910,2025-11-06,India,Australia,Carrara Oval,Carrara,Australia,field,India,T20,completed
1479320,2025-04-09,Qatar,Nepal,"Mission Road Ground, Mong Kok, Hong Kong",Mong Kok,Nepal,field,Nepal,T20,completed
1479321,2025-04-09,Hong Kong,Kuwait,"Mission Road Ground, Mong Kok, Hong Kong",Mong Kok,Kuwait,field,Kuwait,T20,completed
1479322,2025-04-10,Kuwait,Nepal,"Mission Road Ground, Mong Kok, Hong Kong",Mong Kok,Nepal,field,Nepal,T20,completed
1479323,2025-04-10,Hong Kong,Qatar,"Mission Road Ground, Mong Kok, Hong Kong",Mong Kok,Qatar,field,Hong Kong,T20,completed
1479324,2025-04-12,Qatar,Kuwait,"Mission Road Ground, Mong Kok, Hong Kong",Mong Kok,Kuwait,field,Kuwait,T20,completed
1479326,2025-04-13,Hong Kong,Qatar,"Mission Road Ground, Mong Kok, Hong Kong",Mong Kok,Qatar,field,Hong Kong,T20,completed
1479327,2025-04-13,Kuwait,Nepal,"Mission Road Ground, Mong Kok, Hong Kong",Mong Kok,Nepal,field,Kuwait,T20,completed
1479576,2025-12-09,India,South Africa,"Barabati Stadium, Cuttack",Cuttack,South Africa,field,India,T20,completed
1479577,2025-12-11,South Africa,India,"Maharaja Yadavindra Singh International Cricket Stadium, New Chandigarh",New Chandigarh,India,field,South Africa,T20,completed
1479578,2025-12-14,South Africa,India,"Himachal Pradesh Cricket Association Stadium, Dharamsala",Dharamsala,India,field,India,T20,completed
1479580,2025-12-19,India,South Africa,"Narendra Modi Stadium, Ahmedabad",Ahmedabad,South Africa,field,India,T20,completed
1481295,2025-04-17,Mexico,Costa Rica,"Clayton Panama, Panama City",Panama City,Costa Rica,field,Mexico,T20,completed
1481296,2025-04-17,Panama,Turks and Caicos Island,"Clayton Panama, Panama City",Panama City,Panama,bat,Panama,T20,completed
1481297,2025-04-18,Costa Rica,Panama,"Clayton Panama, Panama City",Panama City,Costa Rica,bat,Panama,T20,completed
1481298,2025-04-18,Turks and Caicos Island,Mexico,"Clayton Panama, Panama City",Panama City,Turks and Caicos Island,bat,Mexico,T20,completed
1481299,2025-04-19,Costa Rica,Turks and Caicos Island,"Clayton Panama, Panama City",Panama City,Costa Rica,bat,Turks and Caicos Island,T20,completed
1481300,2025-04-19,Panama,Mexico,"Clayton Panama, Panama City",Panama City,Panama,bat,Panama,T20,completed
1481301,2025-04-20,Turks and Caicos Island,Costa Rica,"Clayton Panama, Panama City",Panama City,Turks and Caicos Island,bat,Costa Rica,T20,completed
1481303,2025-04-19,United States of America,Cayman Islands,"Jimmy Powell Oval, Cayman Islands",George Town,United States of America,bat,United States of America,T20,completed
1481304,2025-04-19,Bermuda,Canada,"Jimmy Powell Oval, Cayman Islands",George Town,Bermuda,bat,Canada,T20,completed
1481305,2025-04-20,United States of America,Bahamas,"Jimmy Powell Oval, Cayman Islands",George Town,United States of America,bat,United States of America,T20,completed
1481306,2025-04-20,Bermuda,Cayman Islands,"Jimmy Powell Oval, Cayman Islands",George Town,Bermuda,bat,Bermuda,T20,completed
1481307,2025-04-21,Bahamas,Canada,"Jimmy Powell Oval, Cayman Islands",George Town,Bahamas,bat,Canada,T20,completed
1481308,2025-04-21,Bermuda,United States of America,"Jimmy Powell Oval, Cayman Islands",George Town,Bermuda,bat,United States of America,T20,completed
1481309,2025-04-23,Canada,Cayman Islands,"Jimmy Powell Oval, Cayman Islands",George Town,Cayman Islands,field,Canada,T20,completed
1481310,2025-04-23,Bahamas,Bermuda,"Jimmy Powell Oval, Cayman Islands",George Town,Bahamas,bat,Bermuda,T20,completed
1481311,2025-04-24,Cayman Islands,Bahamas,"Jimmy Powell Oval, Cayman Islands",George Town,Cayman Islands,bat,Cayman Islands,T20,completed
1481312,2025-04-24,Canada,United States of America,"Jimmy Powell Oval, Cayman Islands",George Town,Canada,bat,Canada,T20,completed
1481313,2025-04-26,Cayman Islands,Canada,"Jimmy Powell Oval, Cayman Islands",George Town,Cayman Islands,bat,Canada,T20,completed
1481314,2025-04-26,Bermuda,United States of America,"Jimmy Powell Oval, Cayman Islands",George Town,Bermuda,bat,United States of America,T20,completed
1481315,2025-04-27,Canada,United States of America,"Jimmy Powell Oval, Cayman Islands",George Town,Canada,bat,United States of America,T20,completed
1482088,2025-04-24,Saudi Arabia,Thailand,"Bayuemas Oval, Kuala Lumpur",Kuala Lumpur,Saudi Arabia,bat,Saudi Arabia,T20,completed
1482089,2025-04-24,Malaysia,Singapore,"Bayuemas Oval, Kuala Lumpur",Kuala Lumpur,Malaysia,bat,Malaysia,T20,completed
1482090,2025-04-25,Thailand,Malaysia,"Bayuemas Oval, Kuala Lumpur",Kuala Lumpur,Malaysia,field,Malaysia,T20,completed
1482091,2025-04-25,Saudi Arabia,Singapore,"Bayuemas Oval, Kuala Lumpur",Kuala Lumpur,Saudi Arabia,bat,Saudi Arabia,T20,completed
1482092,2025-04-26,Saudi Arabia,Malaysia,"Bayuemas Oval, Kuala Lumpur",Kuala Lumpur,Saudi Arabia,bat,Malaysia,T20,completed
1482093,2025-04-26,Singapore,Thailand,"Bayuemas Oval, Kuala Lumpur",Kuala Lumpur,Singapore,bat,Singapore,T20,completed
1482094,2025-04-28,Saudi Arabia,Thailand,"Bayuemas Oval, Kuala Lumpur",Kuala Lumpur,Thailand,field,Saudi Arabia,T20,completed
1482096,2025-04-29,Malaysia,Thailand,"Bayuemas Oval, Kuala Lumpur",Kuala Lumpur,Thailand,field,Malaysia,T20,completed
1482097,2025-04-29,Singapore,Saudi Arabia,"Bayuemas Oval, Kuala Lumpur",Kuala Lumpur,Singapore,bat,Saudi Arabia,T20,completed
1482098,2025-04-30,Malaysia,Saudi Arabia,"Bayuemas Oval, Kuala Lumpur",Kuala Lumpur,Saudi Arabia,field,Saudi Arabia,T20,completed
1482100,2025-05-02,Singapore,Thailand,"Bayuemas Oval, Kuala Lumpur",Kuala Lumpur,Singapore,bat,Singapore,T20,completed
1482101,2025-05-02,Malaysia,Saudi Arabia,"Bayuemas Oval, Kuala Lumpur",Kuala Lumpur,Malaysia,bat,Malaysia,T20,completed
1482819,2025-05-07,Thailand,Cook Islands,Sano International Cricket Ground,Sano,Thailand,bat,Cook Islands,T20,completed
1482820,2025-05-08,Japan,Thailand,Sano International Cricket Ground,Sano,Japan,bat,Japan,T20,completed
1482821,2025-05-09,Cook Islands,Thailand,Sano International Cricket Ground,Sano,Thailand,field,Thailand,T20,completed
1482822,2025-05-09,Japan,Cook Islands,Sano International Cricket Ground,Sano,Cook Islands,field,Japan,T20,completed
1482825,2025-05-11,Japan,Thailand,Sano International Cricket Ground,Sano,Japan,bat,Thailand,T20,completed
1482826,2025-05-13,Cook Islands,Japan,Sano International Cricket Ground,Sano,Cook Islands,bat,Japan,T20,completed
1482827,2025-05-14,Japan,Cook Islands,Sano International Cricket Ground,Sano,Cook Islands,field,Japan,T20,completed
1482828,2025-05-06,Malta,Estonia,Marsa Sports Club,Marsa,Estonia,field,Malta,T20,completed
1482829,2025-05-06,Malta,Estonia,Marsa Sports Club,Marsa,Estonia,field,Estonia,T20,completed
1482830,2025-05-07,Malta,Estonia,Marsa Sports Club,Marsa,Estonia,field,Malta,T20,completed
1483731,2025-06-08,Czech Republic,Austria,"Scott Page Field, Vinor",Prague,Austria,field,Austria,T20,completed
1483732,2025-06-08,Norway,Czech Republic,"Scott Page Field, Vinor",Prague,Norway,bat,Norway,T20,completed
1483733,2025-06-09,Norway,Austria,"Scott Page Field, Vinor",Prague,Norway,bat,Norway,T20,completed
1483734,2025-06-09,Austria,Czech Republic,"Scott Page Field, Vinor",Prague,Austria,bat,Austria,T20,completed
1483735,2025-06-10,Norway,Czech Republic,"Scott Page Field, Vinor",Prague,Czech Republic,field,Norway,T20,completed
1483736,2025-06-10,Norway,Austria,"Scott Page Field, Vinor",Prague,Norway,bat,Austria,T20,completed
1483785,2025-05-28,Pakistan,Bangladesh,"Gaddafi Stadium, Lahore",Lahore,Pakistan,bat,Pakistan,T20,completed
1483786,2025-05-30,Pakistan,Bangladesh,"Gaddafi Stadium, Lahore",Lahore,Pakistan,bat,Pakistan,T20,completed
1483787,2025-06-01,Bangladesh,Pakistan,"Gaddafi Stadium, Lahore",Lahore,Pakistan,field,Pakistan,T20,completed
1483788,2025-05-30,Austria,Switzerland,"Velden Cricket Ground, Latschach",Latschach,Austria,bat,Austria,T20,completed
1483789,2025-05-31,Austria,Switzerland,"Velden Cricket Ground, Latschach",Latschach,Switzerland,field,Austria,T20,completed
1484051,2025-05-17,Bangladesh,United Arab Emirates,Sharjah Cricket Stadium,Sharjah,United Arab Emirates,field,Bangladesh,T20,completed
1484052,2025-05-19,Bangladesh,United Arab Emirates,Sharjah Cricket Stadium,Sharjah,United Arab Emirates,field,United Arab Emirates,T20,completed
1485343,2025-05-30,Belgium,Portugal,"Stars Arena Hofstade, Zemst",Zemst,Belgium,bat,Portugal,T20,completed
1485344,2025-05-31,Belgium,Portugal,"Stars Arena Hofstade, Zemst",Zemst,Belgium,bat,Portugal,T20,completed
1485345,2025-05-30,Malta,Portugal,"Stars Arena Hofstade, Zemst",Zemst,Portugal,field,Portugal,T20,completed
1485346,2025-05-30,Malta,Belgium,"Stars Arena Hofstade, Zemst",Zemst,Malta,bat,Belgium,T20,completed
1485347,2025-05-31,Malta,Portugal,"Stars Arena Hofstade, Zemst",Zemst,Malta,bat,Portugal,T20,completed
1485348,2025-05-31,Belgium,Malta,"Stars Arena Hofstade, Zemst",Zemst,Malta,field,Belgium,T20,completed
1485508,2025-07-10,Bangladesh,Sri Lanka,Pallekele International Cricket Stadium,Kandy,Sri Lanka,field,Sri Lanka,T20,completed
1485509,2025-07-13,Bangladesh,Sri Lanka,Rangiri Dambulla International Stadium,Dambulla,Sri Lanka,field,Bangladesh,T20,completed
1485510,2025-07-16,Sri Lanka,Bangladesh,"R Premadasa Stadium, Colombo",Colombo,Sri Lanka,bat,Bangladesh,T20,completed
1485938,2025-06-15,Scotland,Netherlands,"Titwood, Glasgow",Glasgow,Netherlands,field,Scotland,T20,completed
1485940,2025-06-17,Scotland,Nepal,"Titwood, Glasgow",Glasgow,Nepal,field,Nepal,T20,completed
1485941,2025-06-19,Netherlands,Nepal,"Titwood, Glasgow",Glasgow,Nepal,field,Nepal,T20,completed
1485942,2025-06-18,Netherlands,Scotland,"Titwood, Glasgow",Glasgow,Scotland,field,Netherlands,T20,completed
1485943,2025-06-20,Scotland,Nepal,"Titwood, Glasgow",Glasgow,Scotland,bat,Scotland,T20,completed
1486224,2025-06-01,Belgium,Portugal,"Stars Arena Hofstade, Zemst",Zemst,Portugal,field,Belgium,T20,completed
1486225,2025-05-17,Austria,Slovenia,"Velden Cricket Ground, Latschach",Latschach,Slovenia,field,Austria,T20,completed
1486227,2025-05-18,Slovenia,Austria,"Ballpark Ground, Graz",Graz,Slovenia,bat,Austria,T20,completed
1486228,2025-05-18,Austria,Slovenia,"Ballpark Ground, Graz",Graz,Austria,bat,Austria,T20,completed
1486582,2025-05-21,Bangladesh,United Arab Emirates,Sharjah Cricket Stadium,Sharjah,United Arab Emirates,field,United Arab Emirates,T20,completed
1486784,2025-05-31,Austria,Switzerland,"Velden Cricket Ground, Latschach",Latschach,Austria,bat,Switzerland,T20,completed
1486785,2025-06-01,Austria,Switzerland,"Velden Cricket Ground, Latschach",Latschach,Austria,bat,Austria,T20,completed
1486786,2025-06-21,Hungary,Slovenia,"GB Oval, Szodliget",Szodliget,Hungary,bat,Hungary,T20,completed
1486787,2025-06-21,Hungary,Slovenia,"GB Oval, Szodliget",Szodliget,Hungary,bat,Hungary,T20,completed
1486788,2025-06-22,Slovenia,Hungary,"GB Oval, Szodliget",Szodliget,Slovenia,bat,Hungary,T20,completed
1486790,2025-06-07,Slovenia,Serbia,Lisicji Jarak Cricket Ground,Belgrade,Slovenia,bat,Serbia,T20,completed
1486791,2025-06-08,Serbia,Slovenia,Lisicji Jarak Cricket Ground,Belgrade,Slovenia,field,Serbia,T20,completed
1487631,2025-06-21,Switzerland,Luxembourg,Pierre Werner Cricket Ground,Walferdange,Luxembourg,field,Switzerland,T20,completed
1487632,2025-06-21,Switzerland,Luxembourg,Pierre Werner Cricket Ground,Walferdange,Switzerland,bat,Switzerland,T20,completed
1487633,2025-06-22,Switzerland,Luxembourg,Pierre Werner Cricket Ground,Walferdange,Switzerland,bat,Luxembourg,T20,completed
1487813,2025-06-06,Jersey,Guernsey,"Grainville, St Saviour",St Saviour,Guernsey,field,Guernsey,T20,completed
1487814,2025-06-07,Guernsey,Jersey,"Grainville, St Saviour",St Saviour,Jersey,field,Jersey,T20,completed
1487815,2025-06-07,Jersey,Guernsey,"Grainville, St Saviour",St Saviour,Jersey,bat,Jersey,T20,completed
1487824,2025-10-11,South Africa,Namibia,"Namibia Cricket Ground, Windhoek",Windhoek,South Africa,bat,Namibia,T20,completed
1488319,2025-06-11,Indonesia,Cambodia,Udayana Cricket Ground,Bali,Cambodia,field,Cambodia,T20,completed
1488320,2025-06-12,Indonesia,Cambodia,Udayana Cricket Ground,Bali,Cambodia,field,Cambodia,T20,completed
1488321,2025-06-12,Indonesia,Cambodia,Udayana Cricket Ground,Bali,Indonesia,bat,Cambodia,T20,completed
1488322,2025-06-14,Cambodia,Indonesia,Udayana Cricket Ground,Bali,Indonesia,field,Indonesia,T20,completed
1488324,2025-06-15,Indonesia,Cambodia,Udayana Cricket Ground,Bali,Cambodia,field,Cambodia,T20,completed
1488325,2025-06-15,Indonesia,Cambodia,Udayana Cricket Ground,Bali,Indonesia,bat,Cambodia,T20,completed
1488326,2025-06-15,Canada,Bermuda,"Maple Leaf North-West Ground, King City",King City,Bermuda,field,Canada,T20,completed
1488327,2025-06-15,Cayman Islands,Bahamas,"Maple Leaf North-West Ground, King City",King City,Bahamas,field,Cayman Islands,T20,completed
1488328,2025-06-16,Canada,Cayman Islands,"Maple Leaf North-West Ground, King City",King City,Cayman Islands,field,Canada,T20,completed
1488329,2025-06-16,Bahamas,Bermuda,"Maple Leaf North-West Ground, King City",King City,Bahamas,bat,Bermuda,T20,completed
1488330,2025-06-18,Cayman Islands,Bermuda,"Maple Leaf North-West Ground, King City",King City,Bermuda,field,Bermuda,T20,completed
1488331,2025-06-18,Bahamas,Canada,"Maple Leaf North-West Ground, King City",King City,Canada,field,Canada,T20,completed
1488332,2025-06-19,Bermuda,Bahamas,"Maple Leaf North-West Ground, King City",King City,Bahamas,field,Bermuda,T20,completed
1488333,2025-06-19,Canada,Cayman Islands,"Maple Leaf North-West Ground, King City",King City,Cayman Islands,field,Canada,T20,completed
1488334,2025-06-21,Bahamas,Canada,"Maple Leaf North-West Ground, King City",King City,Canada,field,Canada,T20,completed
1488335,2025-06-21,Bermuda,Cayman Islands,"Maple Leaf North-West Ground, King City",King City,Cayman Islands,field,Cayman Islands,T20,completed
1488336,2025-06-22,Cayman Islands,Bahamas,"Maple Leaf North-West Ground, King City",King City,Bahamas,field,Cayman Islands,T20,completed
1488338,2025-06-13,Denmark,Finland,"Ishoj Cricket Club, Vejledalen",Ishoj,Finland,field,Denmark,T20,completed
1488339,2025-06-14,Finland,Norway,"Ishoj Cricket Club, Vejledalen",Ishoj,Finland,bat,Finland,T20,completed
1488340,2025-06-14,Denmark,Sweden,Koge Cricket Club,Koge,Denmark,bat,Denmark,T20,completed
1488341,2025-06-14,Denmark,Norway,Koge Cricket Club,Koge,Denmark,bat,Norway,T20,completed
1488342,2025-06-14,Sweden,Finland,"Ishoj Cricket Club, Vejledalen",Ishoj,Finland,field,Sweden,T20,completed
1488343,2025-06-15,Sweden,Norway,"Ishoj Cricket Club, Vejledalen",Ishoj,Sweden,bat,Norway,T20,completed
1488344,2025-06-15,Finland,Norway,"Ishoj Cricket Club, Vejledalen",Ishoj,Finland,bat,Finland,T20,completed
1489581,2025-06-12,Canada,Bahamas,"Maple Leaf North-East Ground, King City",King City,Canada,bat,Canada,T20,completed
1489582,2025-06-12,Bermuda,Cayman Islands,"Maple Leaf North-East Ground, King City",King City,Bermuda,bat,Bermuda,T20,completed
1489584,2025-06-13,Bermuda,Bahamas,"Maple Leaf North-East Ground, King City",King City,Bermuda,bat,Bermuda,T20,completed
1489585,2025-06-13,Canada,Cayman Islands,"Maple Leaf North-East Ground, King City",King City,Canada,bat,Canada,T20,completed
1489968,2025-09-27,Nepal,West Indies,Sharjah Cricket Stadium,Sharjah,West Indies,field,Nepal,T20,completed
1489969,2025-09-29,Nepal,West Indies,Sharjah Cricket Stadium,Sharjah,Nepal,bat,Nepal,T20,completed
1489970,2025-09-30,Nepal,West Indies,Sharjah Cricket Stadium,Sharjah,West Indies,field,West Indies,T20,completed
1490234,2026-01-21,India,New Zealand,"Vidarbha Cricket Association Stadium, Jamtha, Nagpur",Nagpur,New Zealand,field,India,T20,completed
1490235,2026-01-23,New Zealand,India,"Shaheed Veer Narayan Singh International Stadium, Raipur",Raipur,India,field,India,T20,completed
1490236,2026-01-25,New Zealand,India,"Barsapara Cricket Stadium, Guwahati",Guwahati,India,field,India,T20,completed
1490237,2026-01-28,New Zealand,India,"Dr. Y.S. Rajasekhara Reddy ACA-VDCA Cricket Stadium, Visakhapatnam",Visakhapatnam,India,field,New Zealand,T20,completed
1490238,2026-01-31,India,New Zealand,"Greenfield International Stadium, Thiruvananthapuram",Thiruvananthapuram,India,bat,India,T20,completed
1490239,2025-06-16,Cambodia,Indonesia,Udayana Cricket Ground,Bali,Indonesia,field,Indonesia,T20,completed
1490471,2025-07-05,Jersey,Netherlands,"Sportpark Westvliet, Voorburg",The Hague,Netherlands,field,Netherlands,T20,completed
1490472,2025-07-05,Guernsey,Italy,"Sportpark Westvliet, Voorburg",The Hague,Italy,field,Italy,T20,completed
1490475,2025-07-08,Jersey,Guernsey,"Sportpark Westvliet, Voorburg",The Hague,Guernsey,field,Jersey,T20,completed
1490476,2025-07-08,Scotland,Netherlands,"Sportpark Westvliet, Voorburg",The Hague,Scotland,bat,Scotland,T20,completed
1490477,2025-07-09,Italy,Scotland,"Sportpark Westvliet, Voorburg",The Hague,Italy,bat,Italy,T20,completed
1490478,2025-07-09,Netherlands,Guernsey,"Sportpark Westvliet, Voorburg",The Hague,Netherlands,bat,Netherlands,T20,completed
1490479,2025-07-11,Scotland,Jersey,"Sportpark Westvliet, Voorburg",The Hague,Jersey,field,Jersey,T20,completed
1490480,2025-07-11,Italy,Netherlands,"Sportpark Westvliet, Voorburg",The Hague,Italy,bat,Netherlands,T20,completed
1490870,2025-07-06,Philippines,Indonesia,Udayana Cricket Ground,Bali,Indonesia,field,Philippines,T20,completed
1490871,2025-07-07,South Korea,Philippines,Udayana Cricket Ground,Bali,Philippines,field,Philippines,T20,completed
1490872,2025-07-07,Indonesia,Philippines,Udayana Cricket Ground,Bali,Philippines,field,Indonesia,T20,completed
1490873,2025-07-08,Indonesia,South Korea,Udayana Cricket Ground,Bali,South Korea,field,Indonesia,T20,completed
1490874,2025-07-09,South Korea,Philippines,Udayana Cricket Ground,Bali,Philippines,field,South Korea,T20,completed
1490875,2025-07-09,South Korea,Indonesia,Udayana Cricket Ground,Bali,South Korea,bat,Indonesia,T20,completed
1490876,2025-07-10,Indonesia,Philippines,Udayana Cricket Ground,Bali,Indonesia,bat,Philippines,T20,completed
1490877,2025-07-10,Philippines,South Korea,Udayana Cricket Ground,Bali,Philippines,bat,Philippines,T20,completed
1490878,2025-07-12,Indonesia,South Korea,Udayana Cricket Ground,Bali,South Korea,field,South Korea,T20,completed
1490879,2025-07-12,Philippines,South Korea,Udayana Cricket Ground,Bali,Philippines,bat,Philippines,T20,completed
1490880,2025-07-13,Indonesia,Philippines,Udayana Cricket Ground,Bali,Philippines,field,Philippines,T20,completed
1490881,2025-07-13,South Korea,Indonesia,Udayana Cricket Ground,Bali,South Korea,bat,Indonesia,T20,completed
1490882,2025-06-26,France,Malta,"Moara Vlasiei Cricket Ground, Ilfov County",Ilfov County,France,bat,Malta,T20,completed
1490884,2025-06-26,Belgium,Malta,"Moara Vlasiei Cricket Ground, Ilfov County",Ilfov County,Malta,field,Belgium,T20,completed
1490885,2025-06-27,Hungary,Austria,"Moara Vlasiei Cricket Ground, Ilfov County",Ilfov County,Austria,field,Austria,T20,completed
1490886,2025-06-27,Belgium,France,"Moara Vlasiei Cricket Ground, Ilfov County",Ilfov County,Belgium,bat,Belgium,T20,completed
1490887,2025-06-27,Hungary,Romania,"Moara Vlasiei Cricket Ground, Ilfov County",Ilfov County,Romania,field,Romania,T20,completed
1490888,2025-06-28,Belgium,Austria,"Moara Vlasiei Cricket Ground, Ilfov County",Ilfov County,Austria,field,Austria,T20,completed
1490889,2025-06-28,Malta,Romania,"Moara Vlasiei Cricket Ground, Ilfov County",Ilfov County,Romania,field,Malta,T20,completed
1490890,2025-06-29,Hungary,France,"Moara Vlasiei Cricket Ground, Ilfov County",Ilfov County,France,field,Hungary,T20,completed
1491604,2025-07-10,Bulgaria,Gibraltar,"Vassil Levski National Sports Academy, Sofia",Sofia,Gibraltar,field,Gibraltar,T20,completed
1491605,2025-07-10,Turkey,Bulgaria,"Vassil Levski National Sports Academy, Sofia",Sofia,Bulgaria,field,Bulgaria,T20,completed
1491606,2025-07-11,Turkey,Gibraltar,"Vassil Levski National Sports Academy, Sofia",Sofia,Gibraltar,field,Gibraltar,T20,completed
1491607,2025-07-11,Gibraltar,Bulgaria,"Vassil Levski National Sports Academy, Sofia",Sofia,Bulgaria,field,Bulgaria,T20,completed
1491608,2025-07-12,Turkey,Bulgaria,"Vassil Levski National Sports Academy, Sofia",Sofia,Bulgaria,field,Turkey,T20,completed
1491609,2025-07-12,Turkey,Gibraltar,"Vassil Levski National Sports Academy, Sofia",Sofia,Turkey,bat,Gibraltar,T20,completed
1491610,2025-07-13,Gibraltar,Bulgaria,"Vassil Levski National Sports Academy, Sofia",Sofia,Bulgaria,field,Bulgaria,T20,completed
1491714,2025-10-01,New Zealand,Australia,"Bay Oval, Mount Maunganui",Mount Maunganui,Australia,field,Australia,T20,completed
1491716,2025-10-04,New Zealand,Australia,"Bay Oval, Mount Maunganui",Mount Maunganui,Australia,field,Australia,T20,completed
1491718,2025-10-20,England,New Zealand,"Hagley Oval, Christchurch",Christchurch,New Zealand,field,England,T20,completed
1491723,2025-11-05,West Indies,New Zealand,"Eden Park, Auckland",Auckland,New Zealand,field,West Indies,T20,completed
1491724,2025-11-06,New Zealand,West Indies,"Eden Park, Auckland",Auckland,West Indies,field,New Zealand,T20,completed
1491725,2025-11-09,New Zealand,West Indies,"Saxton Oval, Nelson",Nelson,New Zealand,bat,New Zealand,T20,completed
1491727,2025-11-13,West Indies,New Zealand,"University Oval, Dunedin",Dunedin,New Zealand,field,New Zealand,T20,completed
1491735,2026-03-15,New Zealand,South Africa,"Bay Oval, Mount Maunganui",Mount Maunganui,New Zealand,bat,South Africa,T20,completed
1491736,2026-03-17,New Zealand,South Africa,"Seddon Park, Hamilton",Hamilton,South Africa,field,New Zealand,T20,completed
1491737,2026-03-20,South Africa,New Zealand,"Eden Park, Auckland",Auckland,New Zealand,field,New Zealand,T20,completed
1491738,2026-03-22,South Africa,New Zealand,"Sky Stadium, Wellington",Wellington,South Africa,bat,South Africa,T20,completed
1491739,2026-03-25,South Africa,New Zealand,"Hagley Oval, Christchurch",Christchurch,New Zealand,field,South Africa,T20,completed
1491903,2025-07-20,Pakistan,Bangladesh,"Shere Bangla National Stadium, Mirpur",Dhaka,Bangladesh,field,Bangladesh,T20,completed
1491904,2025-07-22,Bangladesh,Pakistan,"Shere Bangla National Stadium, Mirpur",Dhaka,Pakistan,field,Bangladesh,T20,completed
1491905,2025-07-24,Pakistan,Bangladesh,"Shere Bangla National Stadium, Mirpur",Dhaka,Bangladesh,field,Pakistan,T20,completed
1492823,2025-09-03,Zimbabwe,Sri Lanka,Harare Sports Club,Harare,Sri Lanka,field,Sri Lanka,T20,completed
1492824,2025-09-06,Sri Lanka,Zimbabwe,Harare Sports Club,Harare,Zimbabwe,field,Zimbabwe,T20,completed
1492825,2025-09-07,Zimbabwe,Sri Lanka,Harare Sports Club,Harare,Sri Lanka,field,Sri Lanka,T20,completed
1492879,2025-07-08,Bahrain,Tanzania,"TCA Oval, Blantyre",Blantyre,Tanzania,field,Tanzania,T20,completed
1492880,2025-07-05,Malawi,Germany,"TCA Oval, Blantyre",Blantyre,Germany,field,Germany,T20,completed
1492881,2025-07-06,Bahrain,Germany,"TCA Oval, Blantyre",Blantyre,Bahrain,bat,Bahrain,T20,completed
1492883,2025-07-07,Tanzania,Germany,"TCA Oval, Blantyre",Blantyre,Tanzania,bat,Germany,T20,completed
1492884,2025-07-07,Malawi,Bahrain,"TCA Oval, Blantyre",Blantyre,Malawi,bat,Bahrain,T20,completed
1492887,2025-07-10,Tanzania,Bahrain,"TCA Oval, Blantyre",Blantyre,Bahrain,field,Bahrain,T20,completed
1492888,2025-07-10,Malawi,Germany,"TCA Oval, Blantyre",Blantyre,Malawi,bat,Malawi,T20,completed
1492889,2025-07-12,Malawi,Bahrain,"TCA Oval, Blantyre",Blantyre,Malawi,bat,Bahrain,T20,completed
1492890,2025-07-12,Germany,Tanzania,"TCA Oval, Blantyre",Blantyre,Tanzania,field,Tanzania,T20,completed
1492891,2025-07-13,Germany,Malawi,"TCA Oval, Blantyre",Blantyre,Germany,bat,Germany,T20,completed
1492892,2025-07-13,Bahrain,Tanzania,"TCA Oval, Blantyre",Blantyre,Tanzania,field,Tanzania,T20,completed
1494090,2025-07-18,Hong Kong,Malaysia,Singapore National Cricket Ground,Singapore,Malaysia,field,Malaysia,T20,completed
1494091,2025-07-18,Singapore,Samoa,Singapore National Cricket Ground,Singapore,Singapore,bat,Singapore,T20,completed
1494092,2025-07-19,Singapore,Malaysia,Singapore National Cricket Ground,Singapore,Malaysia,field,Malaysia,T20,completed
1494093,2025-07-19,Hong Kong,Samoa,Singapore National Cricket Ground,Singapore,Hong Kong,bat,Hong Kong,T20,completed
1494094,2025-07-20,Hong Kong,Singapore,Singapore National Cricket Ground,Singapore,Singapore,field,Hong Kong,T20,completed
1494095,2025-07-20,Samoa,Malaysia,Singapore National Cricket Ground,Singapore,Samoa,bat,Malaysia,T20,completed
1494096,2025-07-22,Hong Kong,Malaysia,Singapore National Cricket Ground,Singapore,Malaysia,field,Malaysia,T20,completed
1494097,2025-07-22,Samoa,Singapore,Singapore National Cricket Ground,Singapore,Samoa,bat,Singapore,T20,completed
1494098,2025-07-23,Samoa,Hong Kong,Singapore National Cricket Ground,Singapore,Hong Kong,field,Hong Kong,T20,completed
1494099,2025-07-23,Malaysia,Singapore,Singapore National Cricket Ground,Singapore,Singapore,field,Malaysia,T20,completed
1494100,2025-07-24,Samoa,Malaysia,Singapore National Cricket Ground,Singapore,Malaysia,field,Malaysia,T20,completed
1494101,2025-07-24,Hong Kong,Singapore,Singapore National Cricket Ground,Singapore,Hong Kong,bat,Hong Kong,T20,completed
1494102,2025-07-26,Hong Kong,Malaysia,Singapore National Cricket Ground,Singapore,Malaysia,field,Malaysia,T20,completed
1494103,2025-07-21,Uganda,Kenya,Entebbe Cricket Oval,Entebbe,Uganda,bat,Uganda,T20,completed
1494108,2025-07-19,Uganda,United Arab Emirates,Entebbe Cricket Oval,Entebbe,Uganda,bat,Uganda,T20,completed
1494110,2025-07-23,Kenya,United Arab Emirates,Entebbe Cricket Oval,Entebbe,Kenya,bat,United Arab Emirates,T20,completed
1494111,2025-07-27,Uganda,United Arab Emirates,Entebbe Cricket Oval,Entebbe,Uganda,bat,Uganda,T20,completed
1494113,2025-07-26,United Arab Emirates,Nigeria,Entebbe Cricket Oval,Entebbe,United Arab Emirates,bat,United Arab Emirates,T20,completed
1494114,2025-07-25,Kenya,Uganda,Entebbe Cricket Oval,Entebbe,Uganda,field,Uganda,T20,completed
1494115,2025-07-17,Kenya,Nigeria,Entebbe Cricket Oval,Entebbe,Kenya,bat,Kenya,T20,completed
1494116,2025-07-18,Uganda,Nigeria,Entebbe Cricket Oval,Entebbe,Uganda,bat,Uganda,T20,completed
1494118,2025-07-21,Nigeria,United Arab Emirates,Entebbe Cricket Oval,Entebbe,Nigeria,bat,United Arab Emirates,T20,completed
1494583,2025-07-22,Uganda,Nigeria,Entebbe Cricket Oval,Entebbe,Uganda,bat,Uganda,T20,completed
1494584,2025-07-27,Nigeria,Kenya,Entebbe Cricket Oval,Entebbe,Nigeria,bat,Kenya,T20,completed
1494766,2025-07-19,Qatar,Saudi Arabia,"West End Park International Cricket Stadium, Doha",Doha,Qatar,bat,Saudi Arabia,T20,completed
1494767,2025-07-21,Saudi Arabia,Qatar,"West End Park International Cricket Stadium, Doha",Doha,Qatar,field,Qatar,T20,completed
1494768,2025-07-22,Qatar,Saudi Arabia,"West End Park International Cricket Stadium, Doha",Doha,Saudi Arabia,field,Qatar,T20,completed
1494771,2025-07-26,Finland,Estonia,Estonian National Cricket and Rugby Field,Tallinn,Finland,bat,Estonia,T20,completed
1494772,2025-07-27,Estonia,Finland,Estonian National Cricket and Rugby Field,Tallinn,Finland,field,Finland,T20,completed
1494773,2025-08-02,Switzerland,Estonia,Estonian National Cricket and Rugby Field,Tallinn,Switzerland,bat,Switzerland,T20,completed
1494774,2025-08-03,Switzerland,Estonia,Estonian National Cricket and Rugby Field,Tallinn,Switzerland,bat,Switzerland,T20,completed
1494775,2025-08-03,Switzerland,Estonia,Estonian National Cricket and Rugby Field,Tallinn,Switzerland,bat,Switzerland,T20,completed
1495453,2025-07-18,Rwanda,Bahrain,"Gahanga International Cricket Stadium, Rwanda",Kigali City,Bahrain,field,Bahrain,T20,completed
1495454,2025-07-19,Malawi,Bahrain,"Gahanga International Cricket Stadium, Rwanda",Kigali City,Bahrain,field,Bahrain,T20,completed
1495455,2025-07-19,Malawi,Rwanda,"Gahanga International Cricket Stadium, Rwanda",Kigali City,Malawi,bat,Rwanda,T20,completed
1495456,2025-07-20,Malawi,Bahrain,"Gahanga International Cricket Stadium, Rwanda",Kigali City,Bahrain,field,Bahrain,T20,completed
1495457,2025-07-20,Rwanda,Bahrain,"Gahanga International Cricket Stadium, Rwanda",Kigali City,Rwanda,bat,Bahrain,T20,completed
1495458,2025-07-22,Malawi,Rwanda,"Gahanga International Cricket Stadium, Rwanda",Kigali City,Malawi,bat,Rwanda,T20,completed
1495459,2025-07-22,Bahrain,Rwanda,"Gahanga International Cricket Stadium, Rwanda",Kigali City,Rwanda,field,Bahrain,T20,completed
1495460,2025-07-23,Rwanda,Malawi,"Gahanga International Cricket Stadium, Rwanda",Kigali City,Malawi,field,Malawi,T20,completed
1495461,2025-07-23,Bahrain,Malawi,"Gahanga International Cricket Stadium, Rwanda",Kigali City,Bahrain,bat,Bahrain,T20,completed
1495462,2025-07-25,Bahrain,Rwanda,"Gahanga International Cricket Stadium, Rwanda",Kigali City,Rwanda,field,Bahrain,T20,completed
1495463,2025-07-25,Malawi,Bahrain,"Gahanga International Cricket Stadium, Rwanda",Kigali City,Malawi,bat,Bahrain,T20,completed
1495464,2025-07-26,Rwanda,Malawi,"Gahanga International Cricket Stadium, Rwanda",Kigali City,Malawi,field,Malawi,T20,completed
1495465,2025-07-27,Bahrain,Malawi,"Gahanga International Cricket Stadium, Rwanda",Kigali City,Malawi,field,Bahrain,T20,completed
1495654,2025-07-25,Romania,Austria,"GB Oval, Szodliget",Szodliget,Romania,bat,Austria,T20,completed
1495655,2025-07-25,Hungary,Romania,"GB Oval, Szodliget",Szodliget,Hungary,bat,Romania,T20,completed
1495656,2025-07-25,Hungary,Luxembourg,"GB Oval, Szodliget",Szodliget,Hungary,bat,Hungary,T20,completed
1495657,2025-07-26,Romania,Luxembourg,"GB Oval, Szodliget",Szodliget,Luxembourg,field,Romania,T20,completed
1495658,2025-07-26,Hungary,Austria,"GB Oval, Szodliget",Szodliget,Austria,field,Austria,T20,completed
1495659,2025-07-26,Austria,Luxembourg,"GB Oval, Szodliget",Szodliget,Austria,bat,Austria,T20,completed
1495660,2025-07-27,Hungary,Luxembourg,"GB Oval, Szodliget",Szodliget,Luxembourg,field,Hungary,T20,completed
1496575,2026-07-04,India,England,"Old Trafford, Manchester",Manchester,India,bat,England,T20,completed
1496576,2026-07-07,England,India,"Trent Bridge, Nottingham",Nottingham,India,field,England,T20,completed
1496577,2026-07-09,India,England,"County Ground, Bristol",Bristol,India,bat,England,T20,completed
1496578,2026-07-11,England,India,"The Rose Bowl, Southampton",Southampton,India,field,England,T20,completed
1496821,2025-08-08,Sweden,Austria,"Botkyrka Cricket Center, Stockholm",Stockholm,Sweden,bat,Austria,T20,completed
1496822,2025-08-08,Norway,France,"Botkyrka Cricket Center, Stockholm",Stockholm,France,field,Norway,T20,completed
1496823,2025-08-09,Norway,Sweden,"Botkyrka Cricket Center, Stockholm",Stockholm,Norway,bat,Norway,T20,completed
1496824,2025-08-09,France,Austria,"Botkyrka Cricket Center, Stockholm",Stockholm,France,bat,Austria,T20,completed
1496825,2025-08-10,Sweden,France,"Botkyrka Cricket Center, Stockholm",Stockholm,Sweden,bat,France,T20,completed
1496826,2025-08-10,Norway,Austria,"Botkyrka Cricket Center, Stockholm",Stockholm,Austria,field,Austria,T20,completed
1496827,2025-08-17,Sweden,Norway,"Stubberudmyra Cricket Ground, Oslo",Oslo,Sweden,bat,Norway,T20,completed
1496828,2025-08-07,Cyprus,Croatia,"Mladost Cricket Ground, Zagreb",Zagreb,Croatia,field,Cyprus,T20,completed
1496829,2025-08-07,Croatia,Cyprus,"Mladost Cricket Ground, Zagreb",Zagreb,Croatia,bat,Cyprus,T20,completed
1496830,2025-08-08,Croatia,Cyprus,"Mladost Cricket Ground, Zagreb",Zagreb,Croatia,bat,Cyprus,T20,completed
1496831,2025-08-08,Cyprus,Croatia,"Mladost Cricket Ground, Zagreb",Zagreb,Cyprus,bat,Cyprus,T20,completed
1496921,2025-09-10,United Arab Emirates,India,Dubai International Cricket Stadium,Dubai,India,field,India,T20,completed
1496922,2025-09-11,Hong Kong,Bangladesh,"Zayed Cricket Stadium, Abu Dhabi",Abu Dhabi,Bangladesh,field,Bangladesh,T20,completed
1496923,2025-09-12,Pakistan,Oman,Dubai International Cricket Stadium,Dubai,Pakistan,bat,Pakistan,T20,completed
1496924,2025-09-13,Bangladesh,Sri Lanka,"Zayed Cricket Stadium, Abu Dhabi",Abu Dhabi,Sri Lanka,field,Sri Lanka,T20,completed
1496925,2025-09-14,Pakistan,India,Dubai International Cricket Stadium,Dubai,Pakistan,bat,India,T20,completed
1496926,2025-09-15,United Arab Emirates,Oman,"Zayed Cricket Stadium, Abu Dhabi",Abu Dhabi,Oman,field,United Arab Emirates,T20,completed
1496927,2025-09-15,Hong Kong,Sri Lanka,Dubai International Cricket Stadium,Dubai,Sri Lanka,field,Sri Lanka,T20,completed
1496929,2025-09-17,Pakistan,United Arab Emirates,Dubai International Cricket Stadium,Dubai,United Arab Emirates,field,Pakistan,T20,completed
1496931,2025-09-19,India,Oman,"Zayed Cricket Stadium, Abu Dhabi",Abu Dhabi,India,bat,India,T20,completed
1496932,2025-09-20,Sri Lanka,Bangladesh,Dubai International Cricket Stadium,Dubai,Bangladesh,field,Bangladesh,T20,completed
1496933,2025-09-21,Pakistan,India,Dubai International Cricket Stadium,Dubai,India,field,India,T20,completed
1496934,2025-09-23,Sri Lanka,Pakistan,"Zayed Cricket Stadium, Abu Dhabi",Abu Dhabi,Pakistan,field,Pakistan,T20,completed
1496935,2025-09-24,India,Bangladesh,Dubai International Cricket Stadium,Dubai,Bangladesh,field,India,T20,completed
1496936,2025-09-25,Pakistan,Bangladesh,Dubai International Cricket Stadium,Dubai,Bangladesh,field,Pakistan,T20,completed
1496938,2025-09-28,Pakistan,India,Dubai International Cricket Stadium,Dubai,India,field,India,T20,completed
1497874,2025-08-30,Pakistan,United Arab Emirates,Sharjah Cricket Stadium,Sharjah,Pakistan,bat,Pakistan,T20,completed
1497877,2025-09-04,Pakistan,United Arab Emirates,Sharjah Cricket Stadium,Sharjah,Pakistan,bat,Pakistan,T20,completed
1498191,2025-08-17,Sweden,Hungary,"Stubberudmyra Cricket Ground, Oslo",Oslo,Hungary,field,Sweden,T20,completed
1498192,2025-08-17,Norway,Hungary,"Stubberudmyra Cricket Ground, Oslo",Oslo,Norway,bat,Norway,T20,completed
1498662,2025-08-30,Netherlands,Bangladesh,Sylhet International Cricket Stadium,Sylhet,Bangladesh,field,Bangladesh,T20,completed
1498663,2025-09-01,Netherlands,Bangladesh,Sylhet International Cricket Stadium,Sylhet,Bangladesh,field,Bangladesh,T20,completed
1498689,2025-08-14,Guernsey,Papua New Guinea,"King George V Sports Ground, Castel",Castel,Papua New Guinea,field,Papua New Guinea,T20,completed
1498696,2025-08-23,Belgium,Austria,"Velden Cricket Ground, Latschach",Latschach,Austria,field,Austria,T20,completed
1498697,2025-08-23,Austria,Belgium,"Velden Cricket Ground, Latschach",Latschach,Austria,bat,Austria,T20,completed
1498698,2025-08-24,Belgium,Austria,"Velden Cricket Ground, Latschach",Latschach,Austria,field,Austria,T20,completed
1498699,2025-08-24,Belgium,Austria,"Velden Cricket Ground, Latschach",Latschach,Belgium,bat,Austria,T20,completed
1499011,2025-08-21,Czech Republic,Romania,"Moara Vlasiei Cricket Ground, Ilfov County",Ilfov County,Romania,field,Czech Republic,T20,completed
1499012,2025-08-21,Romania,Czech Republic,"Moara Vlasiei Cricket Ground, Ilfov County",Ilfov County,Romania,bat,Romania,T20,completed
1499013,2025-08-22,Romania,Czech Republic,"Moara Vlasiei Cricket Ground, Ilfov County",Ilfov County,Czech Republic,field,Romania,T20,completed
1499014,2025-08-22,Romania,Czech Republic,"Moara Vlasiei Cricket Ground, Ilfov County",Ilfov County,Romania,bat,Czech Republic,T20,completed
1501502,2025-09-12,Eswatini,Mozambique,Malkerns Country Club oval,Malkerns,Eswatini,bat,Eswatini,T20,completed
1501503,2025-09-12,Eswatini,Mozambique,Malkerns Country Club oval,Malkerns,Eswatini,bat,Eswatini,T20,completed
1501504,2025-09-13,Eswatini,Mozambique,Malkerns Country Club oval,Malkerns,Eswatini,bat,Eswatini,T20,completed
1501895,2025-10-28,South Africa,Pakistan,Rawalpindi Cricket Stadium,Rawalpindi,Pakistan,field,South Africa,T20,completed
1501896,2025-10-31,South Africa,Pakistan,"Gaddafi Stadium, Lahore",Lahore,Pakistan,field,Pakistan,T20,completed
1501897,2025-11-01,South Africa,Pakistan,"Gaddafi Stadium, Lahore",Lahore,Pakistan,field,Pakistan,T20,completed
1502048,2025-11-18,Zimbabwe,Pakistan,Rawalpindi Cricket Stadium,Rawalpindi,Pakistan,field,Pakistan,T20,completed
1502049,2025-11-20,Zimbabwe,Sri Lanka,Rawalpindi Cricket Stadium,Rawalpindi,Sri Lanka,field,Zimbabwe,T20,completed
1502050,2025-11-22,Sri Lanka,Pakistan,Rawalpindi Cricket Stadium,Rawalpindi,Sri Lanka,bat,Pakistan,T20,completed
1502051,2025-11-23,Pakistan,Zimbabwe,Rawalpindi Cricket Stadium,Rawalpindi,Pakistan,bat,Pakistan,T20,completed
1502052,2025-11-25,Zimbabwe,Sri Lanka,Rawalpindi Cricket Stadium,Rawalpindi,Zimbabwe,bat,Sri Lanka,T20,completed
1502053,2025-11-27,Sri Lanka,Pakistan,Rawalpindi Cricket Stadium,Rawalpindi,Pakistan,field,Sri Lanka,T20,completed
1502054,2025-11-29,Sri Lanka,Pakistan,Rawalpindi Cricket Stadium,Rawalpindi,Pakistan,field,Pakistan,T20,completed
1502164,2025-09-15,Zimbabwe,Namibia,"Queens Sports Club, Bulawayo",Bulawayo,Namibia,field,Zimbabwe,T20,completed
1502165,2025-09-16,Namibia,Zimbabwe,"Queens Sports Club, Bulawayo",Bulawayo,Zimbabwe,field,Zimbabwe,T20,completed
1502166,2025-09-18,Namibia,Zimbabwe,"Queens Sports Club, Bulawayo",Bulawayo,Namibia,bat,Namibia,T20,completed
1502743,2025-09-26,Namibia,Kenya,Harare Sports Club,Harare,Kenya,field,Namibia,T20,completed
1502744,2025-09-26,Malawi,Nigeria,"Takashinga Sports Club, Highfield, Harare",Harare,Nigeria,field,Nigeria,T20,completed
1502745,2025-09-26,Uganda,Zimbabwe,Harare Sports Club,Harare,Uganda,bat,Zimbabwe,T20,completed
1502746,2025-09-26,Botswana,Tanzania,"Takashinga Sports Club, Highfield, Harare",Harare,Botswana,bat,Tanzania,T20,completed
1502747,2025-09-28,Namibia,Nigeria,Harare Sports Club,Harare,Nigeria,field,Namibia,T20,completed
1502748,2025-09-28,Tanzania,Uganda,"Takashinga Sports Club, Highfield, Harare",Harare,Uganda,field,Tanzania,T20,completed
1502749,2025-09-28,Zimbabwe,Botswana,Harare Sports Club,Harare,Botswana,field,Zimbabwe,T20,completed
1502750,2025-09-28,Malawi,Kenya,"Takashinga Sports Club, Highfield, Harare",Harare,Malawi,bat,Malawi,T20,completed
1502751,2025-09-30,Zimbabwe,Tanzania,Harare Sports Club,Harare,Tanzania,field,Zimbabwe,T20,completed
1502752,2025-09-30,Botswana,Uganda,"Takashinga Sports Club, Highfield, Harare",Harare,Uganda,field,Uganda,T20,completed
1502753,2025-09-30,Malawi,Namibia,Harare Sports Club,Harare,Malawi,bat,Namibia,T20,completed
1502754,2025-09-30,Nigeria,Kenya,"Takashinga Sports Club, Highfield, Harare",Harare,Nigeria,bat,Kenya,T20,completed
1502755,2025-10-02,Namibia,Tanzania,Harare Sports Club,Harare,Tanzania,field,Namibia,T20,completed
1502756,2025-10-02,Nigeria,Botswana,"Takashinga Sports Club, Highfield, Harare",Harare,Nigeria,bat,Nigeria,T20,completed
1502757,2025-10-02,Kenya,Zimbabwe,Harare Sports Club,Harare,Kenya,bat,Zimbabwe,T20,completed
1502758,2025-10-02,Uganda,Malawi,"Takashinga Sports Club, Highfield, Harare",Harare,Uganda,bat,Uganda,T20,completed
1502759,2025-10-04,Kenya,Tanzania,Harare Sports Club,Harare,Tanzania,field,Kenya,T20,completed
1502760,2025-10-04,Malawi,Botswana,"Takashinga Sports Club, Highfield, Harare",Harare,Malawi,bat,Malawi,T20,completed
1502761,2025-10-04,Uganda,Nigeria,"Takashinga Sports Club, Highfield, Harare",Harare,Uganda,bat,Uganda,T20,completed
1502762,2025-10-04,Namibia,Zimbabwe,Harare Sports Club,Harare,Zimbabwe,field,Zimbabwe,T20,completed
1503450,2025-10-08,Samoa,Oman,Al Amerat Cricket Ground Oman Cricket (Ministry Turf 2),Al Amarat,Oman,field,Oman,T20,completed
1503451,2025-10-08,Qatar,United Arab Emirates,Al Amerat Cricket Ground Oman Cricket (Ministry Turf 1),Al Amarat,Qatar,bat,United Arab Emirates,T20,completed
1503452,2025-10-08,Nepal,Kuwait,Al Amerat Cricket Ground Oman Cricket (Ministry Turf 1),Al Amarat,Kuwait,field,Nepal,T20,completed
1503453,2025-10-09,Malaysia,Qatar,Al Amerat Cricket Ground Oman Cricket (Ministry Turf 2),Al Amarat,Qatar,field,Qatar,T20,completed
1503454,2025-10-09,Kuwait,Japan,Al Amerat Cricket Ground Oman Cricket (Ministry Turf 1),Al Amarat,Japan,field,Japan,T20,completed
1503455,2025-10-09,Papua New Guinea,Samoa,Al Amerat Cricket Ground Oman Cricket (Ministry Turf 1),Al Amarat,Papua New Guinea,bat,Samoa,T20,completed
1503456,2025-10-10,Malaysia,United Arab Emirates,Al Amerat Cricket Ground Oman Cricket (Ministry Turf 2),Al Amarat,United Arab Emirates,field,United Arab Emirates,T20,completed
1503457,2025-10-10,Japan,Nepal,Al Amerat Cricket Ground Oman Cricket (Ministry Turf 1),Al Amarat,Nepal,field,Nepal,T20,completed
1503458,2025-10-10,Oman,Papua New Guinea,Al Amerat Cricket Ground Oman Cricket (Ministry Turf 1),Al Amarat,Papua New Guinea,field,Oman,T20,completed
1503459,2025-10-12,Oman,Qatar,Al Amerat Cricket Ground Oman Cricket (Ministry Turf 2),Al Amarat,Qatar,field,Oman,T20,completed
1503460,2025-10-12,Nepal,United Arab Emirates,Al Amerat Cricket Ground Oman Cricket (Ministry Turf 1),Al Amarat,Nepal,bat,Nepal,T20,completed
1503461,2025-10-12,Japan,Samoa,Al Amerat Cricket Ground Oman Cricket (Ministry Turf 1),Al Amarat,Samoa,field,Japan,T20,completed
1503462,2025-10-13,United Arab Emirates,Oman,Al Amerat Cricket Ground Oman Cricket (Ministry Turf 1),Al Amarat,United Arab Emirates,bat,Oman,T20,completed
1503463,2025-10-13,Nepal,Qatar,Al Amerat Cricket Ground Oman Cricket (Ministry Turf 1),Al Amarat,Qatar,field,Nepal,T20,completed
1503464,2025-10-15,Japan,Qatar,Al Amerat Cricket Ground Oman Cricket (Ministry Turf 2),Al Amarat,Qatar,field,Qatar,T20,completed
1503465,2025-10-15,United Arab Emirates,Samoa,Al Amerat Cricket Ground Oman Cricket (Ministry Turf 1),Al Amarat,Samoa,field,United Arab Emirates,T20,completed
1503466,2025-10-15,Nepal,Oman,Al Amerat Cricket Ground Oman Cricket (Ministry Turf 1),Al Amarat,Nepal,bat,Nepal,T20,completed
1503467,2025-10-16,Japan,United Arab Emirates,Al Amerat Cricket Ground Oman Cricket (Ministry Turf 1),Al Amarat,United Arab Emirates,field,United Arab Emirates,T20,completed
1503468,2025-10-16,Samoa,Qatar,Al Amerat Cricket Ground Oman Cricket (Ministry Turf 1),Al Amarat,Qatar,field,Qatar,T20,completed
1503469,2025-10-17,Japan,Oman,Al Amerat Cricket Ground Oman Cricket (Ministry Turf 2),Al Amarat,Oman,field,Oman,T20,completed
1503470,2025-10-17,Nepal,Samoa,Al Amerat Cricket Ground Oman Cricket (Ministry Turf 1),Al Amarat,Samoa,field,Nepal,T20,completed
1504941,2025-09-29,Kuwait,Oman,Al Amerat Cricket Ground Oman Cricket (Ministry Turf 1),Al Amarat,Oman,field,Oman,T20,completed
1505125,2025-10-27,West Indies,Bangladesh,"Bir Sreshtho Flight Lieutenant Matiur Rahman Stadium, Chattogram",Chattogram,West Indies,bat,West Indies,T20,completed
1505126,2025-10-29,West Indies,Bangladesh,"Bir Sreshtho Flight Lieutenant Matiur Rahman Stadium, Chattogram",Chattogram,West Indies,bat,West Indies,T20,completed
1505127,2025-10-31,Bangladesh,West Indies,"Bir Sreshtho Flight Lieutenant Matiur Rahman Stadium, Chattogram",Chattogram,Bangladesh,bat,West Indies,T20,completed
1506014,2025-11-27,Ireland,Bangladesh,"Bir Sreshtho Flight Lieutenant Matiur Rahman Stadium, Chattogram",Chattogram,Bangladesh,field,Ireland,T20,completed
1506015,2025-11-29,Ireland,Bangladesh,"Bir Sreshtho Flight Lieutenant Matiur Rahman Stadium, Chattogram",Chattogram,Ireland,bat,Bangladesh,T20,completed
1506016,2025-12-02,Ireland,Bangladesh,"Bir Sreshtho Flight Lieutenant Matiur Rahman Stadium, Chattogram",Chattogram,Ireland,bat,Bangladesh,T20,completed
1506436,2025-10-18,Romania,Austria,"Moara Vlasiei Cricket Ground, Ilfov County",Ilfov County,Austria,field,Austria,T20,completed
1506437,2025-10-18,Austria,Romania,"Moara Vlasiei Cricket Ground, Ilfov County",Ilfov County,Austria,bat,Romania,T20,completed
1506438,2025-10-19,Romania,Austria,"Moara Vlasiei Cricket Ground, Ilfov County",Ilfov County,Austria,field,Austria,T20,completed
1506439,2025-10-19,Austria,Romania,"Moara Vlasiei Cricket Ground, Ilfov County",Ilfov County,Romania,field,Austria,T20,completed
1506440,2025-10-31,Cyprus,Serbia,Happy Valley Ground,Episkopi,Cyprus,bat,Cyprus,T20,completed
1506441,2025-10-31,Cyprus,Serbia,Happy Valley Ground 2,Episkopi,Cyprus,bat,Cyprus,T20,completed
1506442,2025-11-01,Serbia,Bulgaria,Happy Valley Ground 2,Episkopi,Bulgaria,field,Bulgaria,T20,completed
1506443,2025-11-01,Bulgaria,Serbia,Happy Valley Ground 2,Episkopi,Serbia,field,Bulgaria,T20,completed
1506444,2025-11-02,Bulgaria,Cyprus,Happy Valley Ground 2,Episkopi,Cyprus,field,Cyprus,T20,completed
1506445,2025-11-02,Cyprus,Bulgaria,Happy Valley Ground 2,Episkopi,Bulgaria,field,Cyprus,T20,completed
1506446,2025-11-03,Bulgaria,Cyprus,Happy Valley Ground 2,Episkopi,Bulgaria,bat,Cyprus,T20,completed
1506447,2025-11-03,Bulgaria,Cyprus,Happy Valley Ground 2,Episkopi,Bulgaria,bat,Cyprus,T20,completed
1507719,2026-01-30,Sri Lanka,England,Pallekele International Cricket Stadium,Kandy,England,field,England,T20,completed
1507720,2026-02-01,Sri Lanka,England,Pallekele International Cricket Stadium,Kandy,England,field,England,T20,completed
1507721,2026-02-03,England,Sri Lanka,Pallekele International Cricket Stadium,Kandy,England,bat,England,T20,completed
1508269,2025-11-06,Myanmar,Indonesia,Udayana Cricket Ground,Bali,Myanmar,bat,Indonesia,T20,completed
1508270,2025-11-06,Timor-Leste,Indonesia,Udayana Cricket Ground,Bali,Timor-Leste,bat,Indonesia,T20,completed
1508271,2025-11-07,Timor-Leste,Myanmar,Udayana Cricket Ground,Bali,Timor-Leste,bat,Myanmar,T20,completed
1508272,2025-11-08,Timor-Leste,Indonesia,Udayana Cricket Ground,Bali,Indonesia,field,Indonesia,T20,completed
1508273,2025-11-08,Indonesia,Myanmar,Udayana Cricket Ground,Bali,Indonesia,bat,Indonesia,T20,completed
1508274,2025-11-09,Timor-Leste,Myanmar,Udayana Cricket Ground,Bali,Timor-Leste,bat,Myanmar,T20,completed
1508275,2025-11-11,Myanmar,Indonesia,Udayana Cricket Ground,Bali,Indonesia,field,Indonesia,T20,completed
1508276,2025-11-11,Timor-Leste,Indonesia,Udayana Cricket Ground,Bali,Timor-Leste,bat,Indonesia,T20,completed
1508277,2025-11-12,Myanmar,Timor-Leste,Udayana Cricket Ground,Bali,Myanmar,bat,Myanmar,T20,completed
1508278,2025-11-13,Timor-Leste,Indonesia,Udayana Cricket Ground,Bali,Indonesia,field,Indonesia,T20,completed
1508279,2025-11-13,Myanmar,Indonesia,Udayana Cricket Ground,Bali,Myanmar,bat,Indonesia,T20,completed
1508280,2025-11-14,Myanmar,Timor-Leste,Udayana Cricket Ground,Bali,Myanmar,bat,Myanmar,T20,completed
1509859,2025-11-16,United Arab Emirates,Oman,"West End Park International Cricket Stadium, Doha",Doha,United Arab Emirates,bat,Oman,T20,completed
1510178,2025-11-18,Bahrain,Indonesia,Udayana Cricket Ground,Bali,Indonesia,field,Bahrain,T20,completed
1510179,2025-11-19,Bahrain,Indonesia,Udayana Cricket Ground,Bali,Indonesia,field,Bahrain,T20,completed
1510180,2025-11-21,Indonesia,Bahrain,Udayana Cricket Ground,Bali,Bahrain,field,Bahrain,T20,completed
1510724,2025-11-12,Qatar,Hong Kong,"West End Park International Cricket Stadium, Doha",Doha,Qatar,bat,Qatar,T20,completed
1510725,2025-11-13,Hong Kong,Qatar,University of Doha for Science and Technology,Doha,Qatar,field,Hong Kong,T20,completed
1511993,2025-11-28,Brazil,Argentina,"St Albans Club, Buenos Aires",Buenos Aires,Brazil,bat,Argentina,T20,completed
1511996,2025-11-30,Argentina,Brazil,"St Albans Club, Buenos Aires",Buenos Aires,Brazil,field,Argentina,T20,completed
1511999,2025-11-25,Bahrain,Malaysia,"Bayuemas Oval, Kuala Lumpur",Kuala Lumpur,Malaysia,field,Malaysia,T20,completed
1512002,2025-11-30,Thailand,Bahrain,"Bayuemas Oval, Kuala Lumpur",Kuala Lumpur,Bahrain,field,Bahrain,T20,completed
1512719,2026-02-07,Netherlands,Pakistan,"Sinhalese Sports Club Ground, Colombo",Colombo,Pakistan,field,Pakistan,T20,completed
1512720,2026-02-07,West Indies,Scotland,"Eden Gardens, Kolkata",Kolkata,Scotland,field,West Indies,T20,completed
1512721,2026-02-07,India,United States of America,"Wankhede Stadium, Mumbai",Mumbai,United States of America,field,India,T20,completed
1512723,2026-02-08,England,Nepal,"Wankhede Stadium, Mumbai",Mumbai,England,bat,England,T20,completed
1512724,2026-02-08,Sri Lanka,Ireland,"R Premadasa Stadium, Colombo",Colombo,Ireland,field,Sri Lanka,T20,completed
1512725,2026-02-09,Scotland,Italy,"Eden Gardens, Kolkata",Kolkata,Italy,field,Scotland,T20,completed
1512726,2026-02-09,Oman,Zimbabwe,"Sinhalese Sports Club Ground, Colombo",Colombo,Zimbabwe,field,Zimbabwe,T20,completed
1512727,2026-02-09,South Africa,Canada,"Narendra Modi Stadium, Ahmedabad",Ahmedabad,Canada,field,South Africa,T20,completed
1512728,2026-02-10,Namibia,Netherlands,"Arun Jaitley Stadium, Delhi",Delhi,Netherlands,field,Netherlands,T20,completed
1512729,2026-02-10,United Arab Emirates,New Zealand,"MA Chidambaram Stadium, Chepauk, Chennai",Chennai,United Arab Emirates,bat,New Zealand,T20,completed
1512730,2026-02-10,Pakistan,United States of America,"Sinhalese Sports Club Ground, Colombo",Colombo,United States of America,field,Pakistan,T20,completed
1512732,2026-02-11,Australia,Ireland,"R Premadasa Stadium, Colombo",Colombo,Australia,bat,Australia,T20,completed
1512733,2026-02-11,West Indies,England,"Wankhede Stadium, Mumbai",Mumbai,England,field,West Indies,T20,completed
1512734,2026-02-12,Sri Lanka,Oman,Pallekele International Cricket Stadium,Kandy,Oman,field,Sri Lanka,T20,completed
1512735,2026-02-12,Nepal,Italy,"Wankhede Stadium, Mumbai",Mumbai,Italy,field,Italy,T20,completed
1512736,2026-02-12,India,Namibia,"Arun Jaitley Stadium, Delhi",Delhi,Namibia,field,India,T20,completed
1512737,2026-02-13,Zimbabwe,Australia,"R Premadasa Stadium, Colombo",Colombo,Australia,field,Zimbabwe,T20,completed
1512738,2026-02-13,Canada,United Arab Emirates,"Arun Jaitley Stadium, Delhi",Delhi,Canada,bat,United Arab Emirates,T20,completed
1512739,2026-02-13,United States of America,Netherlands,"MA Chidambaram Stadium, Chepauk, Chennai",Chennai,Netherlands,field,United States of America,T20,completed
1512740,2026-02-14,Ireland,Oman,"Sinhalese Sports Club Ground, Colombo",Colombo,Oman,field,Ireland,T20,completed
1512741,2026-02-14,Scotland,England,"Eden Gardens, Kolkata",Kolkata,England,field,England,T20,completed
1512742,2026-02-14,New Zealand,South Africa,"Narendra Modi Stadium, Ahmedabad",Ahmedabad,South Africa,field,South Africa,T20,completed
1512743,2026-02-15,Nepal,West Indies,"Wankhede Stadium, Mumbai",Mumbai,West Indies,field,West Indies,T20,completed
1512744,2026-02-15,United States of America,Namibia,"MA Chidambaram Stadium, Chepauk, Chennai",Chennai,United States of America,bat,United States of America,T20,completed
1512745,2026-02-15,India,Pakistan,"R Premadasa Stadium, Colombo",Colombo,Pakistan,field,India,T20,completed
1512747,2026-02-16,England,Italy,"Eden Gardens, Kolkata",Kolkata,England,bat,England,T20,completed
1512748,2026-02-16,Australia,Sri Lanka,Pallekele International Cricket Stadium,Kandy,Sri Lanka,field,Sri Lanka,T20,completed
1512749,2026-02-17,Canada,New Zealand,"MA Chidambaram Stadium, Chepauk, Chennai",Chennai,Canada,bat,New Zealand,T20,completed
1512751,2026-02-17,Scotland,Nepal,"Wankhede Stadium, Mumbai",Mumbai,Nepal,field,Nepal,T20,completed
1512752,2026-02-18,United Arab Emirates,South Africa,"Arun Jaitley Stadium, Delhi",Delhi,South Africa,field,South Africa,T20,completed
1512753,2026-02-18,Pakistan,Namibia,"Sinhalese Sports Club Ground, Colombo",Colombo,Pakistan,bat,Pakistan,T20,completed
1512754,2026-02-18,India,Netherlands,"Narendra Modi Stadium, Ahmedabad",Ahmedabad,India,bat,India,T20,completed
1512755,2026-02-19,West Indies,Italy,"Eden Gardens, Kolkata",Kolkata,Italy,field,West Indies,T20,completed
1512756,2026-02-19,Sri Lanka,Zimbabwe,"R Premadasa Stadium, Colombo",Colombo,Sri Lanka,bat,Zimbabwe,T20,completed
1512758,2026-02-20,Oman,Australia,Pallekele International Cricket Stadium,Kandy,Australia,field,Australia,T20,completed
1512760,2026-02-22,England,Sri Lanka,Pallekele International Cricket Stadium,Kandy,Sri Lanka,field,England,T20,completed
1512761,2026-02-22,South Africa,India,"Narendra Modi Stadium, Ahmedabad",Ahmedabad,South Africa,bat,South Africa,T20,completed
1512762,2026-02-23,West Indies,Zimbabwe,"Wankhede Stadium, Mumbai",Mumbai,Zimbabwe,field,West Indies,T20,completed
1512763,2026-02-24,Pakistan,England,Pallekele International Cricket Stadium,Kandy,Pakistan,bat,England,T20,completed
1512764,2026-02-25,New Zealand,Sri Lanka,"R Premadasa Stadium, Colombo",Colombo,Sri Lanka,field,New Zealand,T20,completed
1512765,2026-02-26,West Indies,South Africa,"Narendra Modi Stadium, Ahmedabad",Ahmedabad,South Africa,field,South Africa,T20,completed
1512766,2026-02-26,India,Zimbabwe,"MA Chidambaram Stadium, Chepauk, Chennai",Chennai,Zimbabwe,field,India,T20,completed
1512767,2026-02-27,New Zealand,England,"R Premadasa Stadium, Colombo",Colombo,New Zealand,bat,England,T20,completed
1512768,2026-02-28,Pakistan,Sri Lanka,Pallekele International Cricket Stadium,Kandy,Sri Lanka,field,Pakistan,T20,completed
1512769,2026-03-01,Zimbabwe,South Africa,"Arun Jaitley Stadium, Delhi",Delhi,Zimbabwe,bat,South Africa,T20,completed
1512770,2026-03-01,West Indies,India,"Eden Gardens, Kolkata",Kolkata,India,field,India,T20,completed
1512771,2026-03-04,South Africa,New Zealand,"Eden Gardens, Kolkata",Kolkata,New Zealand,field,New Zealand,T20,completed
1512772,2026-03-05,India,England,"Wankhede Stadium, Mumbai",Mumbai,England,field,India,T20,completed
1512773,2026-03-08,India,New Zealand,"Narendra Modi Stadium, Ahmedabad",Ahmedabad,New Zealand,field,India,T20,completed
1513086,2025-12-04,Nigeria,Zambia,"Nigeria Cricket Federation Oval 1, Abuja",Abuja,Zambia,field,Nigeria,T20,completed
1513087,2025-12-04,Sierra Leone,Rwanda,"Nigeria Cricket Federation Oval 1, Abuja",Abuja,Rwanda,field,Rwanda,T20,completed
1513088,2025-12-05,Zambia,Rwanda,"Nigeria Cricket Federation Oval 1, Abuja",Abuja,Rwanda,field,Rwanda,T20,completed
1513089,2025-12-06,Nigeria,Rwanda,"Nigeria Cricket Federation Oval 1, Abuja",Abuja,Rwanda,field,Nigeria,T20,completed
1513090,2025-12-06,Zambia,Sierra Leone,"Nigeria Cricket Federation Oval 1, Abuja",Abuja,Zambia,bat,Zambia,T20,completed
1513091,2025-12-07,Sierra Leone,Nigeria,"Nigeria Cricket Federation Oval 1, Abuja",Abuja,Nigeria,field,Nigeria,T20,completed
1513092,2025-12-07,Zambia,Rwanda,"Nigeria Cricket Federation Oval 1, Abuja",Abuja,Zambia,bat,Rwanda,T20,completed
1513093,2025-12-08,Rwanda,Sierra Leone,"Nigeria Cricket Federation Oval 1, Abuja",Abuja,Sierra Leone,field,Rwanda,T20,completed
1513094,2025-12-08,Nigeria,Zambia,"Nigeria Cricket Federation Oval 1, Abuja",Abuja,Zambia,field,Nigeria,T20,completed
1513095,2025-12-09,Rwanda,Nigeria,"Nigeria Cricket Federation Oval 1, Abuja",Abuja,Nigeria,field,Rwanda,T20,completed
1513096,2025-12-09,Sierra Leone,Zambia,"Nigeria Cricket Federation Oval 1, Abuja",Abuja,Sierra Leone,bat,Zambia,T20,completed
1513097,2025-12-11,Zambia,Rwanda,"Nigeria Cricket Federation Oval 1, Abuja",Abuja,Rwanda,field,Zambia,T20,completed
1513099,2025-12-09,Bahrain,Bhutan,Gelephu International Cricket Ground,Gelephu,Bhutan,field,Bahrain,T20,completed
1513100,2025-12-11,Bahrain,Bhutan,Gelephu International Cricket Ground,Gelephu,Bhutan,field,Bahrain,T20,completed
1513101,2025-12-12,Bahrain,Bhutan,Gelephu International Cricket Ground,Gelephu,Bhutan,field,Bahrain,T20,completed
1513102,2025-12-13,Bhutan,Bahrain,Gelephu International Cricket Ground,Gelephu,Bahrain,field,Bahrain,T20,completed
1513297,2025-12-05,Nigeria,Sierra Leone,"Nigeria Cricket Federation Oval 1, Abuja",Abuja,Nigeria,bat,Nigeria,T20,completed
1513298,2025-12-11,Nigeria,Sierra Leone,"Nigeria Cricket Federation Oval 1, Abuja",Abuja,Nigeria,bat,Nigeria,T20,completed
1513299,2025-12-12,Nigeria,Zambia,"Nigeria Cricket Federation Oval 1, Abuja",Abuja,Nigeria,bat,Nigeria,T20,completed
1513300,2025-12-12,Rwanda,Sierra Leone,"Nigeria Cricket Federation Oval 1, Abuja",Abuja,Rwanda,bat,Rwanda,T20,completed
1513301,2025-12-13,Nigeria,Rwanda,"Nigeria Cricket Federation Oval 1, Abuja",Abuja,Nigeria,bat,Nigeria,T20,completed
1513302,2025-12-13,Zambia,Sierra Leone,"Nigeria Cricket Federation Oval 1, Abuja",Abuja,Zambia,bat,Sierra Leone,T20,completed
1513303,2025-12-14,Zambia,Sierra Leone,"Nigeria Cricket Federation Oval 1, Abuja",Abuja,Sierra Leone,field,Zambia,T20,completed
1513304,2025-12-14,Nigeria,Rwanda,"Nigeria Cricket Federation Oval 1, Abuja",Abuja,Nigeria,bat,Nigeria,T20,completed
1513824,2025-12-09,Thailand,Indonesia,"Terdthai Cricket Ground, Bangkok",Bangkok,Indonesia,field,Indonesia,T20,completed
1513825,2025-12-09,Malaysia,Philippines,"Terdthai Cricket Ground, Bangkok",Bangkok,Philippines,field,Malaysia,T20,completed
1513826,2025-12-10,Indonesia,Malaysia,"Terdthai Cricket Ground, Bangkok",Bangkok,Malaysia,field,Malaysia,T20,completed
1513827,2025-12-10,Philippines,Singapore,"Terdthai Cricket Ground, Bangkok",Bangkok,Philippines,bat,Philippines,T20,completed
1513828,2025-12-11,Singapore,Thailand,"Terdthai Cricket Ground, Bangkok",Bangkok,Thailand,field,Singapore,T20,completed
1513829,2025-12-11,Philippines,Indonesia,"Terdthai Cricket Ground, Bangkok",Bangkok,Philippines,bat,Philippines,T20,completed
1513830,2025-12-12,Indonesia,Singapore,"Terdthai Cricket Ground, Bangkok",Bangkok,Singapore,field,Singapore,T20,completed
1513831,2025-12-12,Thailand,Malaysia,"Terdthai Cricket Ground, Bangkok",Bangkok,Malaysia,field,Malaysia,T20,completed
1513832,2025-12-13,Thailand,Philippines,"Terdthai Cricket Ground, Bangkok",Bangkok,Philippines,field,Philippines,T20,completed
1513833,2025-12-13,Singapore,Malaysia,"Terdthai Cricket Ground, Bangkok",Bangkok,Singapore,bat,Malaysia,T20,completed
1514473,2025-12-05,Croatia,Spain,La Manga Club Top Ground,Murcia,Croatia,bat,Spain,T20,completed
1514474,2025-12-06,Spain,Croatia,La Manga Club Top Ground,Murcia,Spain,bat,Spain,T20,completed
1514475,2025-12-06,Croatia,Spain,La Manga Club Top Ground,Murcia,Spain,field,Spain,T20,completed
1514476,2025-12-07,Spain,Croatia,La Manga Club Top Ground,Murcia,Spain,bat,Spain,T20,completed
1514477,2025-12-07,Croatia,Spain,La Manga Club Top Ground,Murcia,Spain,field,Spain,T20,completed
1514480,2026-01-07,Sri Lanka,Pakistan,Rangiri Dambulla International Stadium,Dambulla,Pakistan,field,Pakistan,T20,completed
1514482,2026-01-11,Sri Lanka,Pakistan,Rangiri Dambulla International Stadium,Dambulla,Pakistan,field,Sri Lanka,T20,completed
1515010,2025-12-23,Myanmar,Bhutan,Gelephu International Cricket Ground,Gelephu,Bhutan,field,Bhutan,T20,completed
1515011,2025-12-24,Bhutan,Myanmar,Gelephu International Cricket Ground,Gelephu,Myanmar,field,Bhutan,T20,completed
1515012,2025-12-26,Bhutan,Myanmar,Gelephu International Cricket Ground,Gelephu,Myanmar,field,Bhutan,T20,completed
1515013,2025-12-27,Bhutan,Myanmar,Gelephu International Cricket Ground,Gelephu,Myanmar,field,Bhutan,T20,completed
1515014,2025-12-29,Bhutan,Myanmar,Gelephu International Cricket Ground,Gelephu,Bhutan,bat,Bhutan,T20,completed
1515542,2025-12-23,Indonesia,Cambodia,Udayana Cricket Ground,Bali,Cambodia,field,Indonesia,T20,completed
1515543,2025-12-23,Indonesia,Cambodia,Udayana Cricket Ground,Bali,Indonesia,bat,Indonesia,T20,completed
1515544,2025-12-24,Cambodia,Indonesia,Udayana Cricket Ground,Bali,Indonesia,field,Indonesia,T20,completed
1515545,2025-12-25,Indonesia,Cambodia,Udayana Cricket Ground,Bali,Indonesia,bat,Indonesia,T20,completed
1515547,2025-12-27,Cambodia,Indonesia,Udayana Cricket Ground,Bali,Indonesia,field,Indonesia,T20,completed
1515548,2025-12-27,Cambodia,Indonesia,Udayana Cricket Ground,Bali,Cambodia,bat,Indonesia,T20,completed
1515549,2025-12-29,Cambodia,Indonesia,Udayana Cricket Ground,Bali,Indonesia,field,Indonesia,T20,completed
1517208,2025-12-26,Cambodia,Indonesia,Udayana Cricket Ground,Bali,Indonesia,field,Indonesia,T20,completed
1519136,2026-01-23,Italy,Ireland,"7he Sevens Stadium, Dubai",Dubai,Ireland,field,Ireland,T20,completed
1519137,2026-01-25,Ireland,Italy,"7he Sevens Stadium, Dubai",Dubai,Italy,field,Ireland,T20,completed
1519138,2026-01-26,Ireland,Italy,"7he Sevens Stadium, Dubai",Dubai,Italy,field,Italy,T20,completed
1519139,2026-01-29,Ireland,United Arab Emirates,Dubai International Cricket Stadium,Dubai,Ireland,bat,Ireland,T20,completed
1519140,2026-01-31,Ireland,United Arab Emirates,Dubai International Cricket Stadium,Dubai,United Arab Emirates,field,Ireland,T20,completed
1519636,2026-01-29,Pakistan,Australia,"Gaddafi Stadium, Lahore",Lahore,Pakistan,bat,Pakistan,T20,completed
1519637,2026-01-31,Pakistan,Australia,"Gaddafi Stadium, Lahore",Lahore,Pakistan,bat,Pakistan,T20,completed
1519638,2026-02-01,Pakistan,Australia,"Gaddafi Stadium, Lahore",Lahore,Pakistan,bat,Pakistan,T20,completed
1522994,2026-02-11,Qatar,Bahrain,"West End Park International Cricket Stadium, Doha",Doha,Bahrain,field,Qatar,T20,completed
1522995,2026-02-13,Qatar,Bahrain,"West End Park International Cricket Stadium, Doha",Doha,Bahrain,field,Qatar,T20,completed
1522996,2026-02-14,Qatar,Bahrain,"West End Park International Cricket Stadium, Doha",Doha,Bahrain,field,Bahrain,T20,completed
1522997,2026-02-15,Qatar,Bahrain,"West End Park International Cricket Stadium, Doha",Doha,Qatar,bat,Qatar,T20,completed
1522998,2026-02-25,Japan,Thailand,"Terdthai Cricket Ground, Bangkok",Bangkok,Thailand,field,Japan,T20,completed
1522999,2026-02-25,Bhutan,Bahrain,"Terdthai Cricket Ground, Bangkok",Bangkok,Bhutan,bat,Bahrain,T20,completed
1523000,2026-02-26,Thailand,Bhutan,"Terdthai Cricket Ground, Bangkok",Bangkok,Bhutan,field,Thailand,T20,completed
1523001,2026-02-26,Bahrain,Japan,"Terdthai Cricket Ground, Bangkok",Bangkok,Bahrain,bat,Japan,T20,completed
1523002,2026-02-27,Japan,Bhutan,"Terdthai Cricket Ground, Bangkok",Bangkok,Japan,bat,Japan,T20,completed
1523003,2026-02-27,Bahrain,Thailand,"Terdthai Cricket Ground, Bangkok",Bangkok,Thailand,field,Bahrain,T20,completed
1523004,2026-02-28,Bhutan,Thailand,"Terdthai Cricket Ground, Bangkok",Bangkok,Bhutan,bat,Bhutan,T20,completed
1525159,2026-02-25,Kuwait,Hong Kong,"Mission Road Ground, Mong Kok, Hong Kong",Mong Kok,Hong Kong,field,Hong Kong,T20,completed
1525160,2026-02-26,Hong Kong,Kuwait,"Mission Road Ground, Mong Kok, Hong Kong",Mong Kok,Kuwait,field,Hong Kong,T20,completed
1525162,2026-03-01,Hong Kong,Kuwait,"Mission Road Ground, Mong Kok, Hong Kong",Mong Kok,Kuwait,field,Kuwait,T20,completed
1525166,2026-03-08,Argentina,Cayman Islands,"Jimmy Powell Oval, Cayman Islands",George Town,Argentina,bat,Cayman Islands,T20,completed
1525167,2026-03-08,Mexico,Suriname,"Jimmy Powell Oval, Cayman Islands",George Town,Suriname,field,Mexico,T20,completed
1525168,2026-03-09,Argentina,Suriname,"Jimmy Powell Oval, Cayman Islands",George Town,Argentina,bat,Argentina,T20,completed
1525169,2026-03-09,Mexico,Cayman Islands,"Jimmy Powell Oval, Cayman Islands",George Town,Mexico,bat,Cayman Islands,T20,completed
1525170,2026-03-11,Suriname,Cayman Islands,"Jimmy Powell Oval, Cayman Islands",George Town,Cayman Islands,field,Cayman Islands,T20,completed
1525171,2026-03-11,Argentina,Mexico,"Jimmy Powell Oval, Cayman Islands",George Town,Mexico,field,Argentina,T20,completed
1525172,2026-03-12,Cayman Islands,Mexico,"Jimmy Powell Oval, Cayman Islands",George Town,Cayman Islands,bat,Cayman Islands,T20,completed
1525173,2026-03-12,Suriname,Argentina,"Jimmy Powell Oval, Cayman Islands",George Town,Suriname,bat,Argentina,T20,completed
1525174,2026-03-14,Argentina,Mexico,"Jimmy Powell Oval, Cayman Islands",George Town,Argentina,bat,Argentina,T20,completed
1525175,2026-03-14,Suriname,Cayman Islands,"Jimmy Powell Oval, Cayman Islands",George Town,Suriname,bat,Cayman Islands,T20,completed
1525176,2026-03-15,Mexico,Suriname,"Jimmy Powell Oval, Cayman Islands",George Town,Suriname,field,Suriname,T20,completed
1525177,2026-03-15,Argentina,Cayman Islands,"Jimmy Powell Oval, Cayman Islands",George Town,Argentina,bat,Cayman Islands,T20,completed
1526840,2026-03-24,Malawi,Tanzania,"Achimota Senior Secondary School A Field, Accra",Accra,Tanzania,field,Tanzania,T20,completed
1526841,2026-03-24,Eswatini,St Helena,"Achimota Senior Secondary School A Field, Accra",Accra,Eswatini,bat,Eswatini,T20,completed
1526842,2026-03-24,Seychelles,Ghana,"Achimota Senior Secondary School B Field, Accra",Accra,Ghana,field,Ghana,T20,completed
1526843,2026-03-25,St Helena,Seychelles,"Achimota Senior Secondary School A Field, Accra",Accra,Seychelles,field,Seychelles,T20,completed
1526844,2026-03-25,Tanzania,Eswatini,"Achimota Senior Secondary School B Field, Accra",Accra,Eswatini,field,Tanzania,T20,completed
1526845,2026-03-25,Malawi,Ghana,"Achimota Senior Secondary School A Field, Accra",Accra,Ghana,field,Ghana,T20,completed
1526846,2026-03-27,St Helena,Ghana,"Achimota Senior Secondary School A Field, Accra",Accra,Ghana,field,Ghana,T20,completed
1526847,2026-03-27,Eswatini,Malawi,"Achimota Senior Secondary School B Field, Accra",Accra,Eswatini,bat,Malawi,T20,completed
1526848,2026-03-27,Tanzania,Seychelles,"Achimota Senior Secondary School B Field, Accra",Accra,Tanzania,bat,Tanzania,T20,completed
1526849,2026-03-28,Tanzania,St Helena,"Achimota Senior Secondary School B Field, Accra",Accra,Tanzania,bat,Tanzania,T20,completed
1526850,2026-03-28,Seychelles,Malawi,"Achimota Senior Secondary School A Field, Accra",Accra,Malawi,field,Malawi,T20,completed
1526851,2026-03-28,Ghana,Eswatini,"Achimota Senior Secondary School B Field, Accra",Accra,Ghana,bat,Ghana,T20,completed
1527157,2026-03-07,Malaysia,Bahrain,"Bayuemas Oval, Kuala Lumpur",Kuala Lumpur,Malaysia,bat,Malaysia,T20,completed
1527158,2026-03-08,Bahrain,Malaysia,"Bayuemas Oval, Kuala Lumpur",Kuala Lumpur,Bahrain,bat,Bahrain,T20,completed
1527159,2026-03-10,Malaysia,Bahrain,"Bayuemas Oval, Kuala Lumpur",Kuala Lumpur,Malaysia,bat,Bahrain,T20,completed
1527277,2026-03-09,Lesotho,Botswana,"Botswana Cricket Association Oval 1, Gaborone",Gaborone,Botswana,field,Botswana,T20,completed
1527278,2026-03-10,Lesotho,Botswana,"Botswana Cricket Association Oval 1, Gaborone",Gaborone,Lesotho,bat,Botswana,T20,completed
1527279,2026-03-12,Botswana,Lesotho,"Botswana Cricket Association Oval 1, Gaborone",Gaborone,Botswana,bat,Botswana,T20,completed
1527280,2026-03-13,Botswana,Lesotho,"Botswana Cricket Association Oval 1, Gaborone",Gaborone,Botswana,bat,Botswana,T20,completed
1527281,2026-03-15,Botswana,Lesotho,"Botswana Cricket Association Oval 1, Gaborone",Gaborone,Botswana,bat,Botswana,T20,completed
1527770,2026-03-14,Cyprus,Austria,Happy Valley Ground 2,Episkopi,Austria,field,Cyprus,T20,completed
1527773,2026-03-16,Cyprus,Austria,Happy Valley Ground 2,Episkopi,Cyprus,bat,Austria,T20,completed
1528275,2026-04-27,New Zealand,Bangladesh,"Bir Sreshtho Flight Lieutenant Matiur Rahman Stadium, Chattogram",Chattogram,Bangladesh,field,Bangladesh,T20,completed
1528277,2026-05-02,Bangladesh,New Zealand,"Shere Bangla National Stadium, Mirpur",Dhaka,New Zealand,field,New Zealand,T20,completed
1528299,2026-04-05,Norway,France,Santarem Cricket Ground,Albergaria,Norway,bat,Norway,T20,completed
1528300,2026-04-05,France,Portugal,Santarem Cricket Ground,Albergaria,France,bat,Portugal,T20,completed
1528301,2026-04-06,Portugal,Norway,Santarem Cricket Ground,Albergaria,Portugal,bat,Portugal,T20,completed
1528302,2026-04-06,Portugal,France,Santarem Cricket Ground,Albergaria,Portugal,bat,Portugal,T20,completed
1528303,2026-04-07,France,Norway,Santarem Cricket Ground,Albergaria,Norway,field,France,T20,completed
1528305,2026-04-08,Portugal,Norway,Santarem Cricket Ground,Albergaria,Portugal,bat,Portugal,T20,completed
1528306,2026-04-08,Portugal,France,Santarem Cricket Ground,Albergaria,Portugal,bat,France,T20,completed
1528307,2026-04-09,Norway,France,Santarem Cricket Ground,Albergaria,Norway,bat,France,T20,completed
1528308,2026-04-09,Portugal,France,Santarem Cricket Ground,Albergaria,France,field,Portugal,T20,completed
1528548,2026-06-26,Ireland,India,"Civil Service Cricket Club, Stormont, Belfast",Belfast,India,field,Ireland,T20,completed
1528549,2026-06-28,Ireland,India,"Civil Service Cricket Club, Stormont, Belfast",Belfast,India,field,Ireland,T20,completed
1529145,2026-04-15,Namibia,Scotland,"Namibia Cricket Ground, Windhoek",Windhoek,Namibia,bat,Scotland,T20,completed
1529146,2026-04-17,Scotland,Namibia,"Namibia Cricket Ground, Windhoek",Windhoek,Namibia,field,Scotland,T20,completed
1529147,2026-04-18,Scotland,Namibia,"Namibia Cricket Ground, Windhoek",Windhoek,Scotland,bat,Namibia,T20,completed
1529377,2026-04-02,Mexico,Costa Rica,"Reforma Athletic Club, Naucalpan",Naucalpan,Mexico,bat,Mexico,T20,completed
1529378,2026-04-03,Costa Rica,Brazil,"Reforma Athletic Club, Naucalpan",Naucalpan,Costa Rica,bat,Brazil,T20,completed
1529379,2026-04-03,Mexico,Brazil,"Reforma Athletic Club, Naucalpan",Naucalpan,Brazil,field,Mexico,T20,completed
1529380,2026-04-04,Brazil,Costa Rica,"Reforma Athletic Club, Naucalpan",Naucalpan,Costa Rica,field,Brazil,T20,completed
1529381,2026-04-04,Costa Rica,Mexico,"Reforma Athletic Club, Naucalpan",Naucalpan,Costa Rica,bat,Mexico,T20,completed
1529382,2026-04-05,Mexico,Brazil,"Reforma Athletic Club, Naucalpan",Naucalpan,Mexico,bat,Brazil,T20,completed
1529787,2026-04-07,Indonesia,Sweden,Udayana Cricket Ground,Bali,Sweden,field,Sweden,T20,completed
1529788,2026-04-07,Indonesia,Sweden,Udayana Cricket Ground,Bali,Indonesia,bat,Sweden,T20,completed
1529789,2026-04-09,Indonesia,Sweden,Udayana Cricket Ground,Bali,Sweden,field,Sweden,T20,completed
1529790,2026-04-09,Sweden,Indonesia,Udayana Cricket Ground,Bali,Sweden,bat,Sweden,T20,completed
1529791,2026-04-11,Indonesia,Sweden,Udayana Cricket Ground,Bali,Sweden,field,Sweden,T20,completed
1529792,2026-04-11,Sweden,Indonesia,Udayana Cricket Ground,Bali,Sweden,bat,Sweden,T20,completed
1529793,2026-04-13,Sweden,Indonesia,Udayana Cricket Ground,Bali,Sweden,bat,Indonesia,T20,completed
1529794,2026-04-13,Sweden,Indonesia,Udayana Cricket Ground,Bali,Sweden,bat,Sweden,T20,completed
1530060,2026-07-23,Zimbabwe,India,Harare Sports Club,Harare,India,field,India,T20,completed
1530061,2026-07-25,India,Zimbabwe,Harare Sports Club,Harare,Zimbabwe,field,India,T20,completed
1530062,2026-07-26,India,Zimbabwe,Harare Sports Club,Harare,India,bat,India,T20,completed
1531681,2026-05-07,Malta,Gibraltar,Marsa Sports Club,Marsa,Gibraltar,field,Malta,T20,completed
1531682,2026-05-07,Malta,Gibraltar,Marsa Sports Club,Marsa,Malta,bat,Malta,T20,completed
1531683,2026-05-08,Gibraltar,Malta,Marsa Sports Club,Marsa,Gibraltar,bat,Malta,T20,completed
1531684,2026-05-08,Malta,Gibraltar,Marsa Sports Club,Marsa,Malta,bat,Malta,T20,completed
1531685,2026-05-09,Gibraltar,Malta,Marsa Sports Club,Marsa,Gibraltar,bat,Malta,T20,completed
1531694,2026-04-20,Nepal,United Arab Emirates,"Tribhuvan University International Cricket Ground, Kirtipur",Kirtipur,Nepal,bat,United Arab Emirates,T20,completed
1531695,2026-04-21,United Arab Emirates,Nepal,"Tribhuvan University International Cricket Ground, Kirtipur",Kirtipur,Nepal,field,Nepal,T20,completed
1532483,2026-06-17,Bangladesh,Australia,"Bir Sreshtho Flight Lieutenant Matiur Rahman Stadium, Chattogram",Chattogram,Bangladesh,bat,Australia,T20,completed
1532484,2026-06-19,Australia,Bangladesh,"Bir Sreshtho Flight Lieutenant Matiur Rahman Stadium, Chattogram",Chattogram,Australia,bat,Australia,T20,completed
1532485,2026-06-21,Bangladesh,Australia,"Bir Sreshtho Flight Lieutenant Matiur Rahman Stadium, Chattogram",Chattogram,Bangladesh,bat,Australia,T20,completed
1532637,2026-05-08,Indonesia,Philippines,Sano International Cricket Ground,Sano,Philippines,field,Indonesia,T20,completed
1532638,2026-05-08,Vanuatu,Fiji,"Korogi Sports Park, Nisshin",Nisshin,Vanuatu,bat,Vanuatu,T20,completed
1532639,2026-05-08,South Korea,Cook Islands,"Korogi Sports Park, Nisshin",Nisshin,Cook Islands,field,Cook Islands,T20,completed
1532640,2026-05-09,Indonesia,Samoa,Sano International Cricket Ground,Sano,Samoa,field,Samoa,T20,completed
1532641,2026-05-09,Japan,Vanuatu,"Korogi Sports Park, Nisshin",Nisshin,Japan,bat,Japan,T20,completed
1532642,2026-05-09,Papua New Guinea,South Korea,"Korogi Sports Park, Nisshin",Nisshin,Papua New Guinea,bat,Papua New Guinea,T20,completed
1532643,2026-05-10,Samoa,Philippines,Sano International Cricket Ground,Sano,Samoa,bat,Samoa,T20,completed
1532644,2026-05-10,Fiji,Japan,"Korogi Sports Park, Nisshin",Nisshin,Fiji,bat,Japan,T20,completed
1532645,2026-05-10,Papua New Guinea,Cook Islands,"Korogi Sports Park, Nisshin",Nisshin,Papua New Guinea,bat,Papua New Guinea,T20,completed
1532646,2026-05-12,Vanuatu,Samoa,Sano International Cricket Ground,Sano,Vanuatu,bat,Samoa,T20,completed
1532647,2026-05-12,Philippines,South Korea,Sano International Cricket Ground 2,Sano,Philippines,bat,Philippines,T20,completed
1532648,2026-05-12,Japan,Indonesia,Sano International Cricket Ground,Sano,Japan,bat,Japan,T20,completed
1532649,2026-05-13,Fiji,South Korea,Sano International Cricket Ground 2,Sano,Fiji,bat,South Korea,T20,completed
1532650,2026-05-13,Samoa,Papua New Guinea,Sano International Cricket Ground,Sano,Samoa,bat,Papua New Guinea,T20,completed
1532651,2026-05-13,Cook Islands,Vanuatu,Sano International Cricket Ground,Sano,Cook Islands,bat,Cook Islands,T20,completed
1532652,2026-05-14,Fiji,Philippines,Sano International Cricket Ground 2,Sano,Fiji,bat,Philippines,T20,completed
1532653,2026-05-14,Papua New Guinea,Indonesia,Sano International Cricket Ground,Sano,Papua New Guinea,bat,Papua New Guinea,T20,completed
1532654,2026-05-14,Japan,Cook Islands,Sano International Cricket Ground,Sano,Japan,bat,Cook Islands,T20,completed
1532655,2026-05-16,Vanuatu,Indonesia,Sano International Cricket Ground,Sano,Indonesia,field,Vanuatu,T20,completed
1532656,2026-05-16,Samoa,Japan,Sano International Cricket Ground,Sano,Samoa,bat,Japan,T20,completed
1532657,2026-05-16,Philippines,South Korea,Sano International Cricket Ground 2,Sano,Philippines,bat,South Korea,T20,completed
1532658,2026-05-17,Fiji,South Korea,Sano International Cricket Ground 2,Sano,South Korea,field,South Korea,T20,completed
1532659,2026-05-17,Cook Islands,Indonesia,Sano International Cricket Ground,Sano,Indonesia,field,Cook Islands,T20,completed
1532660,2026-05-17,Papua New Guinea,Vanuatu,Sano International Cricket Ground,Sano,Papua New Guinea,bat,Papua New Guinea,T20,completed
1532662,2026-05-18,Cook Islands,Samoa,Sano International Cricket Ground,Sano,Samoa,field,Samoa,T20,completed
1532663,2026-05-18,Japan,Papua New Guinea,Sano International Cricket Ground,Sano,Japan,bat,Japan,T20,completed
1533385,2026-05-01,Germany,Austria,Bayer Uerdingen Cricket Ground,Krefeld,Austria,field,Germany,T20,completed
1533386,2026-05-01,Austria,Germany,Bayer Uerdingen Cricket Ground,Krefeld,Germany,field,Germany,T20,completed
1533387,2026-05-02,Germany,Austria,Bayer Uerdingen Cricket Ground,Krefeld,Germany,bat,Austria,T20,completed
1533389,2026-05-03,Austria,Germany,Bayer Uerdingen Cricket Ground,Krefeld,Austria,bat,Germany,T20,completed
1533390,2026-05-01,Indonesia,Malaysia,"Bayuemas Oval, Kuala Lumpur",Kuala Lumpur,Malaysia,field,Malaysia,T20,completed
1533391,2026-05-02,Malaysia,Indonesia,"Bayuemas Oval, Kuala Lumpur",Kuala Lumpur,Indonesia,field,Malaysia,T20,completed
1533392,2026-05-04,Malaysia,Indonesia,"Bayuemas Oval, Kuala Lumpur",Kuala Lumpur,Malaysia,bat,Malaysia,T20,completed
1533393,2026-05-05,Indonesia,Malaysia,"Bayuemas Oval, Kuala Lumpur",Kuala Lumpur,Indonesia,bat,Malaysia,T20,completed
1533394,2026-05-02,Isle of Man,Guernsey,"King George V Sports Ground, Castel",Castel,Guernsey,field,Guernsey,T20,completed
1533395,2026-05-03,Guernsey,Isle of Man,"King George V Sports Ground, Castel",Castel,Isle of Man,field,Guernsey,T20,completed
1533397,2026-05-08,Cyprus,Finland,Happy Valley Ground,Episkopi,Cyprus,bat,Cyprus,T20,completed
1533398,2026-05-08,Cyprus,Finland,Happy Valley Ground,Episkopi,Cyprus,bat,Finland,T20,completed
1533399,2026-05-09,Finland,Cyprus,Happy Valley Ground,Episkopi,Finland,bat,Finland,T20,completed
1533400,2026-05-09,Finland,Cyprus,Happy Valley Ground,Episkopi,Finland,bat,Finland,T20,completed
1534038,2026-05-16,Cyprus,France,Happy Valley Ground,Episkopi,Cyprus,bat,France,T20,completed
1534039,2026-05-16,Guernsey,Sweden,Happy Valley Ground 2,Episkopi,Sweden,field,Guernsey,T20,completed
1534040,2026-05-16,Switzerland,Jersey,Happy Valley Ground,Episkopi,Switzerland,bat,Jersey,T20,completed
1534041,2026-05-16,Malta,Austria,Happy Valley Ground 2,Episkopi,Austria,field,Austria,T20,completed
1534042,2026-05-17,Malta,Guernsey,Happy Valley Ground,Episkopi,Guernsey,field,Guernsey,T20,completed
1534043,2026-05-17,France,Croatia,Happy Valley Ground 2,Episkopi,France,bat,France,T20,completed
1534044,2026-05-17,Slovenia,Austria,Happy Valley Ground,Episkopi,Slovenia,bat,Austria,T20,completed
1534045,2026-05-17,Jersey,Cyprus,Happy Valley Ground 2,Episkopi,Jersey,bat,Jersey,T20,completed
1534046,2026-05-19,France,Jersey,Happy Valley Ground,Episkopi,Jersey,field,Jersey,T20,completed
1534047,2026-05-19,Slovenia,Sweden,Happy Valley Ground 2,Episkopi,Slovenia,bat,Sweden,T20,completed
1534048,2026-05-19,Croatia,Switzerland,Happy Valley Ground,Episkopi,Croatia,bat,Croatia,T20,completed
1534049,2026-05-19,Guernsey,Austria,Happy Valley Ground 2,Episkopi,Austria,field,Guernsey,T20,completed
1534050,2026-05-20,Slovenia,Guernsey,Happy Valley Ground,Episkopi,Slovenia,bat,Guernsey,T20,completed
1534051,2026-05-20,Switzerland,Cyprus,Happy Valley Ground 2,Episkopi,Cyprus,field,Switzerland,T20,completed
1534052,2026-05-20,Sweden,Malta,Happy Valley Ground,Episkopi,Malta,field,Malta,T20,completed
1534053,2026-05-20,Jersey,Croatia,Happy Valley Ground 2,Episkopi,Croatia,field,Jersey,T20,completed
1534054,2026-05-22,France,Switzerland,Happy Valley Ground,Episkopi,France,bat,France,T20,completed
1534055,2026-05-22,Austria,Sweden,Happy Valley Ground 2,Episkopi,Sweden,field,Sweden,T20,completed
1534056,2026-05-22,Croatia,Cyprus,Happy Valley Ground,Episkopi,Cyprus,field,Croatia,T20,completed
1534057,2026-05-22,Slovenia,Malta,Happy Valley Ground 2,Episkopi,Slovenia,bat,Malta,T20,completed
1534058,2026-05-23,France,Sweden,Happy Valley Ground 2,Episkopi,Sweden,field,Sweden,T20,completed
1534059,2026-05-23,Malta,Switzerland,Happy Valley Ground,Episkopi,Switzerland,field,Switzerland,T20,completed
1534060,2026-05-23,Croatia,Austria,Happy Valley Ground,Episkopi,Croatia,bat,Austria,T20,completed
1534061,2026-05-23,Guernsey,Jersey,Happy Valley Ground 2,Episkopi,Guernsey,bat,Jersey,T20,completed
1534590,2026-05-08,Romania,Bulgaria,"Moara Vlasiei Cricket Ground, Ilfov County",Ilfov County,Romania,bat,Romania,T20,completed
1534591,2026-05-09,Romania,Bulgaria,"Moara Vlasiei Cricket Ground, Ilfov County",Ilfov County,Romania,bat,Romania,T20,completed
1534592,2026-05-09,Romania,Bulgaria,"Moara Vlasiei Cricket Ground, Ilfov County",Ilfov County,Romania,bat,Romania,T20,completed
1534594,2026-05-10,Romania,Bulgaria,"Moara Vlasiei Cricket Ground, Ilfov County",Ilfov County,Romania,bat,Romania,T20,completed
1535413,2026-05-23,Cameroon,Rwanda,"Botswana Cricket Association Oval 1, Gaborone",Gaborone,Rwanda,field,Rwanda,T20,completed
1535414,2026-05-23,Botswana,Sierra Leone,"Botswana Cricket Association Oval 1, Gaborone",Gaborone,Sierra Leone,field,Botswana,T20,completed
1535415,2026-05-23,Kenya,Mali,"Botswana Cricket Association Oval 2, Gaborone",Gaborone,Kenya,bat,Kenya,T20,completed
1535416,2026-05-24,Rwanda,Ivory Coast,"Botswana Cricket Association Oval 1, Gaborone",Gaborone,Rwanda,bat,Rwanda,T20,completed
1535417,2026-05-24,Mali,Botswana,"Botswana Cricket Association Oval 1, Gaborone",Gaborone,Mali,bat,Botswana,T20,completed
1535418,2026-05-24,Sierra Leone,Cameroon,"Botswana Cricket Association Oval 2, Gaborone",Gaborone,Cameroon,field,Cameroon,T20,completed
1535419,2026-05-25,Kenya,Rwanda,"Botswana Cricket Association Oval 1, Gaborone",Gaborone,Kenya,bat,Rwanda,T20,completed
1535420,2026-05-25,Botswana,Cameroon,"Botswana Cricket Association Oval 2, Gaborone",Gaborone,Botswana,bat,Botswana,T20,completed
1535421,2026-05-25,Ivory Coast,Mali,"Botswana Cricket Association Oval 2, Gaborone",Gaborone,Mali,field,Mali,T20,completed
1535422,2026-05-26,Mali,Rwanda,"Botswana Cricket Association Oval 2, Gaborone",Gaborone,Rwanda,field,Rwanda,T20,completed
1535423,2026-05-26,Kenya,Sierra Leone,"Botswana Cricket Association Oval 1, Gaborone",Gaborone,Sierra Leone,field,Kenya,T20,completed
1535424,2026-05-26,Cameroon,Ivory Coast,"Botswana Cricket Association Oval 2, Gaborone",Gaborone,Cameroon,bat,Cameroon,T20,completed
1535425,2026-05-28,Botswana,Ivory Coast,"Botswana Cricket Association Oval 1, Gaborone",Gaborone,Botswana,bat,Botswana,T20,completed
1535426,2026-05-28,Sierra Leone,Rwanda,"Botswana Cricket Association Oval 2, Gaborone",Gaborone,Rwanda,field,Rwanda,T20,completed
1535427,2026-05-28,Cameroon,Kenya,"Botswana Cricket Association Oval 1, Gaborone",Gaborone,Kenya,field,Kenya,T20,completed
1535428,2026-05-29,Cameroon,Mali,"Botswana Cricket Association Oval 1, Gaborone",Gaborone,Cameroon,bat,Cameroon,T20,completed
1535429,2026-05-29,Ivory Coast,Sierra Leone,"Botswana Cricket Association Oval 2, Gaborone",Gaborone,Ivory Coast,bat,Sierra Leone,T20,completed
1535430,2026-05-29,Kenya,Botswana,"Botswana Cricket Association Oval 2, Gaborone",Gaborone,Kenya,bat,Kenya,T20,completed
1535431,2026-05-30,Mali,Sierra Leone,"Botswana Cricket Association Oval 1, Gaborone",Gaborone,Mali,bat,Sierra Leone,T20,completed
1535432,2026-05-30,Ivory Coast,Kenya,"Botswana Cricket Association Oval 2, Gaborone",Gaborone,Kenya,field,Kenya,T20,completed
1535433,2026-05-30,Rwanda,Botswana,"Botswana Cricket Association Oval 1, Gaborone",Gaborone,Rwanda,bat,Rwanda,T20,completed
1538211,2026-06-02,Mozambique,Lesotho,Malkerns Country Club oval,Malkerns,Lesotho,field,Mozambique,T20,completed
1538213,2026-06-03,Eswatini,Mozambique,Malkerns Country Club oval,Malkerns,Eswatini,bat,Mozambique,T20,completed
1538214,2026-06-04,Mozambique,Lesotho,Malkerns Country Club oval,Malkerns,Lesotho,field,Mozambique,T20,completed
1538215,2026-06-04,Lesotho,Eswatini,Malkerns Country Club oval,Malkerns,Lesotho,bat,Eswatini,T20,completed
1538216,2026-06-06,Mozambique,Eswatini,Malkerns Country Club oval,Malkerns,Mozambique,bat,Eswatini,T20,completed
1538217,2026-06-06,Mozambique,Lesotho,Malkerns Country Club oval,Malkerns,Mozambique,bat,Mozambique,T20,completed
1538218,2026-06-07,Lesotho,Eswatini,Malkerns Country Club oval,Malkerns,Lesotho,bat,Lesotho,T20,completed
1538219,2026-06-07,Mozambique,Eswatini,Malkerns Country Club oval,Malkerns,Mozambique,bat,Eswatini,T20,completed
1538301,2026-07-15,Zimbabwe,Bangladesh,"Queens Sports Club, Bulawayo",Bulawayo,Bangladesh,field,Zimbabwe,T20,completed
1538302,2026-07-17,Bangladesh,Zimbabwe,"Queens Sports Club, Bulawayo",Bulawayo,Zimbabwe,field,Bangladesh,T20,completed
1538303,2026-07-19,Zimbabwe,Bangladesh,"Queens Sports Club, Bulawayo",Bulawayo,Zimbabwe,bat,Bangladesh,T20,completed
1538307,2026-06-11,Sri Lanka,West Indies,"Sabina Park, Kingston, Jamaica",Kingston,Sri Lanka,bat,West Indies,T20,completed
1538308,2026-06-13,Sri Lanka,West Indies,"Sabina Park, Kingston, Jamaica",Kingston,West Indies,field,Sri Lanka,T20,completed
1538309,2026-06-14,Sri Lanka,West Indies,"Sabina Park, Kingston, Jamaica",Kingston,West Indies,field,West Indies,T20,completed
1538440,2026-05-31,Nepal,China,Singapore National Cricket Ground,Singapore,China,field,Nepal,T20,completed
1538442,2026-06-01,Oman,Singapore,Singapore National Cricket Ground,Singapore,Singapore,field,Oman,T20,completed
1538443,2026-06-01,Bahrain,Hong Kong,Singapore National Cricket Ground,Singapore,Hong Kong,field,Hong Kong,T20,completed
1538445,2026-06-02,China,Malaysia,Singapore National Cricket Ground,Singapore,Malaysia,field,Malaysia,T20,completed
1538446,2026-06-03,Oman,Bahrain,Singapore National Cricket Ground,Singapore,Bahrain,field,Oman,T20,completed
1538447,2026-06-03,Singapore,Hong Kong,Singapore National Cricket Ground,Singapore,Singapore,bat,Hong Kong,T20,completed
1538449,2026-06-04,Nepal,Malaysia,Singapore National Cricket Ground,Singapore,Malaysia,field,Nepal,T20,completed
1538450,2026-06-05,Bahrain,Singapore,Singapore National Cricket Ground,Singapore,Singapore,field,Bahrain,T20,completed
1538451,2026-06-05,Hong Kong,Oman,Singapore National Cricket Ground,Singapore,Oman,field,Hong Kong,T20,completed
1538452,2026-06-07,Oman,Nepal,Singapore National Cricket Ground,Singapore,Oman,bat,Nepal,T20,completed
1538453,2026-06-07,Malaysia,Hong Kong,Singapore National Cricket Ground,Singapore,Hong Kong,field,Hong Kong,T20,completed
1538454,2026-06-08,Oman,Malaysia,Singapore National Cricket Ground,Singapore,Malaysia,field,Malaysia,T20,completed
1538455,2026-06-08,Hong Kong,Nepal,Singapore National Cricket Ground,Singapore,Nepal,field,Nepal,T20,completed
1539464,2026-06-11,Norway,Sweden,"Botkyrka Cricket Center, Stockholm",Stockholm,Sweden,field,Sweden,T20,completed
1539465,2026-06-11,Austria,Finland,"Botkyrka Cricket Center, Stockholm",Stockholm,Austria,bat,Finland,T20,completed
1539466,2026-06-12,Sweden,Finland,"Botkyrka Cricket Center, Stockholm",Stockholm,Finland,field,Finland,T20,completed
1539467,2026-06-12,Norway,Austria,"Botkyrka Cricket Center, Stockholm",Stockholm,Austria,field,Norway,T20,completed
1539468,2026-06-13,Finland,Norway,"Botkyrka Cricket Center, Stockholm",Stockholm,Norway,field,Finland,T20,completed
1539469,2026-06-13,Sweden,Austria,"Botkyrka Cricket Center, Stockholm",Stockholm,Austria,field,Sweden,T20,completed
1539470,2026-06-14,Norway,Austria,"Botkyrka Cricket Center, Stockholm",Stockholm,Norway,bat,Austria,T20,completed
1539471,2026-06-14,Finland,Sweden,"Botkyrka Cricket Center, Stockholm",Stockholm,Sweden,field,Sweden,T20,completed
1539472,2026-06-18,Denmark,Germany,"Svanholm Park, Brondby",Brondby,Denmark,bat,Germany,T20,completed
1539473,2026-06-19,Germany,Denmark,"Svanholm Park, Brondby",Brondby,Germany,bat,Denmark,T20,completed
1539474,2026-06-19,Germany,Denmark,"Svanholm Park, Brondby",Brondby,Germany,bat,Denmark,T20,completed
1539475,2026-06-20,Germany,Denmark,"Svanholm Park, Brondby",Brondby,Denmark,field,Denmark,T20,completed
1539476,2026-06-26,Serbia,Luxembourg,"Scott Page Field, Vinor",Prague,Luxembourg,field,Luxembourg,T20,completed
1539477,2026-06-26,Czech Republic,Luxembourg,"Scott Page Field, Vinor",Prague,Luxembourg,field,Luxembourg,T20,completed
1539479,2026-06-27,Serbia,Luxembourg,"Scott Page Field, Vinor",Prague,Serbia,bat,Luxembourg,T20,completed
1539480,2026-06-28,Czech Republic,Luxembourg,"Scott Page Field, Vinor",Prague,Luxembourg,field,Czech Republic,T20,completed
1539731,2026-06-22,Belize,Bermuda,"White Hill Field, Sandys Parish",Hamilton,Bermuda,field,Bermuda,T20,completed
1539732,2026-06-22,Panama,Brazil,"White Hill Field, Sandys Parish",Hamilton,Brazil,field,Panama,T20,completed
1539733,2026-06-24,Bahamas,Panama,"White Hill Field, Sandys Parish",Hamilton,Panama,field,Panama,T20,completed
1539734,2026-06-24,Brazil,Belize,"White Hill Field, Sandys Parish",Hamilton,Brazil,bat,Belize,T20,completed
1539735,2026-06-25,Panama,Bermuda,"White Hill Field, Sandys Parish",Hamilton,Panama,bat,Bermuda,T20,completed
1539736,2026-06-25,Brazil,Bahamas,"White Hill Field, Sandys Parish",Hamilton,Bahamas,field,Bahamas,T20,completed
1539737,2026-06-27,Bahamas,Belize,"White Hill Field, Sandys Parish",Hamilton,Belize,field,Bahamas,T20,completed
1539738,2026-06-27,Bermuda,Brazil,"White Hill Field, Sandys Parish",Hamilton,Bermuda,bat,Bermuda,T20,completed
1539739,2026-06-18,Nigeria,Hong Kong,"Namibia Cricket Ground, Windhoek",Windhoek,Hong Kong,field,Hong Kong,T20,completed
1539740,2026-06-19,Hong Kong,Namibia,"Namibia Cricket Ground, Windhoek",Windhoek,Namibia,field,Namibia,T20,completed
1539741,2026-06-20,Namibia,Nigeria,"Namibia Cricket Ground, Windhoek",Windhoek,Namibia,bat,Namibia,T20,completed
1539742,2026-06-21,Nigeria,Hong Kong,"Namibia Cricket Ground, Windhoek",Windhoek,Hong Kong,field,Hong Kong,T20,completed
1539743,2026-06-22,Namibia,Hong Kong,"Namibia Cricket Ground, Windhoek",Windhoek,Namibia,bat,Namibia,T20,completed
1539744,2026-06-23,Namibia,Nigeria,"Namibia Cricket Ground, Windhoek",Windhoek,Namibia,bat,Namibia,T20,completed
1540308,2026-06-19,Belgium,Romania,"Moara Vlasiei Cricket Ground, Ilfov County",Ilfov County,Belgium,bat,Belgium,T20,completed
1540309,2026-06-19,Romania,Switzerland,"Moara Vlasiei Cricket Ground, Ilfov County",Ilfov County,Romania,bat,Switzerland,T20,completed
1540310,2026-06-19,Hungary,Switzerland,"Moara Vlasiei Cricket Ground, Ilfov County",Ilfov County,Switzerland,field,Switzerland,T20,completed
1540311,2026-06-20,Hungary,Romania,"Moara Vlasiei Cricket Ground, Ilfov County",Ilfov County,Romania,field,Romania,T20,completed
1540312,2026-06-20,Belgium,Hungary,"Moara Vlasiei Cricket Ground, Ilfov County",Ilfov County,Belgium,bat,Belgium,T20,completed
1540313,2026-06-20,Belgium,Switzerland,"Moara Vlasiei Cricket Ground, Ilfov County",Ilfov County,Switzerland,field,Belgium,T20,completed
1540314,2026-06-21,Belgium,Hungary,"Moara Vlasiei Cricket Ground, Ilfov County",Ilfov County,Belgium,bat,Belgium,T20,completed
1540315,2026-06-21,Romania,Switzerland,"Moara Vlasiei Cricket Ground, Ilfov County",Ilfov County,Switzerland,field,Romania,T20,completed
1540316,2026-06-21,Belgium,Romania,"Moara Vlasiei Cricket Ground, Ilfov County",Ilfov County,Belgium,bat,Belgium,T20,completed
1540317,2026-07-01,Portugal,Sweden,"Botkyrka Cricket Center, Stockholm",Stockholm,Sweden,field,Portugal,T20,completed
1540318,2026-07-01,Sweden,Portugal,"Botkyrka Cricket Center, Stockholm",Stockholm,Sweden,bat,Portugal,T20,completed
1541804,2026-06-22,Singapore,Uzbekistan,Singapore National Cricket Ground,Singapore,Uzbekistan,field,Singapore,T20,completed
1541805,2026-06-23,Indonesia,Uzbekistan,Singapore National Cricket Ground,Singapore,Uzbekistan,field,Indonesia,T20,completed
1541806,2026-06-23,Singapore,Thailand,Singapore National Cricket Ground,Singapore,Singapore,bat,Singapore,T20,completed
1541807,2026-06-25,Uzbekistan,Thailand,Singapore National Cricket Ground,Singapore,Thailand,field,Thailand,T20,completed
1541808,2026-06-25,Singapore,Indonesia,Singapore National Cricket Ground,Singapore,Indonesia,field,Singapore,T20,completed
1541809,2026-06-26,Indonesia,Uzbekistan,Singapore National Cricket Ground,Singapore,Indonesia,bat,Indonesia,T20,completed
1541810,2026-06-26,Thailand,Singapore,Singapore National Cricket Ground,Singapore,Thailand,bat,Singapore,T20,completed
1542988,2026-06-27,Hungary,Austria,"GB Oval, Szodliget",Szodliget,Hungary,bat,Austria,T20,completed
1542989,2026-06-28,Hungary,Austria,"GB Oval, Szodliget",Szodliget,Hungary,bat,Austria,T20,completed
1542990,2026-06-28,Austria,Hungary,"GB Oval, Szodliget",Szodliget,Austria,bat,Austria,T20,completed
1543356,2026-07-03,Portugal,Finland,Kerava National Cricket Ground,Kerava,Finland,field,Portugal,T20,completed
1543358,2026-07-04,Portugal,Finland,Kerava National Cricket Ground,Kerava,Finland,field,Portugal,T20,completed
1543361,2026-07-08,Denmark,Estonia,"Svanholm Park, Brondby",Brondby,Estonia,field,Denmark,T20,completed
1543362,2026-07-08,Gibraltar,Belgium,Koge Cricket Club,Koge,Belgium,field,Belgium,T20,completed
1543364,2026-07-08,Serbia,Romania,Koge Cricket Club,Koge,Romania,field,Romania,T20,completed
1543365,2026-07-09,Denmark,Turkey,Koge Cricket Club,Koge,Turkey,field,Denmark,T20,completed
1543366,2026-07-09,Estonia,Norway,Koge Cricket Club,Koge,Norway,field,Norway,T20,completed
1543367,2026-07-10,Gibraltar,Romania,"Svanholm Park, Brondby",Brondby,Romania,field,Romania,T20,completed
1543368,2026-07-10,Hungary,Estonia,Koge Cricket Club,Koge,Hungary,bat,Hungary,T20,completed
1543369,2026-07-10,Belgium,Serbia,"Svanholm Park, Brondby",Brondby,Serbia,field,Belgium,T20,completed
1543370,2026-07-10,Turkey,Norway,Koge Cricket Club,Koge,Norway,field,Norway,T20,completed
1543371,2026-07-12,Denmark,Norway,"Svanholm Park, Brondby",Brondby,Norway,field,Denmark,T20,completed
1543372,2026-07-12,Belgium,Romania,Koge Cricket Club,Koge,Romania,field,Romania,T20,completed
1543373,2026-07-12,Hungary,Turkey,"Svanholm Park, Brondby",Brondby,Hungary,bat,Hungary,T20,completed
1543374,2026-07-12,Serbia,Gibraltar,Koge Cricket Club,Koge,Gibraltar,field,Gibraltar,T20,completed
1543375,2026-07-13,Denmark,Hungary,"Svanholm Park, Brondby",Brondby,Denmark,bat,Denmark,T20,completed
1543376,2026-07-13,Turkey,Estonia,"Svanholm Park, Brondby",Brondby,Turkey,bat,Estonia,T20,completed
1543377,2026-07-14,Serbia,Estonia,Koge Cricket Club,Koge,Serbia,bat,Estonia,T20,completed
1543378,2026-07-14,Norway,Gibraltar,Koge Cricket Club,Koge,Norway,bat,Norway,T20,completed
1544120,2026-07-14,Hungary,Belgium,"Svanholm Park, Brondby",Brondby,Hungary,bat,Belgium,T20,completed
1544121,2026-07-14,Denmark,Romania,"Svanholm Park, Brondby",Brondby,Romania,field,Denmark,T20,completed
1545655,2026-08-06,Mexico,Panama,"Los Pinos Polo Club 1, Cundinamarca",Bogota,Panama,field,Panama,T20,completed
1545656,2026-08-07,Panama,Brazil,"Los Pinos Polo Club 1, Cundinamarca",Bogota,Brazil,field,Brazil,T20,completed
1545657,2026-08-08,Brazil,Mexico,"Los Pinos Polo Club 1, Cundinamarca",Bogota,Mexico,field,Brazil,T20,completed
1545658,2026-08-08,Peru,Panama,"Los Pinos Polo Club 2, Cundinamarca",Bogota,Panama,field,Panama,T20,completed
1545659,2026-08-08,Mexico,Peru,"Los Pinos Polo Club 1, Cundinamarca",Bogota,Mexico,bat,Mexico,T20,completed
1545660,2026-08-14,Finland,Spain,Kerava National Cricket Ground,Kerava,Spain,field,Spain,T20,completed
1545661,2026-08-14,Portugal,Israel,Tikkurila Cricket Ground,Vantaa,Israel,field,Portugal,T20,completed
1545662,2026-08-14,Luxembourg,Isle of Man,Kerava National Cricket Ground,Kerava,Isle of Man,field,Isle of Man,T20,completed
1545663,2026-08-14,Germany,Czech Republic,Tikkurila Cricket Ground,Vantaa,Germany,bat,Germany,T20,completed
1545664,2026-08-15,Greece,Czech Republic,Kerava National Cricket Ground,Kerava,Greece,bat,Czech Republic,T20,completed
1545665,2026-08-15,Isle of Man,Spain,Tikkurila Cricket Ground,Vantaa,Spain,field,Spain,T20,completed
1545666,2026-08-15,Germany,Portugal,Kerava National Cricket Ground,Kerava,Portugal,field,Portugal,T20,completed
1545667,2026-08-15,Finland,Bulgaria,Tikkurila Cricket Ground,Vantaa,Bulgaria,field,Finland,T20,completed
1545668,2026-08-17,Israel,Germany,Kerava National Cricket Ground,Kerava,Israel,bat,Germany,T20,completed
1545669,2026-08-17,Isle of Man,Bulgaria,Tikkurila Cricket Ground,Vantaa,Bulgaria,field,Isle of Man,T20,completed
1545670,2026-08-17,Greece,Portugal,Kerava National Cricket Ground,Kerava,Portugal,field,Portugal,T20,completed
1545671,2026-08-17,Spain,Luxembourg,Tikkurila Cricket Ground,Vantaa,Luxembourg,field,Spain,T20,completed
1545672,2026-08-18,Greece,Germany,Kerava National Cricket Ground,Kerava,Germany,field,Germany,T20,completed
1545673,2026-08-18,Finland,Luxembourg,Tikkurila Cricket Ground,Vantaa,Finland,bat,Finland,T20,completed
1545674,2026-08-18,Czech Republic,Israel,Kerava National Cricket Ground,Kerava,Czech Republic,bat,Israel,T20,completed
1545675,2026-08-18,Bulgaria,Spain,Tikkurila Cricket Ground,Vantaa,Bulgaria,bat,Spain,T20,completed
1545676,2026-08-20,Bulgaria,Luxembourg,Kerava National Cricket Ground,Kerava,Luxembourg,field,Bulgaria,T20,completed
1545677,2026-08-20,Portugal,Czech Republic,Tikkurila Cricket Ground,Vantaa,Portugal,bat,Portugal,T20,completed
1545679,2026-08-20,Israel,Greece,Tikkurila Cricket Ground,Vantaa,Greece,field,Israel,T20,completed
1545680,2026-08-21,Germany,Finland,Kerava National Cricket Ground,Kerava,Germany,bat,Germany,T20,completed
1545681,2026-08-21,Bulgaria,Czech Republic,Tikkurila Cricket Ground,Vantaa,Czech Republic,field,Czech Republic,T20,completed
1545682,2026-08-21,Israel,Isle of Man,Tikkurila Cricket Ground,Vantaa,Isle of Man,field,Isle of Man,T20,completed
1545683,2026-08-21,Portugal,Spain,Kerava National Cricket Ground,Kerava,Spain,field,Portugal,T20,completed
1546377,2026-07-25,France,Romania,"Moara Vlasiei Cricket Ground, Ilfov County",Ilfov County,France,bat,Romania,T20,completed
1546378,2026-07-25,Austria,Turkey,"Moara Vlasiei Cricket Ground, Ilfov County",Ilfov County,Turkey,field,Austria,T20,completed
1546379,2026-07-26,Romania,Austria,"Moara Vlasiei Cricket Ground, Ilfov County",Ilfov County,Austria,field,Austria,T20,completed
1546380,2026-07-26,Turkey,Romania,"Moara Vlasiei Cricket Ground, Ilfov County",Ilfov County,Turkey,bat,Romania,T20,completed
1546381,2026-07-27,France,Turkey,"Moara Vlasiei Cricket Ground, Ilfov County",Ilfov County,France,bat,France,T20,completed
1546382,2026-07-27,Israel,Romania,"Moara Vlasiei Cricket Ground, Ilfov County",Ilfov County,Romania,field,Romania,T20,completed
1546383,2026-07-28,Israel,Austria,"Moara Vlasiei Cricket Ground, Ilfov County",Ilfov County,Israel,bat,Austria,T20,completed
1546384,2026-07-28,Turkey,Israel,"Moara Vlasiei Cricket Ground, Ilfov County",Ilfov County,Israel,field,Turkey,T20,completed
1546385,2026-07-28,France,Austria,"Moara Vlasiei Cricket Ground, Ilfov County",Ilfov County,France,bat,France,T20,completed
1546386,2026-07-29,Israel,France,"Moara Vlasiei Cricket Ground, Ilfov County",Ilfov County,Israel,bat,France,T20,completed
1546387,2026-07-29,Turkey,France,"Moara Vlasiei Cricket Ground, Ilfov County",Ilfov County,Turkey,bat,France,T20,completed
1546388,2026-07-30,Austria,Romania,"Moara Vlasiei Cricket Ground, Ilfov County",Ilfov County,Romania,field,Romania,T20,completed
1546389,2026-07-30,France,Romania,"Moara Vlasiei Cricket Ground, Ilfov County",Ilfov County,France,bat,France,T20,completed
1547089,2026-08-11,Zambia,Rwanda,"TCA Oval, Blantyre",Blantyre,Rwanda,field,Rwanda,T20,completed
1547090,2026-08-11,Malawi,Zambia,"TCA Oval, Blantyre",Blantyre,Zambia,field,Malawi,T20,completed
1547091,2026-08-12,Malawi,Rwanda,"TCA Oval, Blantyre",Blantyre,Rwanda,field,Rwanda,T20,completed
1547092,2026-08-12,Zambia,Rwanda,"TCA Oval, Blantyre",Blantyre,Zambia,bat,Zambia,T20,completed
1547094,2026-08-14,Malawi,Rwanda,"TCA Oval, Blantyre",Blantyre,Rwanda,field,Malawi,T20,completed
1547095,2026-08-15,Rwanda,Zambia,"TCA Oval, Blantyre",Blantyre,Zambia,field,Zambia,T20,completed
1547096,2026-08-15,Zambia,Malawi,"TCA Oval, Blantyre",Blantyre,Zambia,bat,Zambia,T20,completed
1547097,2026-08-16,Malawi,Rwanda,"TCA Oval, Blantyre",Blantyre,Malawi,bat,Rwanda,T20,completed
1548122,2026-07-31,Bahrain,Kenya,"Gymkhana Club Ground, Nairobi",Nairobi,Bahrain,bat,Bahrain,T20,completed
1548123,2026-08-01,Bahrain,Kenya,"Gymkhana Club Ground, Nairobi",Nairobi,Kenya,field,Kenya,T20,completed
1549355,2026-08-09,Brazil,Panama,"Los Pinos Polo Club 1, Cundinamarca",Bogota,Panama,field,Brazil,T20,completed
1549394,2026-08-11,Germany,Finland,Kerava National Cricket Ground,Kerava,Germany,bat,Germany,T20,completed
211028,2005-06-13,England,Australia,The Rose Bowl,Southampton,England,bat,England,T20,completed
211048,2005-02-17,New Zealand,Australia,Eden Park,Auckland,Australia,bat,Australia,T20,completed
222678,2005-10-21,South Africa,New Zealand,New Wanderers Stadium,Johannesburg,New Zealand,field,New Zealand,T20,completed
225263,2006-08-28,England,Pakistan,County Ground,Bristol,England,bat,Pakistan,T20,completed
225271,2006-06-15,England,Sri Lanka,The Rose Bowl,Southampton,Sri Lanka,bat,Sri Lanka,T20,completed
226374,2006-01-09,Australia,South Africa,"Brisbane Cricket Ground, Woolloongabba",Brisbane,Australia,bat,Australia,T20,completed
238195,2006-02-24,South Africa,Australia,New Wanderers Stadium,Johannesburg,South Africa,bat,South Africa,T20,completed
249227,2007-01-09,Australia,England,Sydney Cricket Ground,Sydney Cricket Ground,Australia,bat,Australia,T20,completed
251487,2006-12-22,New Zealand,Sri Lanka,Westpac Stadium,Wellington,New Zealand,bat,Sri Lanka,T20,completed
251488,2006-12-26,New Zealand,Sri Lanka,Eden Park,Auckland,New Zealand,field,New Zealand,T20,completed
255954,2006-12-01,South Africa,India,New Wanderers Stadium,Johannesburg,South Africa,bat,India,T20,completed
258463,2007-06-28,England,West Indies,Kennington Oval,London,West Indies,bat,West Indies,T20,completed
258464,2007-06-29,England,West Indies,Kennington Oval,London,West Indies,bat,England,T20,completed
287853,2007-09-11,South Africa,West Indies,New Wanderers Stadium,Johannesburg,South Africa,field,South Africa,T20,completed
287854,2007-09-12,Kenya,New Zealand,Kingsmead,Durban,New Zealand,field,New Zealand,T20,completed
287855,2007-09-12,Pakistan,Scotland,Kingsmead,Durban,Scotland,field,Pakistan,T20,completed
287856,2007-09-12,Australia,Zimbabwe,Newlands,Cape Town,Australia,bat,Zimbabwe,T20,completed
287857,2007-09-13,Bangladesh,West Indies,New Wanderers Stadium,Johannesburg,Bangladesh,field,Bangladesh,T20,completed
287858,2007-09-13,England,Zimbabwe,Newlands,Cape Town,England,bat,England,T20,completed
287860,2007-09-14,Kenya,Sri Lanka,New Wanderers Stadium,Johannesburg,Kenya,field,Sri Lanka,T20,completed
287861,2007-09-14,Australia,England,Newlands,Cape Town,England,bat,Australia,T20,completed
287863,2007-09-15,New Zealand,Sri Lanka,New Wanderers Stadium,Johannesburg,New Zealand,bat,Sri Lanka,T20,completed
287864,2007-09-15,South Africa,Bangladesh,Newlands,Cape Town,South Africa,field,South Africa,T20,completed
287865,2007-09-16,India,New Zealand,New Wanderers Stadium,Johannesburg,India,field,New Zealand,T20,completed
287866,2007-09-16,Australia,Bangladesh,Newlands,Cape Town,Australia,field,Australia,T20,completed
287867,2007-09-16,South Africa,England,Newlands,Cape Town,England,field,South Africa,T20,completed
287868,2007-09-17,Pakistan,Sri Lanka,New Wanderers Stadium,Johannesburg,Sri Lanka,field,Pakistan,T20,completed
287869,2007-09-18,England,New Zealand,Kingsmead,Durban,England,field,New Zealand,T20,completed
287870,2007-09-18,Australia,Pakistan,New Wanderers Stadium,Johannesburg,Pakistan,field,Pakistan,T20,completed
287871,2007-09-18,Bangladesh,Sri Lanka,New Wanderers Stadium,Johannesburg,Bangladesh,field,Sri Lanka,T20,completed
287872,2007-09-19,South Africa,New Zealand,Kingsmead,Durban,South Africa,field,South Africa,T20,completed
287873,2007-09-19,England,India,Kingsmead,Durban,India,bat,India,T20,completed
287874,2007-09-20,Australia,Sri Lanka,Newlands,Cape Town,Australia,field,Australia,T20,completed
287875,2007-09-20,Bangladesh,Pakistan,Newlands,Cape Town,Pakistan,field,Pakistan,T20,completed
287876,2007-09-20,South Africa,India,Kingsmead,Durban,India,bat,India,T20,completed
287877,2007-09-22,New Zealand,Pakistan,Newlands,Cape Town,New Zealand,bat,Pakistan,T20,completed
287878,2007-09-22,Australia,India,Kingsmead,Durban,India,bat,India,T20,completed
287879,2007-09-24,India,Pakistan,New Wanderers Stadium,Johannesburg,India,bat,India,T20,completed
291343,2007-12-11,Australia,New Zealand,Western Australia Cricket Association Ground,Perth,Australia,bat,Australia,T20,completed
291356,2008-02-01,Australia,India,Melbourne Cricket Ground,Melbourne Cricket Ground,India,bat,Australia,T20,completed
296903,2008-06-13,England,New Zealand,Old Trafford,Manchester,England,field,England,T20,completed
297800,2007-10-20,India,Australia,Brabourne Stadium,Mumbai,Australia,bat,India,T20,completed
298795,2007-11-23,South Africa,New Zealand,New Wanderers Stadium,Johannesburg,South Africa,field,South Africa,T20,completed
298804,2008-01-18,South Africa,West Indies,New Wanderers Stadium,Johannesburg,South Africa,field,South Africa,T20,completed
300435,2008-02-05,New Zealand,England,Eden Park,Auckland,New Zealand,field,England,T20,completed
300436,2008-02-07,New Zealand,England,Jade Stadium,Christchurch,England,bat,England,T20,completed
306987,2007-09-01,Kenya,Bangladesh,Gymkhana Club Ground,Nairobi,Bangladesh,field,Bangladesh,T20,completed
306989,2007-09-02,Bangladesh,Pakistan,Gymkhana Club Ground,Nairobi,Bangladesh,field,Pakistan,T20,completed
306991,2007-09-04,Kenya,Pakistan,Gymkhana Club Ground,Nairobi,Kenya,bat,Pakistan,T20,completed
319112,2007-12-16,South Africa,West Indies,St George's Park,Port Elizabeth,West Indies,field,West Indies,T20,completed
319142,2008-06-20,West Indies,Australia,"Kensington Oval, Bridgetown",Barbados,West Indies,field,West Indies,T20,completed
343764,2008-04-20,Pakistan,Bangladesh,National Stadium,Karachi,Pakistan,bat,Pakistan,T20,completed
350347,2008-11-05,South Africa,Bangladesh,New Wanderers Stadium,Johannesburg,Bangladesh,field,South Africa,T20,completed
350475,2009-03-27,South Africa,Australia,New Wanderers Stadium,Johannesburg,South Africa,field,South Africa,T20,completed
350476,2009-03-29,South Africa,Australia,SuperSport Park,Centurion,Australia,field,South Africa,T20,completed
351694,2009-01-11,Australia,South Africa,Melbourne Cricket Ground,Melbourne Cricket Ground,Australia,bat,Australia,T20,completed
351695,2009-01-13,Australia,South Africa,"Brisbane Cricket Ground, Woolloongabba",Brisbane,South Africa,bat,Australia,T20,completed
351696,2009-02-15,Australia,New Zealand,Sydney Cricket Ground,Sydney Cricket Ground,Australia,bat,Australia,T20,completed
352674,2009-03-15,West Indies,England,"Queen's Park Oval, Port of Spain",Trinidad,West Indies,field,West Indies,T20,completed
354456,2008-08-03,Bermuda,Scotland,"Civil Service Cricket Club, Stormont",Belfast,Scotland,field,Scotland,T20,completed
355991,2009-06-05,England,Netherlands,Lord's,London,Netherlands,field,Netherlands,T20,completed
355992,2009-06-06,New Zealand,Scotland,Kennington Oval,London,New Zealand,field,New Zealand,T20,completed
355993,2009-06-06,Australia,West Indies,Kennington Oval,London,Australia,bat,West Indies,T20,completed
355994,2009-06-06,Bangladesh,India,Trent Bridge,Nottingham,India,bat,India,T20,completed
355995,2009-06-07,Scotland,South Africa,Kennington Oval,London,Scotland,field,South Africa,T20,completed
355996,2009-06-07,England,Pakistan,Kennington Oval,London,Pakistan,field,England,T20,completed
355997,2009-06-08,Bangladesh,Ireland,Trent Bridge,Nottingham,Ireland,field,Ireland,T20,completed
355998,2009-06-08,Australia,Sri Lanka,Trent Bridge,Nottingham,Sri Lanka,field,Sri Lanka,T20,completed
355999,2009-06-09,Netherlands,Pakistan,Lord's,London,Pakistan,bat,Pakistan,T20,completed
356000,2009-06-09,New Zealand,South Africa,Lord's,London,New Zealand,field,South Africa,T20,completed
356001,2009-06-10,India,Ireland,Trent Bridge,Nottingham,India,field,India,T20,completed
356002,2009-06-10,Sri Lanka,West Indies,Trent Bridge,Nottingham,West Indies,field,Sri Lanka,T20,completed
356003,2009-06-11,Ireland,New Zealand,Trent Bridge,Nottingham,Ireland,field,New Zealand,T20,completed
356004,2009-06-11,England,South Africa,Trent Bridge,Nottingham,England,bat,South Africa,T20,completed
356005,2009-06-12,Pakistan,Sri Lanka,Lord's,London,Sri Lanka,bat,Sri Lanka,T20,completed
356006,2009-06-12,India,West Indies,Lord's,London,India,bat,West Indies,T20,completed
356007,2009-06-13,South Africa,West Indies,Kennington Oval,London,West Indies,field,South Africa,T20,completed
356008,2009-06-13,New Zealand,Pakistan,Kennington Oval,London,New Zealand,bat,Pakistan,T20,completed
356009,2009-06-14,Ireland,Sri Lanka,Lord's,London,Sri Lanka,bat,Sri Lanka,T20,completed
356010,2009-06-14,England,India,Lord's,London,India,field,England,T20,completed
356011,2009-06-15,England,West Indies,Kennington Oval,London,England,bat,West Indies,T20,completed
356012,2009-06-15,Ireland,Pakistan,Kennington Oval,London,Pakistan,bat,Pakistan,T20,completed
356013,2009-06-16,New Zealand,Sri Lanka,Trent Bridge,Nottingham,Sri Lanka,bat,Sri Lanka,T20,completed
356014,2009-06-16,India,South Africa,Trent Bridge,Nottingham,South Africa,bat,South Africa,T20,completed
356015,2009-06-18,Pakistan,South Africa,Trent Bridge,Nottingham,Pakistan,bat,Pakistan,T20,completed
356016,2009-06-19,Sri Lanka,West Indies,Kennington Oval,London,West Indies,field,Sri Lanka,T20,completed
356017,2009-06-21,Pakistan,Sri Lanka,Lord's,London,Sri Lanka,bat,Pakistan,T20,completed
361530,2008-08-04,Ireland,Kenya,"Civil Service Cricket Club, Stormont",Belfast,Ireland,field,Ireland,T20,completed
361531,2008-08-04,Netherlands,Scotland,"Civil Service Cricket Club, Stormont",Belfast,Netherlands,field,Netherlands,T20,completed
361656,2008-10-11,Pakistan,Sri Lanka,Maple Leaf North-West Ground,King City,Pakistan,field,Pakistan,T20,completed
361660,2008-10-13,Pakistan,Sri Lanka,Maple Leaf North-West Ground,King City,Sri Lanka,field,Sri Lanka,T20,completed
366622,2009-02-27,New Zealand,India,Westpac Stadium,Wellington,New Zealand,field,New Zealand,T20,completed
366708,2008-12-28,New Zealand,West Indies,Seddon Park,Hamilton,New Zealand,bat,New Zealand,T20,completed
386494,2009-02-25,New Zealand,India,AMI Stadium,Christchurch,New Zealand,field,New Zealand,T20,completed
386535,2009-02-10,Sri Lanka,India,R Premadasa Stadium,Colombo,Sri Lanka,bat,India,T20,completed
387563,2009-11-13,South Africa,England,New Wanderers Stadium,Johannesburg,South Africa,field,England,T20,completed
387564,2009-11-15,South Africa,England,SuperSport Park,Centurion,South Africa,bat,South Africa,T20,completed
392615,2009-05-07,Australia,Pakistan,Dubai International Cricket Stadium,Dubai International Cricket Stadium,Pakistan,field,Pakistan,T20,completed
401076,2009-08-02,West Indies,Bangladesh,"Warner Park, Basseterre",St Kitts,Bangladesh,bat,West Indies,T20,completed
403375,2009-08-12,Sri Lanka,Pakistan,R Premadasa Stadium,Colombo,Pakistan,bat,Pakistan,T20,completed
403385,2009-09-02,Sri Lanka,New Zealand,R Premadasa Stadium,Colombo,New Zealand,bat,New Zealand,T20,completed
403386,2009-09-04,Sri Lanka,New Zealand,R Premadasa Stadium,Colombo,New Zealand,bat,New Zealand,T20,completed
406197,2010-02-21,Australia,West Indies,Bellerive Oval,Hobart,Australia,bat,Australia,T20,completed
406198,2010-02-23,Australia,West Indies,Sydney Cricket Ground,Sydney Cricket Ground,West Indies,bat,Australia,T20,completed
406207,2010-02-05,Australia,Pakistan,Melbourne Cricket Ground,Melbourne Cricket Ground,Australia,bat,Australia,T20,completed
412677,2010-04-30,West Indies,Ireland,Providence Stadium,Guyana,West Indies,bat,West Indies,T20,completed
412678,2010-04-30,New Zealand,Sri Lanka,Providence Stadium,Guyana,Sri Lanka,bat,New Zealand,T20,completed
412680,2010-05-01,Bangladesh,Pakistan,"Beausejour Stadium, Gros Islet",St Lucia,Pakistan,bat,Pakistan,T20,completed
412682,2010-05-02,India,South Africa,"Beausejour Stadium, Gros Islet",St Lucia,South Africa,field,India,T20,completed
412683,2010-05-02,Australia,Pakistan,"Beausejour Stadium, Gros Islet",St Lucia,Australia,bat,Australia,T20,completed
412684,2010-05-04,New Zealand,Zimbabwe,Providence Stadium,Guyana,New Zealand,field,New Zealand,T20,completed
412685,2010-05-03,West Indies,England,Providence Stadium,Guyana,West Indies,field,West Indies,T20,completed
412686,2010-05-03,Sri Lanka,Zimbabwe,Providence Stadium,Guyana,Sri Lanka,bat,Sri Lanka,T20,completed
412688,2010-05-05,Australia,Bangladesh,"Kensington Oval, Bridgetown",Barbados,Australia,bat,Australia,T20,completed
412689,2010-05-06,England,Pakistan,"Kensington Oval, Bridgetown",Barbados,England,field,England,T20,completed
412690,2010-05-06,New Zealand,South Africa,"Kensington Oval, Bridgetown",Barbados,South Africa,bat,South Africa,T20,completed
412691,2010-05-07,Australia,India,"Kensington Oval, Bridgetown",Barbados,India,field,Australia,T20,completed
412692,2010-05-07,West Indies,Sri Lanka,"Kensington Oval, Bridgetown",Barbados,Sri Lanka,bat,Sri Lanka,T20,completed
412693,2010-05-08,New Zealand,Pakistan,"Kensington Oval, Bridgetown",Barbados,Pakistan,field,New Zealand,T20,completed
412694,2010-05-08,England,South Africa,"Kensington Oval, Bridgetown",Barbados,England,bat,England,T20,completed
412695,2010-05-09,West Indies,India,"Kensington Oval, Bridgetown",Barbados,India,field,West Indies,T20,completed
412696,2010-05-09,Australia,Sri Lanka,"Kensington Oval, Bridgetown",Barbados,Australia,bat,Australia,T20,completed
412697,2010-05-10,Pakistan,South Africa,"Beausejour Stadium, Gros Islet",St Lucia,Pakistan,bat,Pakistan,T20,completed
412698,2010-05-10,England,New Zealand,"Beausejour Stadium, Gros Islet",St Lucia,New Zealand,bat,England,T20,completed
412699,2010-05-11,India,Sri Lanka,"Beausejour Stadium, Gros Islet",St Lucia,India,bat,Sri Lanka,T20,completed
412700,2010-05-11,West Indies,Australia,"Beausejour Stadium, Gros Islet",St Lucia,West Indies,bat,Australia,T20,completed
412701,2010-05-13,England,Sri Lanka,"Beausejour Stadium, Gros Islet",St Lucia,Sri Lanka,bat,England,T20,completed
412702,2010-05-14,Australia,Pakistan,"Beausejour Stadium, Gros Islet",St Lucia,Australia,field,Australia,T20,completed
412703,2010-05-16,Australia,England,"Kensington Oval, Bridgetown",Barbados,England,field,England,T20,completed
423782,2010-02-03,New Zealand,Bangladesh,Seddon Park,Hamilton,Bangladesh,bat,New Zealand,T20,completed
423787,2010-02-26,New Zealand,Australia,Westpac Stadium,Wellington,New Zealand,bat,Australia,T20,completed
426392,2010-07-05,Australia,Pakistan,Edgbaston,Birmingham,Pakistan,bat,Pakistan,T20,completed
426393,2010-07-06,Australia,Pakistan,Edgbaston,Birmingham,Pakistan,bat,Pakistan,T20,completed
426417,2010-09-05,England,Pakistan,Sophia Gardens,Cardiff,England,field,England,T20,completed
426418,2010-09-07,England,Pakistan,Sophia Gardens,Cardiff,Pakistan,bat,England,T20,completed
426723,2009-11-12,New Zealand,Pakistan,Dubai International Cricket Stadium,Dubai International Cricket Stadium,New Zealand,field,Pakistan,T20,completed
426724,2009-11-13,New Zealand,Pakistan,Dubai International Cricket Stadium,Dubai International Cricket Stadium,Pakistan,bat,Pakistan,T20,completed
430884,2009-12-09,India,Sri Lanka,"Vidarbha Cricket Association Stadium, Jamtha",Nagpur,India,field,Sri Lanka,T20,completed
430885,2009-12-12,India,Sri Lanka,"Punjab Cricket Association Stadium, Mohali",Chandigarh,Sri Lanka,bat,India,T20,completed
439139,2010-02-28,West Indies,Zimbabwe,"Queen's Park Oval, Port of Spain",Trinidad,Zimbabwe,bat,Zimbabwe,T20,completed
439146,2010-05-19,West Indies,South Africa,"Sir Vivian Richards Stadium, North Sound",Antigua,West Indies,field,South Africa,T20,completed
439497,2010-02-09,Canada,Netherlands,Dubai International Cricket Stadium,Dubai International Cricket Stadium,Canada,bat,Netherlands,T20,completed
439499,2010-02-10,Canada,Kenya,Dubai International Cricket Stadium,Dubai International Cricket Stadium,Kenya,field,Kenya,T20,completed
439505,2010-02-11,Ireland,Scotland,Dubai International Cricket Stadium,Dubai International Cricket Stadium,Ireland,bat,Ireland,T20,completed
439510,2010-02-13,Ireland,Netherlands,Dubai International Cricket Stadium,Dubai International Cricket Stadium,Ireland,bat,Ireland,T20,completed
440945,2010-02-19,England,Pakistan,Dubai International Cricket Stadium,Dubai International Cricket Stadium,Pakistan,bat,England,T20,completed
440946,2010-02-20,England,Pakistan,Dubai International Cricket Stadium,Dubai International Cricket Stadium,Pakistan,field,Pakistan,T20,completed
446956,2010-10-31,Australia,Sri Lanka,Western Australia Cricket Association Ground,Perth,Australia,bat,Sri Lanka,T20,completed
446960,2011-01-12,Australia,England,Adelaide Oval,Adelaide Oval,Australia,bat,England,T20,completed
446961,2011-01-14,Australia,England,Melbourne Cricket Ground,Melbourne Cricket Ground,Australia,bat,Australia,T20,completed
447539,2010-05-20,West Indies,South Africa,"Sir Vivian Richards Stadium, North Sound",Antigua,West Indies,field,South Africa,T20,completed
452153,2010-06-12,Zimbabwe,India,Harare Sports Club,Harare Sports Club,India,field,India,T20,completed
452154,2010-06-13,Zimbabwe,India,Harare Sports Club,Harare Sports Club,India,field,India,T20,completed
456991,2010-05-22,New Zealand,Sri Lanka,Central Broward Regional Park Stadium Turf Ground,Lauderhill,New Zealand,bat,New Zealand,T20,completed
456992,2010-05-23,New Zealand,Sri Lanka,Central Broward Regional Park Stadium Turf Ground,Lauderhill,New Zealand,bat,Sri Lanka,T20,completed
461565,2010-10-27,Pakistan,South Africa,Sheikh Zayed Stadium,Abu Dhabi,Pakistan,bat,South Africa,T20,completed
463141,2010-10-08,South Africa,Zimbabwe,OUTsurance Oval,Bloemfontein,Zimbabwe,bat,South Africa,T20,completed
463142,2010-10-10,South Africa,Zimbabwe,De Beers Diamond Oval,Kimberley,South Africa,bat,South Africa,T20,completed
463149,2011-01-09,South Africa,India,Moses Mabhida Stadium,Durban,India,bat,India,T20,completed
473918,2010-12-26,New Zealand,Pakistan,Eden Park,Auckland,New Zealand,field,New Zealand,T20,completed
473919,2010-12-28,New Zealand,Pakistan,Seddon Park,Hamilton,Pakistan,field,New Zealand,T20,completed
473920,2010-12-30,New Zealand,Pakistan,AMI Stadium,Christchurch,Pakistan,bat,Pakistan,T20,completed
474466,2011-06-25,England,Sri Lanka,County Ground,Bristol,Sri Lanka,field,Sri Lanka,T20,completed
474476,2011-08-31,England,India,Old Trafford,Manchester,India,bat,England,T20,completed
478279,2010-10-26,Pakistan,South Africa,Sheikh Zayed Stadium,Abu Dhabi,Pakistan,bat,South Africa,T20,completed
489212,2011-04-21,West Indies,Pakistan,"Beausejour Stadium, Gros Islet",St Lucia,West Indies,bat,West Indies,T20,completed
489220,2011-06-04,West Indies,India,"Queen's Park Oval, Port of Spain",Trinidad,West Indies,field,India,T20,completed
514023,2011-10-13,South Africa,Australia,Newlands,Cape Town,South Africa,bat,Australia,T20,completed
514024,2011-10-16,South Africa,Australia,New Wanderers Stadium,Johannesburg,Australia,bat,South Africa,T20,completed
516204,2011-08-06,Sri Lanka,Australia,Pallekele International Cricket Stadium,Pallekele International Cricket Stadium,Australia,field,Sri Lanka,T20,completed
516205,2011-08-08,Sri Lanka,Australia,Pallekele International Cricket Stadium,Pallekele International Cricket Stadium,Sri Lanka,bat,Sri Lanka,T20,completed
518954,2012-02-01,Australia,India,Stadium Australia,Sydney,India,field,Australia,T20,completed
518955,2012-02-03,Australia,India,Melbourne Cricket Ground,Melbourne Cricket Ground,Australia,bat,India,T20,completed
520595,2012-02-11,New Zealand,Zimbabwe,Eden Park,Auckland,Zimbabwe,bat,New Zealand,T20,completed
520596,2012-02-14,New Zealand,Zimbabwe,Seddon Park,Hamilton,Zimbabwe,bat,New Zealand,T20,completed
520597,2012-02-17,New Zealand,South Africa,Westpac Stadium,Wellington,New Zealand,field,New Zealand,T20,completed
520598,2012-02-19,New Zealand,South Africa,Seddon Park,Hamilton,South Africa,field,South Africa,T20,completed
520599,2012-02-22,New Zealand,South Africa,Eden Park,Auckland,New Zealand,field,South Africa,T20,completed
521217,2011-10-29,India,England,Eden Gardens,Kolkata,India,bat,England,T20,completed
523735,2011-09-16,Zimbabwe,Pakistan,Harare Sports Club,Harare Sports Club,Zimbabwe,field,Pakistan,T20,completed
523736,2011-09-18,Zimbabwe,Pakistan,Harare Sports Club,Harare Sports Club,Pakistan,bat,Pakistan,T20,completed
525816,2011-09-23,England,West Indies,Kennington Oval,London,England,field,England,T20,completed
525817,2011-09-25,England,West Indies,Kennington Oval,London,England,field,West Indies,T20,completed
527012,2011-10-15,Zimbabwe,New Zealand,Harare Sports Club,Harare Sports Club,New Zealand,field,New Zealand,T20,completed
527013,2011-10-17,Zimbabwe,New Zealand,Harare Sports Club,Harare Sports Club,Zimbabwe,field,New Zealand,T20,completed
530432,2011-11-25,Pakistan,Sri Lanka,Sheikh Zayed Stadium,Abu Dhabi,Sri Lanka,bat,Pakistan,T20,completed
531635,2012-02-23,England,Pakistan,Dubai International Cricket Stadium,Dubai International Cricket Stadium,England,field,Pakistan,T20,completed
531636,2012-02-25,England,Pakistan,Dubai International Cricket Stadium,Dubai International Cricket Stadium,England,bat,England,T20,completed
531637,2012-02-27,England,Pakistan,Sheikh Zayed Stadium,Abu Dhabi,England,bat,England,T20,completed
531982,2011-10-11,Bangladesh,West Indies,Shere Bangla National Stadium,Mirpur,Bangladesh,field,Bangladesh,T20,completed
533272,2012-09-18,Sri Lanka,Zimbabwe,"Mahinda Rajapaksa International Cricket Stadium, Sooriyawewa",Hambantota,Zimbabwe,field,Sri Lanka,T20,completed
533273,2012-09-19,Australia,Ireland,R Premadasa Stadium,Colombo,Ireland,bat,Australia,T20,completed
533275,2012-09-20,South Africa,Zimbabwe,"Mahinda Rajapaksa International Cricket Stadium, Sooriyawewa",Hambantota,South Africa,field,South Africa,T20,completed
533276,2012-09-21,Bangladesh,New Zealand,Pallekele International Cricket Stadium,Pallekele International Cricket Stadium,Bangladesh,field,New Zealand,T20,completed
533278,2012-09-22,Sri Lanka,South Africa,"Mahinda Rajapaksa International Cricket Stadium, Sooriyawewa",Hambantota,Sri Lanka,field,South Africa,T20,completed
533279,2012-09-22,Australia,West Indies,R Premadasa Stadium,Colombo,West Indies,bat,Australia,T20,completed
533280,2012-09-23,New Zealand,Pakistan,Pallekele International Cricket Stadium,Pallekele International Cricket Stadium,Pakistan,bat,Pakistan,T20,completed
533281,2012-09-23,England,India,R Premadasa Stadium,Colombo,England,field,India,T20,completed
533283,2012-09-25,Bangladesh,Pakistan,Pallekele International Cricket Stadium,Pallekele International Cricket Stadium,Bangladesh,bat,Pakistan,T20,completed
533285,2012-09-27,England,West Indies,Pallekele International Cricket Stadium,Pallekele International Cricket Stadium,West Indies,bat,West Indies,T20,completed
533286,2012-09-28,Pakistan,South Africa,R Premadasa Stadium,Colombo,South Africa,bat,Pakistan,T20,completed
533287,2012-09-28,Australia,India,R Premadasa Stadium,Colombo,India,bat,Australia,T20,completed
533288,2012-09-29,England,New Zealand,Pallekele International Cricket Stadium,Pallekele International Cricket Stadium,New Zealand,bat,England,T20,completed
533289,2012-09-29,Sri Lanka,West Indies,Pallekele International Cricket Stadium,Pallekele International Cricket Stadium,West Indies,bat,Sri Lanka,T20,completed
533290,2012-09-30,Australia,South Africa,R Premadasa Stadium,Colombo,Australia,field,Australia,T20,completed
533291,2012-09-30,India,Pakistan,R Premadasa Stadium,Colombo,Pakistan,bat,India,T20,completed
533293,2012-10-01,Sri Lanka,England,Pallekele International Cricket Stadium,Pallekele International Cricket Stadium,England,field,Sri Lanka,T20,completed
533294,2012-10-02,Australia,Pakistan,R Premadasa Stadium,Colombo,Australia,field,Pakistan,T20,completed
533295,2012-10-02,India,South Africa,R Premadasa Stadium,Colombo,South Africa,field,India,T20,completed
533296,2012-10-04,Sri Lanka,Pakistan,R Premadasa Stadium,Colombo,Sri Lanka,bat,Sri Lanka,T20,completed
533297,2012-10-05,Australia,West Indies,R Premadasa Stadium,Colombo,West Indies,bat,West Indies,T20,completed
533298,2012-10-07,Sri Lanka,West Indies,R Premadasa Stadium,Colombo,West Indies,bat,West Indies,T20,completed
534208,2012-06-24,England,West Indies,Trent Bridge,Nottingham,West Indies,bat,England,T20,completed
534233,2012-09-08,England,South Africa,Riverside Ground,Chester-le-Street,South Africa,field,South Africa,T20,completed
534235,2012-09-12,England,South Africa,Edgbaston,Birmingham,South Africa,field,England,T20,completed
538068,2011-11-29,Bangladesh,Pakistan,Shere Bangla National Stadium,Mirpur,Pakistan,bat,Pakistan,T20,completed
540173,2012-03-27,West Indies,Australia,"Beausejour Stadium, Gros Islet",St Lucia,West Indies,bat,Australia,T20,completed
540174,2012-03-30,West Indies,Australia,"Kensington Oval, Bridgetown",Barbados,West Indies,bat,West Indies,T20,completed
543883,2012-02-22,Kenya,Ireland,Mombasa Sports Club Ground,Mombasa Sports Club Ground,Ireland,field,Ireland,T20,completed
543884,2012-02-23,Kenya,Ireland,Mombasa Sports Club Ground,Mombasa Sports Club Ground,Kenya,bat,Ireland,T20,completed
543885,2012-02-24,Kenya,Ireland,Mombasa Sports Club Ground,Mombasa Sports Club Ground,Ireland,bat,Ireland,T20,completed
546410,2012-03-13,Canada,Netherlands,Dubai International Cricket Stadium,Dubai International Cricket Stadium,Netherlands,bat,Netherlands,T20,completed
546414,2012-03-14,Ireland,Kenya,Dubai International Cricket Stadium,Dubai International Cricket Stadium,Kenya,bat,Ireland,T20,completed
546442,2012-03-18,Ireland,Scotland,Dubai International Cricket Stadium,Dubai International Cricket Stadium,Ireland,bat,Ireland,T20,completed
546462,2012-03-22,Canada,Ireland,Dubai International Cricket Stadium,Dubai International Cricket Stadium,Canada,bat,Ireland,T20,completed
546470,2012-03-23,Ireland,Netherlands,Dubai International Cricket Stadium,Dubai International Cricket Stadium,Ireland,field,Ireland,T20,completed
546473,2012-03-23,Canada,Scotland,Dubai International Cricket Stadium,Dubai International Cricket Stadium,Canada,bat,Scotland,T20,completed
556252,2012-03-30,South Africa,India,New Wanderers Stadium,Johannesburg,India,field,South Africa,T20,completed
560921,2012-06-30,New Zealand,West Indies,Central Broward Regional Park Stadium Turf Ground,Lauderhill,New Zealand,field,West Indies,T20,completed
560922,2012-07-01,New Zealand,West Indies,Central Broward Regional Park Stadium Turf Ground,Lauderhill,West Indies,bat,West Indies,T20,completed
562437,2012-06-01,Sri Lanka,Pakistan,"Mahinda Rajapaksa International Cricket Stadium, Sooriyawewa",Hambantota,Sri Lanka,bat,Sri Lanka,T20,completed
562438,2012-06-03,Sri Lanka,Pakistan,"Mahinda Rajapaksa International Cricket Stadium, Sooriyawewa",Hambantota,Pakistan,bat,Pakistan,T20,completed
564786,2012-08-07,Sri Lanka,India,Pallekele International Cricket Stadium,Pallekele International Cricket Stadium,Sri Lanka,field,India,T20,completed
565810,2012-12-20,India,England,Subrata Roy Sahara Stadium,Pune,India,field,India,T20,completed
565811,2012-12-22,India,England,Wankhede Stadium,Mumbai,England,field,England,T20,completed
565820,2012-09-11,India,New Zealand,"MA Chidambaram Stadium, Chepauk",Chennai,India,field,New Zealand,T20,completed
566926,2013-06-25,England,New Zealand,Kennington Oval,London,England,field,New Zealand,T20,completed
566937,2013-08-29,England,Australia,The Rose Bowl,Southampton,England,field,Australia,T20,completed
566938,2013-08-31,England,Australia,Riverside Ground,Chester-le-Street,Australia,field,England,T20,completed
567071,2012-07-18,Ireland,Bangladesh,"Civil Service Cricket Club, Stormont",Belfast,Ireland,field,Bangladesh,T20,completed
567205,2012-07-25,Netherlands,Bangladesh,Sportpark Westvliet,The Hague,Netherlands,bat,Bangladesh,T20,completed
567353,2012-12-21,South Africa,New Zealand,Kingsmead,Durban,New Zealand,bat,South Africa,T20,completed
567354,2012-12-23,South Africa,New Zealand,Buffalo Park,East London,New Zealand,field,New Zealand,T20,completed
567355,2012-12-26,South Africa,New Zealand,St George's Park,Port Elizabeth,South Africa,bat,South Africa,T20,completed
567367,2013-03-03,South Africa,Pakistan,SuperSport Park,Centurion,Pakistan,bat,Pakistan,T20,completed
569237,2013-02-09,New Zealand,England,Eden Park,Auckland,New Zealand,field,England,T20,completed
569238,2013-02-12,New Zealand,England,Seddon Park,Hamilton,England,field,New Zealand,T20,completed
569239,2013-02-15,New Zealand,England,Westpac Stadium,Wellington,England,field,England,T20,completed
571148,2012-09-05,Australia,Pakistan,Dubai International Cricket Stadium,Dubai International Cricket Stadium,Pakistan,field,Pakistan,T20,completed
571150,2012-09-10,Australia,Pakistan,Dubai International Cricket Stadium,Dubai International Cricket Stadium,Pakistan,field,Australia,T20,completed
573019,2013-01-26,Australia,Sri Lanka,Stadium Australia,Sydney,Australia,bat,Sri Lanka,T20,completed
573020,2013-01-28,Australia,Sri Lanka,Melbourne Cricket Ground,Melbourne Cricket Ground,Australia,field,Sri Lanka,T20,completed
573027,2013-02-13,Australia,West Indies,"Brisbane Cricket Ground, Woolloongabba",Brisbane,West Indies,bat,West Indies,T20,completed
573672,2012-07-26,Netherlands,Bangladesh,Sportpark Westvliet,The Hague,Bangladesh,bat,Netherlands,T20,completed
587476,2012-12-10,Bangladesh,West Indies,Shere Bangla National Stadium,Mirpur,West Indies,bat,West Indies,T20,completed
589306,2012-12-25,India,Pakistan,M Chinnaswamy Stadium,Bangalore,Pakistan,field,Pakistan,T20,completed
589307,2012-12-28,India,Pakistan,"Sardar Patel Stadium, Motera",Ahmedabad,Pakistan,field,India,T20,completed
592268,2013-03-15,Canada,Kenya,ICC Global Cricket Academy,Dubai,Kenya,bat,Canada,T20,completed
592269,2013-03-16,Canada,Kenya,ICC Global Cricket Academy,Dubai,Kenya,bat,Kenya,T20,completed
592276,2013-04-20,Kenya,Netherlands,Wanderers Cricket Ground,Windhoek,Kenya,field,Kenya,T20,completed
593986,2013-03-02,West Indies,Zimbabwe,"Sir Vivian Richards Stadium, North Sound",Antigua,Zimbabwe,bat,West Indies,T20,completed
593987,2013-03-03,West Indies,Zimbabwe,"Sir Vivian Richards Stadium, North Sound",Antigua,West Indies,bat,West Indies,T20,completed
602477,2013-03-31,Sri Lanka,Bangladesh,Pallekele International Cricket Stadium,Pallekele International Cricket Stadium,Bangladesh,field,Sri Lanka,T20,completed
623571,2013-05-11,Zimbabwe,Bangladesh,Queens Sports Club,Bulawayo,Zimbabwe,bat,Zimbabwe,T20,completed
623572,2013-05-12,Zimbabwe,Bangladesh,Queens Sports Club,Bulawayo,Bangladesh,bat,Bangladesh,T20,completed
630951,2013-04-19,Kenya,Netherlands,Wanderers Cricket Ground,Windhoek,Netherlands,bat,Kenya,T20,completed
635658,2013-08-02,Sri Lanka,South Africa,R Premadasa Stadium,Colombo,South Africa,bat,South Africa,T20,completed
635659,2013-08-04,Sri Lanka,South Africa,"Mahinda Rajapaksa International Cricket Stadium, Sooriyawewa",Hambantota,South Africa,bat,South Africa,T20,completed
635660,2013-08-06,Sri Lanka,South Africa,"Mahinda Rajapaksa International Cricket Stadium, Sooriyawewa",Hambantota,South Africa,bat,Sri Lanka,T20,completed
636164,2014-01-29,Australia,England,Bellerive Oval,Hobart,Australia,bat,Australia,T20,completed
636165,2014-01-31,Australia,England,Melbourne Cricket Ground,Melbourne Cricket Ground,England,bat,Australia,T20,completed
636166,2014-02-02,Australia,England,Stadium Australia,Sydney,Australia,bat,Australia,T20,completed
636536,2014-03-09,West Indies,England,"Kensington Oval, Bridgetown",Barbados,West Indies,bat,West Indies,T20,completed
636537,2014-03-11,West Indies,England,"Kensington Oval, Bridgetown",Barbados,England,bat,West Indies,T20,completed
636538,2014-03-13,West Indies,England,"Kensington Oval, Bridgetown",Barbados,England,bat,England,T20,completed
645645,2013-07-27,West Indies,Pakistan,"Arnos Vale Ground, Kingstown",St Vincent,West Indies,bat,Pakistan,T20,completed
645647,2013-07-28,West Indies,Pakistan,"Arnos Vale Ground, Kingstown",St Vincent,Pakistan,bat,Pakistan,T20,completed
647247,2013-10-10,India,Australia,Saurashtra Cricket Association Stadium,Rajkot,India,field,India,T20,completed
648681,2014-03-12,South Africa,Australia,Kingsmead,Durban,Australia,field,Australia,T20,completed
648683,2014-03-14,South Africa,Australia,SuperSport Park,Centurion,Australia,field,Australia,T20,completed
649101,2013-11-13,Pakistan,South Africa,Dubai International Cricket Stadium,Dubai International Cricket Stadium,Pakistan,bat,South Africa,T20,completed
649103,2013-11-15,Pakistan,South Africa,Dubai International Cricket Stadium,Dubai International Cricket Stadium,South Africa,bat,South Africa,T20,completed
657633,2013-12-11,Pakistan,Sri Lanka,Dubai International Cricket Stadium,Dubai International Cricket Stadium,Pakistan,field,Pakistan,T20,completed
657635,2013-12-13,Pakistan,Sri Lanka,Dubai International Cricket Stadium,Dubai International Cricket Stadium,Pakistan,field,Sri Lanka,T20,completed
659545,2013-08-23,Zimbabwe,Pakistan,Harare Sports Club,Harare Sports Club,Zimbabwe,field,Pakistan,T20,completed
659547,2013-08-24,Zimbabwe,Pakistan,Harare Sports Club,Harare Sports Club,Zimbabwe,field,Pakistan,T20,completed
660113,2013-11-16,Canada,Ireland,Sheikh Zayed Stadium,Abu Dhabi,Canada,field,Ireland,T20,completed
660149,2013-11-19,Kenya,Scotland,ICC Academy,Dubai,Kenya,bat,Kenya,T20,completed
660173,2013-11-22,Netherlands,Scotland,ICC Academy,Dubai,Netherlands,field,Scotland,T20,completed
660185,2013-11-23,Kenya,Netherlands,ICC Academy,Dubai,Netherlands,bat,Netherlands,T20,completed
660209,2013-11-26,Canada,Kenya,Sharjah Cricket Stadium,Sharjah Cricket Stadium,Kenya,bat,Kenya,T20,completed
660223,2013-11-28,Netherlands,Scotland,Sheikh Zayed Stadium,Abu Dhabi,Scotland,bat,Netherlands,T20,completed
661695,2014-01-11,New Zealand,West Indies,Eden Park,Auckland,New Zealand,bat,New Zealand,T20,completed
661697,2014-01-15,New Zealand,West Indies,Westpac Stadium,Wellington,West Indies,bat,New Zealand,T20,completed
667731,2014-09-07,England,India,Edgbaston,Birmingham,England,bat,England,T20,completed
667887,2014-05-20,England,Sri Lanka,Kennington Oval,London,England,field,Sri Lanka,T20,completed
668959,2013-11-06,Bangladesh,New Zealand,Shere Bangla National Stadium,Mirpur,New Zealand,bat,New Zealand,T20,completed
668969,2013-11-21,Sri Lanka,New Zealand,Pallekele International Cricket Stadium,Pallekele International Cricket Stadium,Sri Lanka,field,Sri Lanka,T20,completed
682899,2014-03-16,Hong Kong,Nepal,Zahur Ahmed Chowdhury Stadium,Chittagong,Hong Kong,field,Nepal,T20,completed
682901,2014-03-17,Ireland,Zimbabwe,Sylhet Stadium,Sylhet Stadium,Ireland,field,Ireland,T20,completed
682903,2014-03-17,Netherlands,United Arab Emirates,Sylhet Stadium,Sylhet Stadium,United Arab Emirates,bat,Netherlands,T20,completed
682907,2014-03-18,Bangladesh,Nepal,Zahur Ahmed Chowdhury Stadium,Chittagong,Bangladesh,field,Bangladesh,T20,completed
682909,2014-03-19,Netherlands,Zimbabwe,Sylhet Stadium,Sylhet Stadium,Netherlands,bat,Zimbabwe,T20,completed
682911,2014-03-19,Ireland,United Arab Emirates,Sylhet Stadium,Sylhet Stadium,Ireland,field,Ireland,T20,completed
682915,2014-03-20,Bangladesh,Hong Kong,Zahur Ahmed Chowdhury Stadium,Chittagong,Hong Kong,field,Hong Kong,T20,completed
682917,2014-03-21,United Arab Emirates,Zimbabwe,Sylhet Stadium,Sylhet Stadium,Zimbabwe,field,Zimbabwe,T20,completed
682919,2014-03-21,Ireland,Netherlands,Sylhet Stadium,Sylhet Stadium,Netherlands,field,Netherlands,T20,completed
682921,2014-03-21,India,Pakistan,Shere Bangla National Stadium,Mirpur,India,field,India,T20,completed
682923,2014-03-22,South Africa,Sri Lanka,Zahur Ahmed Chowdhury Stadium,Chittagong,Sri Lanka,bat,Sri Lanka,T20,completed
682925,2014-03-22,England,New Zealand,Zahur Ahmed Chowdhury Stadium,Chattogram,New Zealand,field,New Zealand,T20,completed
682927,2014-03-23,Australia,Pakistan,Shere Bangla National Stadium,Mirpur,Australia,field,Pakistan,T20,completed
682929,2014-03-23,India,West Indies,Shere Bangla National Stadium,Mirpur,India,field,India,T20,completed
682931,2014-03-24,New Zealand,South Africa,Zahur Ahmed Chowdhury Stadium,Chittagong,New Zealand,field,South Africa,T20,completed
682933,2014-03-24,Netherlands,Sri Lanka,Zahur Ahmed Chowdhury Stadium,Chittagong,Sri Lanka,field,Sri Lanka,T20,completed
682935,2014-03-25,Bangladesh,West Indies,Shere Bangla National Stadium,Mirpur,Bangladesh,field,West Indies,T20,completed
682937,2014-03-27,Netherlands,South Africa,Zahur Ahmed Chowdhury Stadium,Chittagong,Netherlands,field,South Africa,T20,completed
682939,2014-03-27,England,Sri Lanka,Zahur Ahmed Chowdhury Stadium,Chittagong,England,field,England,T20,completed
682941,2014-03-28,Australia,West Indies,Shere Bangla National Stadium,Mirpur,Australia,bat,West Indies,T20,completed
682943,2014-03-28,Bangladesh,India,Shere Bangla National Stadium,Mirpur,India,field,India,T20,completed
682945,2014-03-29,Netherlands,New Zealand,Zahur Ahmed Chowdhury Stadium,Chittagong,New Zealand,field,New Zealand,T20,completed
682947,2014-03-29,England,South Africa,Zahur Ahmed Chowdhury Stadium,Chittagong,England,field,South Africa,T20,completed
682949,2014-03-30,Bangladesh,Pakistan,Shere Bangla National Stadium,Mirpur,Pakistan,bat,Pakistan,T20,completed
682951,2014-03-30,Australia,India,Shere Bangla National Stadium,Mirpur,Australia,field,India,T20,completed
682953,2014-03-31,England,Netherlands,Zahur Ahmed Chowdhury Stadium,Chittagong,England,field,Netherlands,T20,completed
682955,2014-03-31,New Zealand,Sri Lanka,Zahur Ahmed Chowdhury Stadium,Chittagong,New Zealand,field,Sri Lanka,T20,completed
682957,2014-04-01,Bangladesh,Australia,Shere Bangla National Stadium,Mirpur,Bangladesh,bat,Australia,T20,completed
682959,2014-04-01,Pakistan,West Indies,Shere Bangla National Stadium,Mirpur,West Indies,bat,West Indies,T20,completed
682961,2014-04-03,Sri Lanka,West Indies,Shere Bangla National Stadium,Mirpur,Sri Lanka,bat,Sri Lanka,T20,completed
682963,2014-04-04,India,South Africa,Shere Bangla National Stadium,Mirpur,South Africa,bat,India,T20,completed
682965,2014-04-06,India,Sri Lanka,Shere Bangla National Stadium,Mirpur,Sri Lanka,field,Sri Lanka,T20,completed
685727,2013-11-20,South Africa,Pakistan,New Wanderers Stadium,Johannesburg,Pakistan,field,South Africa,T20,completed
685729,2013-11-22,South Africa,Pakistan,Newlands,Cape Town,Pakistan,bat,Pakistan,T20,completed
690351,2014-02-12,Bangladesh,Sri Lanka,Zahur Ahmed Chowdhury Stadium,Chittagong,Bangladesh,field,Sri Lanka,T20,completed
690353,2014-02-14,Bangladesh,Sri Lanka,Zahur Ahmed Chowdhury Stadium,Chittagong,Bangladesh,bat,Sri Lanka,T20,completed
702141,2014-02-19,West Indies,Ireland,"Sabina Park, Kingston",Jamaica,West Indies,bat,Ireland,T20,completed
702143,2014-02-21,West Indies,Ireland,"Sabina Park, Kingston",Jamaica,Ireland,field,West Indies,T20,completed
722335,2015-01-09,South Africa,West Indies,Newlands,Cape Town,South Africa,bat,West Indies,T20,completed
722337,2015-01-11,South Africa,West Indies,New Wanderers Stadium,Johannesburg,West Indies,field,West Indies,T20,completed
727917,2014-10-05,Australia,Pakistan,Dubai International Cricket Stadium,Dubai International Cricket Stadium,Pakistan,bat,Australia,T20,completed
730283,2014-07-05,West Indies,New Zealand,"Windsor Park, Roseau",Dominica,New Zealand,field,New Zealand,T20,completed
730285,2014-07-06,West Indies,New Zealand,"Windsor Park, Roseau",Dominica,New Zealand,field,West Indies,T20,completed
736063,2015-01-14,South Africa,West Indies,Kingsmead,Durban,West Indies,field,South Africa,T20,completed
742617,2014-12-04,New Zealand,Pakistan,Dubai International Cricket Stadium,Dubai International Cricket Stadium,Pakistan,field,Pakistan,T20,completed
743953,2015-06-23,England,New Zealand,Old Trafford,Manchester,England,bat,England,T20,completed
743975,2015-08-31,England,Australia,Sophia Gardens,Cardiff,Australia,field,England,T20,completed
754039,2014-12-05,New Zealand,Pakistan,Dubai International Cricket Stadium,Dubai International Cricket Stadium,Pakistan,field,New Zealand,T20,completed
754717,2014-11-05,Australia,South Africa,Adelaide Oval,Adelaide Oval,Australia,bat,South Africa,T20,completed
754719,2014-11-07,Australia,South Africa,Melbourne Cricket Ground,Melbourne Cricket Ground,South Africa,bat,Australia,T20,completed
754721,2014-11-09,Australia,South Africa,Stadium Australia,Sydney,Australia,field,Australia,T20,completed
800479,2016-02-19,South Africa,England,Newlands,Cape Town,South Africa,field,South Africa,T20,completed
800481,2016-02-21,South Africa,England,New Wanderers Stadium,Johannesburg,South Africa,field,South Africa,T20,completed
802327,2014-11-24,Hong Kong,Nepal,P Sara Oval,Colombo,Hong Kong,field,Hong Kong,T20,completed
817203,2015-07-05,Bangladesh,South Africa,Shere Bangla National Stadium,Mirpur,South Africa,bat,South Africa,T20,completed
817205,2015-07-07,Bangladesh,South Africa,Shere Bangla National Stadium,Mirpur,South Africa,bat,South Africa,T20,completed
848839,2015-08-14,South Africa,New Zealand,Kingsmead,Durban,South Africa,field,South Africa,T20,completed
848841,2015-08-16,South Africa,New Zealand,SuperSport Park,Centurion,New Zealand,bat,New Zealand,T20,completed
858491,2015-04-24,Bangladesh,Pakistan,Shere Bangla National Stadium,Mirpur,Pakistan,bat,Bangladesh,T20,completed
860279,2015-07-30,Sri Lanka,Pakistan,R Premadasa Stadium,Colombo,Pakistan,bat,Pakistan,T20,completed
860281,2015-08-01,Sri Lanka,Pakistan,R Premadasa Stadium,Colombo,Sri Lanka,bat,Pakistan,T20,completed
868723,2015-05-22,Pakistan,Zimbabwe,Gaddafi Stadium,Lahore,Zimbabwe,bat,Pakistan,T20,completed
868725,2015-05-24,Pakistan,Zimbabwe,Gaddafi Stadium,Lahore,Zimbabwe,bat,Pakistan,T20,completed
875457,2015-07-09,Scotland,United Arab Emirates,"Grange Cricket Club Ground, Raeburn Place",Edinburgh,Scotland,field,Scotland,T20,completed
875471,2015-07-11,Scotland,Netherlands,"Grange Cricket Club Ground, Raeburn Place",Edinburgh,Netherlands,bat,Netherlands,T20,completed
875481,2015-07-12,Netherlands,United Arab Emirates,"Grange Cricket Club Ground, Raeburn Place",Edinburgh,Netherlands,field,Netherlands,T20,completed
875491,2015-07-13,Nepal,Ireland,"Civil Service Cricket Club, Stormont",Belfast,Ireland,field,Ireland,T20,completed
875501,2015-07-15,Ireland,Papua New Guinea,"Civil Service Cricket Club, Stormont",Belfast,Ireland,bat,Papua New Guinea,T20,completed
875507,2015-07-15,Hong Kong,Nepal,"Civil Service Cricket Club, Stormont",Belfast,Hong Kong,field,Hong Kong,T20,completed
875513,2015-07-17,Nepal,Papua New Guinea,"The Village, Malahide",Dublin,Papua New Guinea,field,Papua New Guinea,T20,completed
875521,2015-07-17,Ireland,Hong Kong,"The Village, Malahide",Dublin,Ireland,field,Hong Kong,T20,completed
875549,2015-07-25,Hong Kong,Scotland,"The Village, Malahide",Dublin,Scotland,field,Scotland,T20,completed
875553,2015-07-25,Ireland,Netherlands,"The Village, Malahide",Dublin,Netherlands,field,Netherlands,T20,completed
883343,2015-07-01,Netherlands,Nepal,VRA Ground,Amstelveen,Nepal,field,Netherlands,T20,completed
883345,2015-07-02,Netherlands,Nepal,Hazelaarweg,Rotterdam,Netherlands,bat,Netherlands,T20,completed
884347,2016-03-04,South Africa,Australia,Kingsmead,Durban,Australia,bat,South Africa,T20,completed
884349,2016-03-06,South Africa,Australia,New Wanderers Stadium,Johannesburg,Australia,field,Australia,T20,completed
884351,2016-03-09,South Africa,Australia,Newlands,Cape Town,South Africa,bat,Australia,T20,completed
885969,2015-07-17,Zimbabwe,India,Harare Sports Club,Harare Sports Club,India,bat,India,T20,completed
885971,2015-07-19,Zimbabwe,India,Harare Sports Club,Harare Sports Club,Zimbabwe,bat,Zimbabwe,T20,completed
889463,2015-06-20,Ireland,Scotland,"Bready Cricket Club, Magheramason",Londonderry,Scotland,field,Scotland,T20,completed
894293,2015-08-09,Zimbabwe,New Zealand,Harare Sports Club,Harare Sports Club,Zimbabwe,field,New Zealand,T20,completed
895817,2016-01-26,Australia,India,Adelaide Oval,Adelaide Oval,Australia,field,India,T20,completed
895819,2016-01-29,Australia,India,Melbourne Cricket Ground,Melbourne Cricket Ground,Australia,field,India,T20,completed
895821,2016-01-31,Australia,India,Sydney Cricket Ground,Sydney Cricket Ground,Australia,bat,India,T20,completed
902649,2015-11-26,England,Pakistan,Dubai International Cricket Stadium,Dubai International Cricket Stadium,England,bat,England,T20,completed
902651,2015-11-27,England,Pakistan,Dubai International Cricket Stadium,Dubai International Cricket Stadium,England,bat,England,T20,completed
903587,2015-10-02,India,South Africa,Himachal Pradesh Cricket Association Stadium,Dharmasala,South Africa,field,South Africa,T20,completed
903589,2015-10-05,India,South Africa,Barabati Stadium,Cuttack,South Africa,field,South Africa,T20,completed
913633,2016-07-05,England,Sri Lanka,The Rose Bowl,Southampton,Sri Lanka,bat,England,T20,completed
913663,2016-09-07,England,Pakistan,Old Trafford,Manchester,England,bat,Pakistan,T20,completed
914217,2016-01-07,New Zealand,Sri Lanka,Bay Oval,Mount Maunganui,Sri Lanka,field,New Zealand,T20,completed
914219,2016-01-10,New Zealand,Sri Lanka,Eden Park,Auckland,New Zealand,field,New Zealand,T20,completed
914221,2016-01-15,New Zealand,Pakistan,Eden Park,Auckland,New Zealand,field,Pakistan,T20,completed
914223,2016-01-17,New Zealand,Pakistan,Seddon Park,Hamilton,Pakistan,bat,New Zealand,T20,completed
914225,2016-01-22,New Zealand,Pakistan,Westpac Stadium,Wellington,Pakistan,field,New Zealand,T20,completed
915783,2015-11-09,Sri Lanka,West Indies,Pallekele International Cricket Stadium,Pallekele International Cricket Stadium,West Indies,field,Sri Lanka,T20,completed
915785,2015-11-11,Sri Lanka,West Indies,R Premadasa Stadium,Colombo,West Indies,bat,West Indies,T20,completed
919603,2015-09-27,Zimbabwe,Pakistan,Harare Sports Club,Harare Sports Club,Pakistan,bat,Pakistan,T20,completed
919605,2015-09-29,Zimbabwe,Pakistan,Harare Sports Club,Harare Sports Club,Pakistan,bat,Pakistan,T20,completed
930573,2015-11-22,United Arab Emirates,Oman,Sheikh Zayed Stadium,Abu Dhabi,United Arab Emirates,field,United Arab Emirates,T20,completed
930575,2015-11-21,Hong Kong,Oman,Sheikh Zayed Stadium,Abu Dhabi,Oman,field,Oman,T20,completed
930577,2015-11-25,Hong Kong,Oman,Sheikh Zayed Stadium,Abu Dhabi,Hong Kong,field,Oman,T20,completed
930579,2015-11-26,Hong Kong,Oman,Sheikh Zayed Stadium,Abu Dhabi,Hong Kong,field,Hong Kong,T20,completed
931396,2015-11-13,Bangladesh,Zimbabwe,Shere Bangla National Stadium,Mirpur,Bangladesh,field,Bangladesh,T20,completed
931398,2015-11-15,Bangladesh,Zimbabwe,Shere Bangla National Stadium,Mirpur,Bangladesh,bat,Zimbabwe,T20,completed
936153,2017-01-20,South Africa,Sri Lanka,SuperSport Park,Centurion,Sri Lanka,field,South Africa,T20,completed
936155,2017-01-22,South Africa,Sri Lanka,New Wanderers Stadium,Johannesburg,South Africa,bat,Sri Lanka,T20,completed
936157,2017-01-25,South Africa,Sri Lanka,Newlands,Cape Town,South Africa,bat,Sri Lanka,T20,completed
951305,2016-03-08,Hong Kong,Zimbabwe,"Vidarbha Cricket Association Stadium, Jamtha",Nagpur,Hong Kong,field,Zimbabwe,T20,completed
951309,2016-03-09,Bangladesh,Netherlands,Himachal Pradesh Cricket Association Stadium,Dharamsala,Netherlands,field,Bangladesh,T20,completed
951311,2016-03-09,Ireland,Oman,Himachal Pradesh Cricket Association Stadium,Dharamsala,Ireland,bat,Oman,T20,completed
951313,2016-03-10,Scotland,Zimbabwe,"Vidarbha Cricket Association Stadium, Jamtha",Nagpur,Zimbabwe,bat,Zimbabwe,T20,completed
951323,2016-03-12,Hong Kong,Scotland,"Vidarbha Cricket Association Stadium, Jamtha",Nagpur,Hong Kong,bat,Scotland,T20,completed
951325,2016-03-13,Ireland,Netherlands,Himachal Pradesh Cricket Association Stadium,Dharamsala,Ireland,field,Netherlands,T20,completed
951327,2016-03-13,Bangladesh,Oman,Himachal Pradesh Cricket Association Stadium,Dharamsala,Oman,field,Bangladesh,T20,completed
951329,2016-03-15,India,New Zealand,"Vidarbha Cricket Association Stadium, Jamtha",Nagpur,New Zealand,bat,New Zealand,T20,completed
951331,2016-03-16,England,West Indies,Wankhede Stadium,Mumbai,West Indies,field,West Indies,T20,completed
951333,2016-03-16,Bangladesh,Pakistan,Eden Gardens,Kolkata,Pakistan,bat,Pakistan,T20,completed
951337,2016-03-18,Australia,New Zealand,Himachal Pradesh Cricket Association Stadium,Dharamsala,New Zealand,bat,New Zealand,T20,completed
951339,2016-03-18,England,South Africa,Wankhede Stadium,Mumbai,England,field,England,T20,completed
951341,2016-03-19,India,Pakistan,Eden Gardens,Kolkata,India,field,India,T20,completed
951345,2016-03-20,Sri Lanka,West Indies,M Chinnaswamy Stadium,Bangalore,West Indies,field,West Indies,T20,completed
951347,2016-03-21,Australia,Bangladesh,M Chinnaswamy Stadium,Bangalore,Australia,field,Australia,T20,completed
951349,2016-03-22,New Zealand,Pakistan,"Punjab Cricket Association IS Bindra Stadium, Mohali",Chandigarh,New Zealand,bat,New Zealand,T20,completed
951353,2016-03-23,India,Bangladesh,M Chinnaswamy Stadium,Bangalore,Bangladesh,field,India,T20,completed
951355,2016-03-25,Australia,Pakistan,"Punjab Cricket Association IS Bindra Stadium, Mohali",Chandigarh,Australia,bat,Australia,T20,completed
951357,2016-03-25,South Africa,West Indies,"Vidarbha Cricket Association Stadium, Jamtha",Nagpur,West Indies,field,West Indies,T20,completed
951359,2016-03-26,Bangladesh,New Zealand,Eden Gardens,Kolkata,New Zealand,bat,New Zealand,T20,completed
951361,2016-03-26,England,Sri Lanka,Feroz Shah Kotla,Delhi,Sri Lanka,field,England,T20,completed
951363,2016-03-27,India,Australia,"Punjab Cricket Association IS Bindra Stadium, Mohali",Chandigarh,Australia,bat,India,T20,completed
951367,2016-03-28,South Africa,Sri Lanka,Feroz Shah Kotla,Delhi,South Africa,field,South Africa,T20,completed
951369,2016-03-30,England,New Zealand,Feroz Shah Kotla,Delhi,England,field,England,T20,completed
951371,2016-03-31,India,West Indies,Wankhede Stadium,Mumbai,West Indies,field,West Indies,T20,completed
951373,2016-04-03,England,West Indies,Eden Gardens,Kolkata,West Indies,field,West Indies,T20,completed
953103,2016-01-30,Hong Kong,Scotland,"Mission Road Ground, Mong Kok",Hong Kong,Hong Kong,field,Hong Kong,T20,completed
953105,2016-01-31,Hong Kong,Scotland,"Mission Road Ground, Mong Kok",Hong Kong,Hong Kong,field,Scotland,T20,completed
954735,2016-02-07,Ireland,Papua New Guinea,Tony Ireland Stadium,Townsville,Papua New Guinea,field,Ireland,T20,completed
954737,2016-02-09,Ireland,Papua New Guinea,Tony Ireland Stadium,Townsville,Papua New Guinea,bat,Papua New Guinea,T20,completed
954741,2016-02-14,United Arab Emirates,Ireland,Sheikh Zayed Stadium,Abu Dhabi,United Arab Emirates,field,Ireland,T20,completed
954743,2016-02-16,United Arab Emirates,Ireland,Sheikh Zayed Stadium,Abu Dhabi,United Arab Emirates,bat,United Arab Emirates,T20,completed
958415,2016-01-15,Bangladesh,Zimbabwe,Sheikh Abu Naser Stadium,Khulna,Zimbabwe,bat,Bangladesh,T20,completed
958417,2016-01-17,Bangladesh,Zimbabwe,Sheikh Abu Naser Stadium,Khulna,Bangladesh,bat,Bangladesh,T20,completed
958419,2016-01-20,Bangladesh,Zimbabwe,Sheikh Abu Naser Stadium,Khulna,Zimbabwe,bat,Zimbabwe,T20,completed
958421,2016-01-22,Bangladesh,Zimbabwe,Sheikh Abu Naser Stadium,Khulna,Zimbabwe,bat,Zimbabwe,T20,completed
963697,2016-02-09,India,Sri Lanka,Maharashtra Cricket Association Stadium,Pune,Sri Lanka,field,Sri Lanka,T20,completed
963699,2016-02-12,India,Sri Lanka,JSCA International Stadium Complex,Ranchi,Sri Lanka,field,India,T20,completed
963701,2016-02-14,India,Sri Lanka,Dr. Y.S. Rajasekhara Reddy ACA-VDCA Cricket Stadium,Visakhapatnam,India,field,India,T20,completed
966373,2016-02-04,United Arab Emirates,Scotland,ICC Academy,Dubai,United Arab Emirates,bat,United Arab Emirates,T20,completed
966735,2016-02-19,Hong Kong,Oman,Khan Shaheb Osman Ali Stadium,Fatullah,Oman,bat,Oman,T20,completed
966739,2016-02-21,Hong Kong,United Arab Emirates,Khan Shaheb Osman Ali Stadium,Fatullah,Hong Kong,bat,United Arab Emirates,T20,completed
966743,2016-02-22,Oman,United Arab Emirates,Shere Bangla National Stadium,Mirpur,Oman,field,United Arab Emirates,T20,completed
966745,2016-02-24,India,Bangladesh,Shere Bangla National Stadium,Dhaka,Bangladesh,field,India,T20,completed
966747,2016-02-25,Sri Lanka,United Arab Emirates,Shere Bangla National Stadium,Mirpur,United Arab Emirates,field,Sri Lanka,T20,completed
966749,2016-02-26,Bangladesh,United Arab Emirates,Shere Bangla National Stadium,Mirpur,United Arab Emirates,field,Bangladesh,T20,completed
966751,2016-02-27,India,Pakistan,Shere Bangla National Stadium,Mirpur,India,field,India,T20,completed
966753,2016-02-28,Bangladesh,Sri Lanka,Shere Bangla National Stadium,Mirpur,Bangladesh,bat,Bangladesh,T20,completed
966755,2016-02-29,Pakistan,United Arab Emirates,Shere Bangla National Stadium,Mirpur,United Arab Emirates,bat,Pakistan,T20,completed
966757,2016-03-01,India,Sri Lanka,Shere Bangla National Stadium,Mirpur,India,field,India,T20,completed
966759,2016-03-02,Bangladesh,Pakistan,Shere Bangla National Stadium,Mirpur,Pakistan,bat,Bangladesh,T20,completed
966761,2016-03-03,India,United Arab Emirates,Shere Bangla National Stadium,Mirpur,United Arab Emirates,bat,India,T20,completed
966763,2016-03-04,Pakistan,Sri Lanka,Shere Bangla National Stadium,Mirpur,Pakistan,field,Pakistan,T20,completed
966765,2016-03-06,Bangladesh,India,Shere Bangla National Stadium,Mirpur,India,field,India,T20,completed
967081,2016-02-03,United Arab Emirates,Netherlands,ICC Academy,Dubai,United Arab Emirates,field,Netherlands,T20,completed
995467,2016-09-06,Sri Lanka,Australia,Pallekele International Cricket Stadium,Pallekele International Cricket Stadium,Sri Lanka,field,Australia,T20,completed
995469,2016-09-09,Sri Lanka,Australia,R Premadasa Stadium,Colombo,Sri Lanka,bat,Australia,T20,completed
