match_id,date,team1,team2,venue,team1_elo,team2_elo,elo_difference,team1_win_rate_last5,team2_win_rate_last5,team1_win_rate_last10,team2_win_rate_last10,team1_avg_runs_last5,team2_avg_runs_last5,team1_h2h_win_rate,h2h_matches_before,venue_avg_first_innings_score,venue_batting_first_win_rate,venue_matches_before,team1_won
211048,2005-02-17,New Zealand,Australia,Eden Park,1500.0,1500.0,0.0,0.5,0.5,0.5,0.5,145.0,145.0,0.5,0,145.0,0.5,0,0
211028,2005-06-13,England,Australia,The Rose Bowl,1500.0,1516.0,-16.0,0.5,1.0,0.5,1.0,214.0,214.0,0.5,0,214.0,1.0,0,1
222678,2005-10-21,South Africa,New Zealand,New Wanderers Stadium,1500.0,1484.0,16.0,0.5,0.0,0.5,0.0,196.5,170.0,0.5,0,196.5,1.0,0,0
226374,2006-01-09,Australia,South Africa,"Brisbane Cricket Ground, Woolloongabba",1499.26,1483.26,16.0,0.5,0.0,0.5,0.0,146.5,133.0,0.5,0,175.33,0.6667,0,1
238195,2006-02-24,South Africa,Australia,New Wanderers Stadium,1468.0,1514.53,-46.53,0.0,0.6667,0.0,0.6667,123.5,167.33,0.0,1,133.0,0.0,1,1
225271,2006-06-15,England,Sri Lanka,The Rose Bowl,1516.74,1500.0,16.74,1.0,0.5,1.0,0.5,179.0,187.2,0.5,0,179.0,1.0,1,0
225263,2006-08-28,England,Pakistan,County Ground,1499.97,1500.0,-0.03,0.5,0.5,0.5,0.5,170.0,183.17,0.5,0,183.17,0.8333,0,0
255954,2006-12-01,South Africa,India,New Wanderers Stadium,1486.13,1500.0,-13.87,0.3333,0.5,0.3333,0.5,149.33,177.57,0.5,0,167.0,0.5,2,0
251487,2006-12-22,New Zealand,Sri Lanka,Westpac Stadium,1500.74,1516.77,-16.03,0.5,1.0,0.5,1.0,152.0,163.0,0.5,0,171.12,0.625,0,0
251488,2006-12-26,New Zealand,Sri Lanka,Eden Park,1485.47,1532.03,-46.56,0.3333,1.0,0.3333,1.0,155.33,112.5,0.0,1,214.0,1.0,1,1
249227,2007-01-09,Australia,England,Sydney Cricket Ground,1496.4,1483.97,12.43,0.5,0.3333,0.5,0.3333,175.25,161.33,0.0,1,164.6,0.5,0,1
258463,2007-06-28,England,West Indies,Kennington Oval,1468.54,1500.0,-31.46,0.25,0.5,0.25,0.5,157.0,169.73,0.5,0,169.73,0.5455,0,0
258464,2007-06-29,England,West Indies,Kennington Oval,1453.98,1514.56,-60.57,0.2,1.0,0.2,1.0,164.2,208.0,0.0,1,208.0,1.0,1,1
306987,2007-09-01,Kenya,Bangladesh,Gymkhana Club Ground,1500.0,1500.0,0.0,0.5,0.5,0.5,0.5,172.62,172.62,0.5,0,172.62,0.5385,0,0
306989,2007-09-02,Bangladesh,Pakistan,Gymkhana Club Ground,1516.0,1516.0,0.0,1.0,1.0,1.0,1.0,139.0,148.0,0.5,0,138.0,0.0,1,0
306991,2007-09-04,Kenya,Pakistan,Gymkhana Club Ground,1484.0,1532.0,-48.0,0.0,1.0,0.0,1.0,138.0,169.5,0.5,0,164.5,0.5,2,0
287853,2007-09-11,South Africa,West Indies,New Wanderers Stadium,1470.77,1495.79,-25.03,0.25,0.5,0.25,0.5,143.5,188.5,0.5,0,153.33,0.3333,3,1
287854,2007-09-12,Kenya,New Zealand,Kingsmead,1470.2,1503.61,-33.41,0.0,0.5,0.0,0.5,115.0,145.5,0.5,0,168.82,0.4706,0,0
287855,2007-09-12,Pakistan,Scotland,Kingsmead,1545.8,1500.0,45.8,1.0,0.5,1.0,0.5,144.0,163.5,0.5,0,73.0,0.0,1,1
287856,2007-09-12,Australia,Zimbabwe,Newlands,1511.83,1500.0,11.83,0.6,0.5,0.6,0.5,184.4,163.89,0.5,0,163.89,0.4737,0,0
287857,2007-09-13,Bangladesh,West Indies,New Wanderers Stadium,1500.0,1478.64,21.36,0.5,0.3333,0.5,0.3333,150.0,194.0,0.5,0,166.25,0.25,4,1
287858,2007-09-13,England,Zimbabwe,Newlands,1472.75,1516.54,-43.8,0.2,1.0,0.3333,1.0,163.0,139.0,0.5,0,138.0,0.0,1,1
287860,2007-09-14,Kenya,Sri Lanka,New Wanderers Stadium,1455.73,1513.9,-58.17,0.0,0.6667,0.0,0.6667,101.0,113.33,0.5,0,165.8,0.2,5,0
287861,2007-09-14,Australia,England,Newlands,1495.28,1490.75,4.53,0.4,0.4,0.5,0.4286,169.2,168.4,0.5,2,163.0,0.5,2,1
287863,2007-09-15,New Zealand,Sri Lanka,New Wanderers Stadium,1518.07,1527.25,-9.18,0.6,0.75,0.6,0.75,131.2,150.0,0.5,2,181.5,0.3333,6,0
287864,2007-09-15,South Africa,Bangladesh,Newlands,1487.92,1515.02,-27.1,0.4,0.6667,0.4,0.6667,156.4,155.0,0.5,0,153.67,0.3333,3,1
287865,2007-09-16,India,New Zealand,New Wanderers Stadium,1515.36,1502.49,12.87,1.0,0.6,1.0,0.5,127.0,130.0,0.5,0,179.0,0.2857,7,0
287866,2007-09-16,Australia,Bangladesh,Newlands,1511.07,1497.77,13.3,0.6,0.5,0.5714,0.5,180.6,152.25,0.5,0,151.25,0.25,4,1
287867,2007-09-16,South Africa,England,Newlands,1505.16,1474.96,30.2,0.6,0.4,0.5,0.375,159.0,166.6,0.5,0,145.6,0.2,5,1
287868,2007-09-17,Pakistan,Sri Lanka,New Wanderers Stadium,1559.7,1542.82,16.88,1.0,0.8,1.0,0.8,150.75,153.6,0.5,0,180.38,0.375,8,1
287869,2007-09-18,England,New Zealand,Kingsmead,1460.35,1519.09,-58.74,0.4,0.6,0.3333,0.5714,164.8,141.2,0.5,0,122.0,0.5,2,0
287870,2007-09-18,Australia,Pakistan,New Wanderers Stadium,1526.46,1574.93,-48.47,0.6,1.0,0.625,1.0,163.6,158.4,0.5,0,181.33,0.4444,9,0
287871,2007-09-18,Bangladesh,Sri Lanka,New Wanderers Stadium,1482.38,1527.6,-45.22,0.4,0.6,0.4,0.6667,146.4,152.2,0.5,0,179.6,0.4,10,0
287872,2007-09-19,South Africa,New Zealand,Kingsmead,1519.78,1532.41,-12.63,0.8,0.8,0.5714,0.625,167.0,141.6,0.0,1,136.0,0.6667,3,1
287873,2007-09-19,England,India,Kingsmead,1447.03,1498.77,-51.74,0.4,0.5,0.3,0.5,158.0,153.5,0.5,0,140.25,0.5,4,0
287874,2007-09-20,Australia,Sri Lanka,Newlands,1512.68,1541.53,-28.85,0.6,0.6,0.5556,0.7143,156.6,169.2,0.5,0,147.0,0.3333,6,1
287875,2007-09-20,Bangladesh,Pakistan,Newlands,1468.46,1588.71,-120.26,0.2,1.0,0.3333,1.0,135.2,161.8,0.0,1,140.43,0.2857,7,0
287876,2007-09-20,South Africa,India,Kingsmead,1536.36,1512.4,23.95,0.8,0.6667,0.625,0.6667,158.4,175.0,0.0,1,155.8,0.6,5,0
287877,2007-09-22,New Zealand,Pakistan,Newlands,1515.83,1599.38,-83.56,0.6,1.0,0.5556,1.0,149.0,151.8,0.5,0,140.38,0.25,8,0
287878,2007-09-22,Australia,India,Kingsmead,1530.0,1529.51,0.5,0.6,0.75,0.6,0.75,132.8,169.5,0.5,0,155.33,0.6667,6,0
287879,2007-09-24,India,Pakistan,New Wanderers Stadium,1545.53,1611.61,-66.08,0.8,1.0,0.8,1.0,173.2,162.6,0.5,0,176.64,0.4545,11,1
297800,2007-10-20,India,Australia,Brabourne Stadium,1564.54,1513.98,50.55,0.8,0.6,0.8333,0.5,179.2,139.8,1.0,1,163.2,0.4878,0,1
298795,2007-11-23,South Africa,New Zealand,New Wanderers Stadium,1519.26,1503.6,15.66,0.8,0.4,0.5556,0.5,156.4,162.8,0.5,2,175.0,0.5,12,1
291343,2007-12-11,Australia,New Zealand,Western Australia Cricket Association Ground,1500.29,1488.32,11.97,0.4,0.4,0.5,0.5,145.8,155.8,1.0,1,162.47,0.4651,0,1
319112,2007-12-16,South Africa,West Indies,St George's Park,1534.54,1463.63,70.91,0.8,0.25,0.6,0.25,141.0,186.5,1.0,1,163.0,0.4773,0,0
298804,2008-01-18,South Africa,West Indies,New Wanderers Stadium,1515.32,1482.85,32.47,0.6,0.4,0.6,0.4,123.4,161.2,0.5,2,171.46,0.4615,13,1
291356,2008-02-01,Australia,India,Melbourne Cricket Ground,1515.74,1578.22,-62.48,0.4,1.0,0.5,0.8571,158.2,176.6,0.0,2,160.02,0.4565,0,1
300435,2008-02-05,New Zealand,England,Eden Park,1472.87,1433.39,39.48,0.2,0.2,0.4,0.2,144.2,163.4,1.0,1,164.5,0.5,2,0
300436,2008-02-07,New Zealand,England,Jade Stadium,1455.06,1451.2,3.86,0.0,0.2,0.4,0.3,141.8,162.6,0.5,2,158.73,0.4583,0,0
343764,2008-04-20,Pakistan,Bangladesh,National Stadium,1592.6,1457.78,134.82,0.8,0.2,0.8889,0.2857,158.8,131.0,1.0,2,159.43,0.4694,0,1
296903,2008-06-13,England,New Zealand,Old Trafford,1467.38,1438.88,28.5,0.4,0.0,0.4,0.3,174.2,139.8,0.6667,3,160.3,0.48,0,1
319142,2008-06-20,West Indies,Australia,"Kensington Oval, Bridgetown",1468.34,1534.59,-66.25,0.2,0.6,0.3333,0.6,145.8,140.4,0.5,0,159.57,0.4706,0,1
354456,2008-08-03,Bermuda,Scotland,"Civil Service Cricket Club, Stormont",1500.0,1486.1,13.9,0.5,0.0,0.5,0.0,158.37,120.0,0.5,0,158.37,0.4615,0,0
361530,2008-08-04,Ireland,Kenya,"Civil Service Cricket Club, Stormont",1500.0,1442.38,57.62,0.5,0.0,0.5,0.0,157.25,97.75,0.5,0,99.0,0.0,1,1
361531,2008-08-04,Netherlands,Scotland,"Civil Service Cricket Club, Stormont",1500.0,1502.74,-2.74,0.5,0.5,0.5,0.5,155.57,110.0,0.5,0,83.0,0.0,2,1
361656,2008-10-11,Pakistan,Sri Lanka,Maple Leaf North-West Ground,1602.69,1524.2,78.48,0.8,0.6,0.9,0.625,161.6,166.4,1.0,1,154.69,0.4364,0,1
361660,2008-10-13,Pakistan,Sri Lanka,Maple Leaf North-West Ground,1615.13,1511.76,103.37,0.8,0.4,0.9,0.5556,156.8,141.8,1.0,2,137.0,0.0,1,0
350347,2008-11-05,South Africa,Bangladesh,New Wanderers Stadium,1529.82,1447.7,82.13,0.6,0.0,0.7,0.25,119.4,118.2,1.0,1,168.57,0.4286,14,1
366708,2008-12-28,New Zealand,West Indies,Seddon Park,1424.19,1487.35,-63.16,0.0,0.4,0.2,0.4286,135.8,132.4,0.5,0,153.36,0.431,0,1
351694,2009-01-11,Australia,South Africa,Melbourne Cricket Ground,1515.57,1542.11,-26.54,0.4,0.6,0.5,0.7,139.4,111.4,0.5,2,74.0,0.0,1,1
351695,2009-01-13,Australia,South Africa,"Brisbane Cricket Ground, Woolloongabba",1532.79,1524.89,7.9,0.6,0.6,0.6,0.7,141.2,114.2,0.6667,3,209.0,1.0,1,1
386535,2009-02-10,Sri Lanka,India,R Premadasa Stadium,1532.38,1559.38,-26.99,0.4,0.8,0.6,0.75,134.8,147.8,0.5,0,154.51,0.4426,0,0
351696,2009-02-15,Australia,New Zealand,Sydney Cricket Ground,1548.43,1443.07,105.36,0.8,0.2,0.6,0.3,140.2,148.2,1.0,2,221.0,1.0,1,1
386494,2009-02-25,New Zealand,India,AMI Stadium,1431.78,1574.14,-142.36,0.2,0.8,0.2,0.7778,151.6,152.0,1.0,1,154.7,0.4444,0,1
366622,2009-02-27,New Zealand,India,Westpac Stadium,1453.99,1551.92,-97.93,0.4,0.6,0.2,0.7,154.4,146.8,1.0,2,162.0,0.0,1,1
352674,2009-03-15,West Indies,England,"Queen's Park Oval, Port of Spain",1468.47,1482.07,-13.6,0.4,0.6,0.375,0.5,122.4,172.6,0.5,2,154.72,0.4308,0,1
350475,2009-03-27,South Africa,Australia,New Wanderers Stadium,1509.26,1559.72,-50.47,0.4,0.8,0.6,0.6,119.4,133.0,0.25,4,165.2,0.4667,15,1
350476,2009-03-29,South Africa,Australia,SuperSport Park,1527.56,1541.41,-13.85,0.6,0.6,0.6,0.6,141.4,151.2,0.4,5,154.39,0.4179,0,1
392615,2009-05-07,Australia,Pakistan,Dubai International Cricket Stadium,1524.78,1594.51,-69.73,0.6,0.6,0.5,0.8,159.6,155.0,0.0,1,154.41,0.4265,0,0
355991,2009-06-05,England,Netherlands,Lord's,1465.45,1516.13,-50.68,0.6,1.0,0.5,1.0,165.0,110.0,0.5,0,153.74,0.4203,0,0
355992,2009-06-06,New Zealand,Scotland,Kennington Oval,1474.39,1486.61,-12.23,0.6,0.3333,0.3,0.3333,155.8,109.0,0.5,0,188.5,0.5,2,1
355993,2009-06-06,Australia,West Indies,Kennington Oval,1511.94,1485.1,26.84,0.4,0.6,0.5,0.4444,144.8,114.2,0.0,1,155.33,0.3333,3,0
355994,2009-06-06,Bangladesh,India,Trent Bridge,1435.41,1531.53,-96.12,0.0,0.4,0.2222,0.6,111.2,145.2,0.5,0,153.17,0.4028,0,0
355995,2009-06-07,Scotland,South Africa,Kennington Oval,1470.05,1544.2,-74.15,0.25,0.6,0.25,0.6,104.0,145.8,0.5,0,158.75,0.25,4,0
355996,2009-06-07,England,Pakistan,Kennington Oval,1451.76,1607.34,-155.58,0.6,0.6,0.4,0.8,157.4,147.4,0.0,1,169.2,0.4,5,1
355997,2009-06-08,Bangladesh,Ireland,Trent Bridge,1423.73,1513.37,-89.64,0.0,1.0,0.2,1.0,117.6,72.0,0.5,0,180.0,1.0,1,0
355998,2009-06-08,Australia,Sri Lanka,Trent Bridge,1494.71,1517.62,-22.91,0.2,0.4,0.5,0.5,146.4,137.8,1.0,1,158.5,0.5,2,0
355999,2009-06-09,Netherlands,Pakistan,Lord's,1529.81,1584.62,-54.81,1.0,0.6,1.0,0.7,136.5,144.4,0.5,0,162.0,0.0,1,0
356000,2009-06-09,New Zealand,South Africa,Lord's,1490.95,1556.84,-65.89,0.8,0.6,0.4,0.6,149.2,164.4,0.3333,3,168.5,0.5,2,0
356001,2009-06-10,India,Ireland,Trent Bridge,1543.21,1525.33,17.88,0.4,1.0,0.7,1.0,147.8,105.0,0.5,0,158.67,0.3333,3,1
356002,2009-06-10,Sri Lanka,West Indies,Trent Bridge,1532.57,1502.33,30.24,0.4,0.6,0.5,0.5,140.4,136.6,0.5,0,147.0,0.25,4,1
356003,2009-06-11,Ireland,New Zealand,Trent Bridge,1510.15,1477.95,32.21,0.6667,0.6,0.6667,0.4,107.33,136.4,0.5,0,156.0,0.4,5,0
356004,2009-06-11,England,South Africa,Trent Bridge,1474.48,1569.84,-95.35,0.6,0.8,0.4,0.7,157.6,164.0,0.0,1,163.0,0.5,6,0
356005,2009-06-12,Pakistan,Sri Lanka,Lord's,1598.11,1547.18,50.93,0.6,0.6,0.7,0.6,138.8,158.6,0.6667,3,155.0,0.6667,3,0
356006,2009-06-12,India,West Indies,Lord's,1558.39,1487.72,70.67,0.6,0.6,0.7,0.4,155.6,145.8,0.5,0,153.75,0.75,4,0
356007,2009-06-13,South Africa,West Indies,Kennington Oval,1581.55,1506.93,74.62,1.0,0.6,0.7,0.5,155.4,156.6,0.6667,3,171.83,0.5,6,1
356008,2009-06-13,New Zealand,Pakistan,Kennington Oval,1495.43,1579.79,-84.36,0.8,0.4,0.5,0.6,146.2,136.8,0.0,1,173.43,0.5714,7,0
356009,2009-06-14,Ireland,Sri Lanka,Lord's,1492.68,1565.51,-72.84,0.5,0.8,0.5,0.6,109.25,161.2,0.5,0,153.6,0.6,5,0
356010,2009-06-14,England,India,Lord's,1462.77,1539.18,-76.41,0.4,0.4,0.4,0.6,141.2,151.4,0.0,1,152.0,0.6667,6,1
356011,2009-06-15,England,West Indies,Kennington Oval,1482.23,1494.32,-12.09,0.4,0.6,0.5,0.5,146.4,158.2,0.3333,3,164.12,0.5,8,0
356012,2009-06-15,Ireland,Pakistan,Kennington Oval,1479.98,1591.98,-111.99,0.4,0.6,0.4,0.6,114.4,130.4,0.5,0,163.78,0.4444,9,0
356013,2009-06-16,New Zealand,Sri Lanka,Trent Bridge,1483.24,1578.2,-94.97,0.6,0.8,0.5,0.6,132.8,163.4,0.3333,3,155.57,0.4286,7,0
356014,2009-06-16,India,South Africa,Trent Bridge,1519.72,1594.17,-74.45,0.4,1.0,0.5,0.8,149.0,158.4,1.0,2,155.88,0.5,8,0
356015,2009-06-18,Pakistan,South Africa,Trent Bridge,1602.99,1606.79,-3.8,0.6,1.0,0.6,0.8,140.4,153.2,0.5,0,153.0,0.5556,9,1
356016,2009-06-19,Sri Lanka,West Indies,Kennington Oval,1589.94,1509.76,80.18,1.0,0.6,0.7,0.6,160.8,150.0,1.0,1,163.3,0.5,10,1
356017,2009-06-21,Pakistan,Sri Lanka,Lord's,1619.16,1602.31,16.86,0.8,1.0,0.7,0.7,142.8,160.4,0.5,4,152.14,0.7143,7,1
401076,2009-08-02,West Indies,Bangladesh,"Warner Park, Basseterre",1497.39,1411.77,85.62,0.4,0.0,0.5,0.1,135.8,128.4,0.0,1,153.66,0.4688,0,1
403375,2009-08-12,Sri Lanka,Pakistan,R Premadasa Stadium,1587.08,1634.39,-47.3,0.8,0.8,0.7,0.7,149.6,135.6,0.4,5,171.0,0.0,1,0
403385,2009-09-02,Sri Lanka,New Zealand,R Premadasa Stadium,1573.25,1471.5,101.75,0.6,0.4,0.7,0.5,143.6,124.8,0.75,4,171.5,0.5,2,0
403386,2009-09-04,Sri Lanka,New Zealand,R Premadasa Stadium,1552.69,1492.06,60.63,0.4,0.4,0.6,0.6,142.4,135.0,0.6,5,161.33,0.6667,3,0
426723,2009-11-12,New Zealand,Pakistan,Dubai International Cricket Stadium,1510.82,1648.22,-137.4,0.6,1.0,0.6,0.7,143.6,143.8,0.0,2,108.0,0.0,1,0
387563,2009-11-13,South Africa,England,New Wanderers Stadium,1590.62,1466.79,123.83,0.8,0.4,0.7,0.5,139.4,154.4,1.0,2,165.25,0.4375,16,0
426724,2009-11-13,New Zealand,Pakistan,Dubai International Cricket Stadium,1500.84,1658.21,-157.37,0.4,1.0,0.6,0.8,126.4,156.0,0.0,3,134.5,0.5,2,0
387564,2009-11-15,South Africa,England,SuperSport Park,1569.14,1488.26,80.88,0.6,0.6,0.7,0.6,139.2,162.4,0.6667,3,156.0,1.0,1,1
430884,2009-12-09,India,Sri Lanka,"Vidarbha Cricket Association Stadium, Jamtha",1507.09,1533.93,-26.84,0.4,0.2,0.4,0.6,142.8,140.4,1.0,1,154.89,0.5,0,0
430885,2009-12-12,India,Sri Lanka,"Punjab Cricket Association Stadium, Mohali",1492.33,1548.7,-56.37,0.2,0.2,0.3,0.6,144.0,151.8,0.5,2,155.47,0.5048,0,1
423782,2010-02-03,New Zealand,Bangladesh,Seddon Park,1491.63,1399.63,92.0,0.4,0.0,0.5,0.1,135.8,124.0,0.5,0,191.0,1.0,1,1
406207,2010-02-05,Australia,Pakistan,Melbourne Cricket Ground,1479.76,1667.42,-187.65,0.0,1.0,0.4,0.8,148.2,154.8,0.0,2,128.0,0.5,2,1
439497,2010-02-09,Canada,Netherlands,Dubai International Cricket Stadium,1500.0,1516.31,-16.31,0.5,0.6667,0.5,0.6667,154.95,122.0,0.5,0,140.67,0.6667,3,0
439499,2010-02-10,Canada,Kenya,Dubai International Cricket Stadium,1484.75,1429.01,55.74,0.0,0.0,0.0,0.0,142.0,91.6,0.5,0,141.0,0.5,4,0
439505,2010-02-11,Ireland,Scotland,Dubai International Cricket Stadium,1468.97,1457.41,11.56,0.2,0.2,0.3333,0.2,124.0,99.4,0.5,0,140.4,0.4,5,1
439510,2010-02-13,Ireland,Netherlands,Dubai International Cricket Stadium,1484.44,1531.56,-47.13,0.2,0.75,0.4286,0.75,123.6,128.0,0.5,0,139.67,0.5,6,1
440945,2010-02-19,England,Pakistan,Dubai International Cricket Stadium,1475.92,1643.53,-167.61,0.4,0.8,0.5,0.8,156.8,150.0,0.5,2,141.29,0.5714,7,1
440946,2010-02-20,England,Pakistan,Dubai International Cricket Stadium,1499.09,1620.36,-121.27,0.6,0.6,0.5,0.7,160.6,148.0,0.6667,3,139.75,0.5,8,0
406197,2010-02-21,Australia,West Indies,Bellerive Oval,1503.65,1509.52,-5.87,0.2,0.6,0.4,0.6,140.4,124.2,0.0,2,154.2,0.4912,0,1
406198,2010-02-23,Australia,West Indies,Sydney Cricket Ground,1519.92,1493.25,26.67,0.4,0.4,0.5,0.5,148.4,121.2,0.3333,3,185.5,1.0,2,1
423787,2010-02-26,New Zealand,Australia,Westpac Stadium,1503.49,1534.7,-31.21,0.6,0.6,0.5,0.5,129.6,155.2,0.0,3,155.5,0.0,2,0
439139,2010-02-28,West Indies,Zimbabwe,"Queen's Park Oval, Port of Spain",1478.48,1498.54,-20.06,0.4,0.5,0.5,0.5,116.2,138.5,0.5,0,121.0,0.0,1,0
412677,2010-04-30,West Indies,Ireland,Providence Stadium,1463.4,1502.59,-39.19,0.2,0.4,0.4,0.5,115.6,131.4,0.5,0,153.55,0.4915,0,1
412678,2010-04-30,New Zealand,Sri Lanka,Providence Stadium,1488.92,1530.12,-41.2,0.4,0.2,0.4,0.5,125.0,165.4,0.5,6,138.0,1.0,1,1
412680,2010-05-01,Bangladesh,Pakistan,"Beausejour Stadium, Gros Islet",1387.77,1630.99,-243.22,0.0,0.6,0.0,0.8,119.4,143.4,0.0,3,153.27,0.4917,0,0
412682,2010-05-02,India,South Africa,"Beausejour Stadium, Gros Islet",1510.9,1581.49,-70.58,0.2,0.6,0.4,0.8,163.6,164.6,0.6667,3,172.0,1.0,1,1
412683,2010-05-02,Australia,Pakistan,"Beausejour Stadium, Gros Islet",1549.26,1637.32,-88.05,0.8,0.6,0.5,0.8,145.2,145.6,0.3333,3,179.0,1.0,2,1
412685,2010-05-03,West Indies,England,Providence Stadium,1481.2,1488.46,-7.26,0.4,0.4,0.4,0.4,123.0,159.6,0.75,4,136.5,0.5,2,1
412686,2010-05-03,Sri Lanka,Zimbabwe,Providence Stadium,1512.23,1513.62,-1.38,0.2,0.6667,0.4,0.6667,168.4,127.33,0.5,0,154.67,0.3333,3,1
412684,2010-05-04,New Zealand,Zimbabwe,Providence Stadium,1506.81,1497.55,9.26,0.4,0.5,0.5,0.5,118.8,102.75,0.5,0,159.25,0.5,4,1
412688,2010-05-05,Australia,Bangladesh,"Kensington Oval, Bridgetown",1569.24,1381.44,187.79,1.0,0.0,0.5,0.0,151.6,127.8,1.0,1,97.0,0.0,1,1
412689,2010-05-06,England,Pakistan,"Kensington Oval, Bridgetown",1472.13,1617.35,-145.22,0.4,0.4,0.4,0.7,165.6,146.4,0.5,4,119.0,0.5,2,1
412690,2010-05-06,New Zealand,South Africa,"Kensington Oval, Bridgetown",1522.39,1562.28,-39.89,0.6,0.4,0.5,0.7,103.6,162.4,0.25,4,128.33,0.3333,3,0
412691,2010-05-07,Australia,India,"Kensington Oval, Bridgetown",1577.34,1530.11,47.23,1.0,0.4,0.6,0.4,154.4,170.2,0.3333,3,138.75,0.5,4,1
412692,2010-05-07,West Indies,Sri Lanka,"Kensington Oval, Bridgetown",1497.53,1528.3,-30.76,0.4,0.4,0.5,0.4,111.2,175.4,0.0,2,147.8,0.6,5,0
412693,2010-05-08,New Zealand,Pakistan,"Kensington Oval, Bridgetown",1508.21,1595.02,-86.81,0.6,0.4,0.5,0.6,105.8,150.8,0.0,4,155.67,0.6667,6,1
412694,2010-05-08,England,South Africa,"Kensington Oval, Bridgetown",1494.45,1576.45,-82.0,0.4,0.4,0.5,0.7,155.4,170.4,0.25,4,152.43,0.7143,7,1
412695,2010-05-09,West Indies,India,"Kensington Oval, Bridgetown",1482.95,1516.27,-33.32,0.4,0.4,0.4,0.4,110.6,167.2,1.0,1,154.38,0.75,8,1
412696,2010-05-09,Australia,Sri Lanka,"Kensington Oval, Bridgetown",1591.18,1542.88,48.29,1.0,0.6,0.7,0.4,155.4,184.8,0.5,2,156.0,0.7778,9,1
412697,2010-05-10,Pakistan,South Africa,"Beausejour Stadium, Gros Islet",1575.11,1556.74,18.37,0.4,0.4,0.5,0.6,151.4,167.8,1.0,1,183.0,1.0,3,1
412698,2010-05-10,England,New Zealand,"Beausejour Stadium, Gros Islet",1514.16,1528.13,-13.97,0.6,0.6,0.5,0.6,157.6,116.6,0.75,4,174.25,1.0,4,1
412699,2010-05-11,India,Sri Lanka,"Beausejour Stadium, Gros Islet",1498.74,1529.09,-30.36,0.4,0.4,0.4,0.3,174.6,159.2,0.6667,3,169.2,0.8,5,0
412700,2010-05-11,West Indies,Australia,"Beausejour Stadium, Gros Islet",1500.48,1604.97,-104.49,0.6,1.0,0.5,0.8,116.8,160.6,0.5,4,168.17,0.6667,6,0
412701,2010-05-13,England,Sri Lanka,"Beausejour Stadium, Gros Islet",1530.8,1543.7,-12.9,0.6,0.6,0.6,0.4,162.2,151.4,0.0,1,159.14,0.5714,7,1
412702,2010-05-14,Australia,Pakistan,"Beausejour Stadium, Gros Islet",1616.3,1590.26,26.03,1.0,0.4,0.9,0.5,158.6,151.2,0.5,4,155.25,0.5,8,1
412703,2010-05-16,Australia,England,"Kensington Oval, Bridgetown",1631.1,1547.39,83.71,1.0,0.8,1.0,0.6,159.8,159.0,0.6667,3,157.2,0.8,10,0
439146,2010-05-19,West Indies,South Africa,"Sir Vivian Richards Stadium, North Sound",1489.15,1541.59,-52.44,0.6,0.4,0.4,0.5,122.0,169.8,0.25,4,154.19,0.507,0,0
447539,2010-05-20,West Indies,South Africa,"Sir Vivian Richards Stadium, North Sound",1475.55,1555.19,-79.64,0.4,0.4,0.4,0.5,119.0,148.8,0.2,5,136.0,1.0,1,0
456991,2010-05-22,New Zealand,Sri Lanka,Central Broward Regional Park Stadium Turf Ground,1511.49,1527.11,-15.62,0.6,0.6,0.5,0.4,122.8,150.0,0.5714,7,153.83,0.5139,0,1
456992,2010-05-23,New Zealand,Sri Lanka,Central Broward Regional Park Stadium Turf Ground,1528.21,1510.39,17.82,0.6,0.4,0.5,0.4,119.0,133.8,0.625,8,120.0,1.0,1,0
452153,2010-06-12,Zimbabwe,India,Harare Sports Club,1481.98,1484.13,-2.16,0.4,0.4,0.4,0.3,99.0,170.0,0.5,0,153.1,0.5137,0,0
452154,2010-06-13,Zimbabwe,India,Harare Sports Club,1466.08,1500.03,-33.96,0.2,0.4,0.3333,0.3,93.4,150.2,0.0,1,111.0,0.0,1,0
426392,2010-07-05,Australia,Pakistan,Edgbaston,1611.32,1575.46,35.86,0.8,0.2,0.9,0.4,161.0,155.0,0.6,5,152.72,0.5068,0,0
426393,2010-07-06,Australia,Pakistan,Edgbaston,1593.67,1593.11,0.57,0.6,0.4,0.8,0.4,153.0,157.0,0.5,6,167.0,1.0,1,0
426417,2010-09-05,England,Pakistan,Sophia Gardens,1567.18,1609.13,-41.96,1.0,0.6,0.7,0.5,150.4,160.0,0.6,5,152.88,0.5133,0,1
426418,2010-09-07,England,Pakistan,Sophia Gardens,1585.1,1591.21,-6.11,1.0,0.6,0.7,0.5,146.0,158.8,0.6667,6,126.0,0.0,1,1
463141,2010-10-08,South Africa,Zimbabwe,OUTsurance Oval,1567.59,1451.64,115.95,0.6,0.2,0.5,0.2857,138.4,93.8,0.5,0,152.28,0.5066,0,1
463142,2010-10-10,South Africa,Zimbabwe,De Beers Diamond Oval,1578.44,1440.79,137.65,0.6,0.0,0.5,0.25,138.2,106.4,1.0,1,152.39,0.5033,0,1
478279,2010-10-26,Pakistan,South Africa,Sheikh Zayed Stadium,1574.93,1588.41,-13.48,0.4,0.8,0.4,0.6,147.0,151.2,1.0,2,152.66,0.5065,0,0
461565,2010-10-27,Pakistan,South Africa,Sheikh Zayed Stadium,1559.55,1603.79,-44.24,0.4,1.0,0.3,0.7,132.6,147.8,0.6667,3,119.0,0.0,1,0
446956,2010-10-31,Australia,Sri Lanka,Western Australia Cricket Association Ground,1577.65,1527.21,50.44,0.4,0.4,0.7,0.5,149.6,111.2,0.6667,3,186.0,1.0,1,0
473918,2010-12-26,New Zealand,Pakistan,Eden Park,1511.39,1545.57,-34.19,0.4,0.2,0.5,0.3,128.0,123.2,0.2,5,171.0,0.6667,3,1
473919,2010-12-28,New Zealand,Pakistan,Seddon Park,1528.96,1528.01,0.95,0.6,0.0,0.6,0.3,125.8,119.4,0.3333,6,134.5,0.5,2,1
473920,2010-12-30,New Zealand,Pakistan,AMI Stadium,1544.91,1512.05,32.86,0.6,0.0,0.6,0.3,136.2,123.4,0.4286,7,162.0,0.0,1,0
463149,2011-01-09,South Africa,India,Moses Mabhida Stadium,1617.76,1514.48,103.29,1.0,0.4,0.7,0.4,145.6,141.8,0.25,4,152.45,0.5,0,0
446960,2011-01-12,Australia,England,Adelaide Oval,1559.34,1601.38,-42.04,0.2,1.0,0.6,0.8,154.4,130.4,0.5,4,152.55,0.5031,0,0
446961,2011-01-14,Australia,England,Melbourne Cricket Ground,1545.27,1615.45,-70.19,0.0,1.0,0.5,0.8,146.4,131.4,0.4,5,127.67,0.6667,3,1
489212,2011-04-21,West Indies,Pakistan,"Beausejour Stadium, Gros Islet",1463.15,1529.56,-66.41,0.2,0.2,0.3,0.3,130.8,142.2,0.5,0,159.22,0.4444,9,1
489220,2011-06-04,West Indies,India,"Queen's Park Oval, Port of Spain",1482.17,1535.1,-52.92,0.4,0.6,0.4,0.5,133.2,148.4,1.0,2,113.0,0.5,2,0
474466,2011-06-25,England,Sri Lanka,County Ground,1596.26,1545.51,50.75,0.8,0.6,0.8,0.5,133.6,120.8,0.5,2,144.0,0.0,1,0
516204,2011-08-06,Sri Lanka,Australia,Pallekele International Cricket Stadium,1563.83,1564.46,-0.62,0.6,0.2,0.6,0.5,114.8,146.4,0.5,4,152.46,0.506,0,1
516205,2011-08-08,Sri Lanka,Australia,Pallekele International Cricket Stadium,1579.86,1548.43,31.44,0.8,0.2,0.7,0.4,128.8,150.2,0.6,5,198.0,1.0,1,1
474476,2011-08-31,England,India,Old Trafford,1577.94,1548.68,29.27,0.6,0.8,0.8,0.6,131.2,149.2,0.5,2,123.0,0.0,1,1
523735,2011-09-16,Zimbabwe,Pakistan,Harare Sports Club,1430.81,1510.54,-79.72,0.0,0.2,0.2222,0.3,137.8,147.0,0.5,0,125.5,0.0,2,0
523736,2011-09-18,Zimbabwe,Pakistan,Harare Sports Club,1418.42,1522.93,-104.51,0.0,0.4,0.2,0.3,143.6,162.6,0.0,1,149.67,0.3333,3,0
525816,2011-09-23,England,West Indies,Kennington Oval,1592.6,1468.59,124.01,0.6,0.2,0.8,0.4,139.2,128.0,0.2,5,162.82,0.5455,11,1
525817,2011-09-25,England,West Indies,Kennington Oval,1603.12,1458.07,145.05,0.6,0.2,0.8,0.4,146.8,132.0,0.3333,6,159.67,0.5,12,0
531982,2011-10-11,Bangladesh,West Indies,Shere Bangla National Stadium,1373.34,1480.39,-107.05,0.0,0.4,0.0,0.4,119.6,130.0,0.5,2,152.64,0.5145,0,1
514023,2011-10-13,South Africa,Australia,Newlands,1597.14,1533.87,63.27,0.8,0.2,0.7,0.3,151.0,149.8,0.5,6,140.67,0.2222,9,0
527012,2011-10-15,Zimbabwe,New Zealand,Harare Sports Club,1407.09,1527.4,-120.31,0.0,0.6,0.1,0.6,148.6,122.4,0.0,1,147.5,0.5,4,0
514024,2011-10-16,South Africa,Australia,New Wanderers Stadium,1578.26,1552.75,25.51,0.6,0.4,0.6,0.3,146.4,152.6,0.4286,7,167.41,0.4706,17,1
527013,2011-10-17,Zimbabwe,New Zealand,Harare Sports Club,1396.42,1538.07,-141.65,0.0,0.6,0.1,0.6,145.2,123.8,0.0,2,142.6,0.4,5,0
521217,2011-10-29,India,England,Eden Gardens,1534.02,1580.8,-46.78,0.8,0.4,0.6,0.7,149.6,132.8,0.3333,3,152.48,0.5056,0,0
530432,2011-11-25,Pakistan,Sri Lanka,Sheikh Zayed Stadium,1534.26,1594.42,-60.16,0.6,1.0,0.3,0.7,162.2,141.8,0.6667,6,119.5,0.0,2,1
538068,2011-11-29,Bangladesh,Pakistan,Shere Bangla National Stadium,1394.12,1553.0,-158.88,0.2,0.8,0.1,0.4,119.2,161.4,0.0,4,132.0,0.0,1,0
518954,2012-02-01,Australia,India,Stadium Australia,1537.93,1520.16,17.76,0.4,0.6,0.2,0.5,150.6,151.2,0.5,4,152.14,0.5028,0,1
518955,2012-02-03,Australia,India,Melbourne Cricket Ground,1553.11,1504.98,48.13,0.4,0.4,0.3,0.4,155.4,150.4,0.6,5,132.5,0.75,4,0
520595,2012-02-11,New Zealand,Zimbabwe,Eden Park,1547.89,1386.61,161.28,0.8,0.0,0.6,0.0,145.0,142.4,1.0,3,164.0,0.5,4,1
520596,2012-02-14,New Zealand,Zimbabwe,Seddon Park,1556.95,1377.54,179.41,0.8,0.0,0.7,0.0,147.8,137.0,1.0,4,151.33,0.6667,3,1
520597,2012-02-17,New Zealand,South Africa,Westpac Stadium,1565.36,1593.09,-27.73,0.8,0.6,0.7,0.7,151.2,137.2,0.2,5,143.0,0.0,3,1
520598,2012-02-19,New Zealand,South Africa,Seddon Park,1582.63,1575.81,6.82,1.0,0.4,0.8,0.7,164.8,142.6,0.3333,6,163.5,0.5,4,0
520599,2012-02-22,New Zealand,South Africa,Eden Park,1566.32,1592.13,-25.81,0.8,0.4,0.7,0.7,174.0,152.4,0.2857,7,163.0,0.4,5,0
543883,2012-02-22,Kenya,Ireland,Mombasa Sports Club Ground,1447.56,1484.8,-37.24,0.2,0.4,0.1667,0.4444,92.2,122.0,0.0,1,152.57,0.4947,0,0
531635,2012-02-23,England,Pakistan,Dubai International Cricket Stadium,1594.66,1562.15,32.51,0.6,0.8,0.7,0.5,128.4,151.8,0.7143,7,140.67,0.4444,9,0
543884,2012-02-23,Kenya,Ireland,Mombasa Sports Club Ground,1433.27,1499.09,-65.82,0.2,0.6,0.1429,0.5,95.2,116.8,0.0,2,107.0,0.0,1,0
543885,2012-02-24,Kenya,Ireland,Mombasa Sports Club Ground,1420.26,1512.09,-91.83,0.2,0.8,0.125,0.5,106.8,119.2,0.0,3,119.0,0.0,2,0
531636,2012-02-25,England,Pakistan,Dubai International Cricket Stadium,1577.17,1579.65,-2.48,0.6,1.0,0.6,0.6,128.4,152.0,0.625,8,141.0,0.5,10,1
531637,2012-02-27,England,Pakistan,Sheikh Zayed Stadium,1593.28,1563.53,29.75,0.6,0.8,0.6,0.6,124.6,134.8,0.6667,9,126.67,0.0,3,1
546410,2012-03-13,Canada,Netherlands,Dubai International Cricket Stadium,1466.21,1513.4,-47.2,0.0,0.6,0.0,0.6,140.0,119.6,0.0,1,141.82,0.5455,11,0
546414,2012-03-14,Ireland,Kenya,Dubai International Cricket Stadium,1523.96,1408.4,115.56,0.8,0.2,0.5,0.1111,113.4,110.2,1.0,4,141.25,0.5833,12,1
546442,2012-03-18,Ireland,Scotland,Dubai International Cricket Stadium,1534.82,1441.94,92.88,0.8,0.2,0.6,0.1667,97.6,95.2,1.0,1,135.85,0.5385,13,1
546462,2012-03-22,Canada,Ireland,Dubai International Cricket Stadium,1452.37,1546.65,-94.28,0.0,1.0,0.0,0.7,124.33,115.8,0.5,0,137.5,0.5714,14,0
546470,2012-03-23,Ireland,Netherlands,Dubai International Cricket Stadium,1558.41,1527.24,31.16,1.0,0.6,0.8,0.6667,115.8,124.6,1.0,1,135.4,0.5333,15,1
546473,2012-03-23,Canada,Scotland,Dubai International Cricket Stadium,1440.6,1430.12,10.48,0.0,0.0,0.0,0.1429,119.75,103.6,0.5,0,134.06,0.5,16,0
540173,2012-03-27,West Indies,Australia,"Beausejour Stadium, Gros Islet",1459.61,1534.91,-75.3,0.4,0.4,0.3,0.3,132.6,149.0,0.4,5,158.3,0.5,10,0
540174,2012-03-30,West Indies,Australia,"Kensington Oval, Bridgetown",1447.02,1547.49,-100.47,0.2,0.6,0.3,0.4,132.6,149.8,0.3333,6,156.27,0.7273,11,1
556252,2012-03-30,South Africa,India,New Wanderers Stadium,1606.94,1523.18,83.76,0.6,0.4,0.7,0.5,156.0,143.8,0.2,5,166.28,0.4444,18,1
562437,2012-06-01,Sri Lanka,Pakistan,"Mahinda Rajapaksa International Cricket Stadium, Sooriyawewa",1575.68,1548.9,26.78,0.8,0.6,0.6,0.6,153.6,131.4,0.2857,7,151.23,0.4975,0,1
562438,2012-06-03,Sri Lanka,Pakistan,"Mahinda Rajapaksa International Cricket Stadium, Sooriyawewa",1590.45,1534.13,56.32,0.8,0.4,0.7,0.6,153.0,122.0,0.375,8,132.0,1.0,1,0
534208,2012-06-24,England,West Indies,Trent Bridge,1607.92,1467.52,140.39,0.6,0.4,0.6,0.3,124.8,136.0,0.2857,7,152.6,0.6,10,1
560921,2012-06-30,New Zealand,West Indies,Central Broward Regional Park Stadium Turf Ground,1551.5,1457.66,93.84,0.6,0.4,0.7,0.3,169.0,145.4,1.0,1,100.5,0.5,2,0
560922,2012-07-01,New Zealand,West Indies,Central Broward Regional Park Stadium Turf Ground,1531.28,1477.88,53.4,0.4,0.4,0.6,0.4,167.6,164.6,0.5,2,136.67,0.6667,3,0
567071,2012-07-18,Ireland,Bangladesh,"Civil Service Cricket Club, Stormont",1572.98,1384.96,188.02,1.0,0.2,0.9,0.1,112.4,112.6,1.0,1,91.0,0.0,3,0
567205,2012-07-25,Netherlands,Bangladesh,Sportpark Westvliet,1512.68,1408.86,103.81,0.4,0.4,0.5714,0.2,114.8,135.0,0.5,0,151.68,0.5072,0,0
573672,2012-07-26,Netherlands,Bangladesh,Sportpark Westvliet,1492.03,1429.51,62.53,0.4,0.6,0.5,0.3,125.0,133.8,0.0,1,144.0,0.0,1,1
564786,2012-08-07,Sri Lanka,India,Pallekele International Cricket Stadium,1571.87,1510.97,60.91,0.6,0.2,0.6,0.5,145.4,126.2,0.5,4,177.5,1.0,2,0
571148,2012-09-05,Australia,Pakistan,Dubai International Cricket Stadium,1526.99,1552.7,-25.71,0.4,0.4,0.4,0.6,149.6,119.4,0.4286,7,134.12,0.4706,17,0
534233,2012-09-08,England,South Africa,Riverside Ground,1617.78,1619.16,-1.38,0.8,0.8,0.6,0.7,141.8,170.6,0.4,5,151.26,0.5023,0,0
571150,2012-09-10,Australia,Pakistan,Dubai International Cricket Stadium,1512.17,1567.52,-55.35,0.4,0.4,0.4,0.7,138.0,108.6,0.375,8,131.61,0.4444,18,1
565820,2012-09-11,India,New Zealand,"MA Chidambaram Stadium, Chepauk",1529.74,1512.84,16.9,0.4,0.2,0.6,0.5,124.2,150.4,0.0,3,151.18,0.5023,0,0
534235,2012-09-12,England,South Africa,Edgbaston,1601.84,1635.09,-33.25,0.6,0.8,0.6,0.7,141.2,164.8,0.3333,6,164.5,1.0,2,1
533272,2012-09-18,Sri Lanka,Zimbabwe,"Mahinda Rajapaksa International Cricket Stadium, Sooriyawewa",1553.1,1369.14,183.96,0.4,0.0,0.6,0.0,129.0,154.4,1.0,1,127.0,1.0,2,1
533273,2012-09-19,Australia,Ireland,R Premadasa Stadium,1530.7,1549.08,-18.38,0.4,0.8,0.4,0.8,137.4,114.8,0.5,0,163.5,0.75,4,1
533275,2012-09-20,South Africa,Zimbabwe,"Mahinda Rajapaksa International Cricket Stadium, Sooriyawewa",1617.57,1360.9,256.66,0.8,0.0,0.6,0.0,153.4,147.2,1.0,2,145.33,1.0,3,1
533276,2012-09-21,Bangladesh,New Zealand,Pallekele International Cricket Stadium,1416.36,1529.62,-113.26,0.6,0.2,0.3,0.6,136.6,154.2,0.0,1,170.0,1.0,3,0
533278,2012-09-22,Sri Lanka,South Africa,"Mahinda Rajapaksa International Cricket Stadium, Sooriyawewa",1561.34,1623.51,-62.17,0.4,0.8,0.7,0.6,134.0,137.4,0.5,0,132.25,0.75,4,0
533279,2012-09-22,Australia,West Indies,R Premadasa Stadium,1547.54,1496.32,51.23,0.6,0.6,0.5,0.5,136.2,173.6,0.5714,7,155.4,0.6,5,1
533280,2012-09-23,New Zealand,Pakistan,Pallekele International Cricket Stadium,1540.58,1548.99,-8.41,0.4,0.4,0.6,0.6,157.8,101.0,0.375,8,175.25,1.0,4,0
533281,2012-09-23,England,India,R Premadasa Stadium,1619.37,1512.97,106.4,0.8,0.4,0.7,0.5,137.6,133.4,0.75,4,161.33,0.5,6,0
533283,2012-09-25,Bangladesh,Pakistan,Pallekele International Cricket Stadium,1405.39,1564.6,-159.21,0.4,0.6,0.3,0.6,136.0,111.6,0.0,5,175.6,1.0,5,0
533285,2012-09-27,England,West Indies,Pallekele International Cricket Stadium,1598.62,1482.66,115.96,0.6,0.6,0.6,0.4,123.6,181.8,0.375,8,175.5,0.8333,6,0
533286,2012-09-28,Pakistan,South Africa,R Premadasa Stadium,1573.74,1636.68,-62.93,0.8,0.8,0.6,0.7,128.2,120.0,0.5,4,162.57,0.5714,7,1
533287,2012-09-28,Australia,India,R Premadasa Stadium,1561.2,1533.72,27.48,0.6,0.6,0.6,0.5,125.6,139.4,0.5,6,158.88,0.5,8,1
533288,2012-09-29,England,New Zealand,Pallekele International Cricket Stadium,1577.47,1524.97,52.5,0.4,0.4,0.5,0.5,130.6,158.2,0.8,5,176.0,0.8571,7,1
533289,2012-09-29,Sri Lanka,West Indies,Pallekele International Cricket Stadium,1548.17,1503.81,44.36,0.4,0.6,0.6,0.5,115.0,185.6,1.0,3,172.5,0.75,8,1
533290,2012-09-30,Australia,South Africa,R Premadasa Stadium,1575.94,1617.81,-41.87,0.8,0.6,0.6,0.7,124.6,102.8,0.5,8,156.78,0.4444,9,1
533291,2012-09-30,India,Pakistan,R Premadasa Stadium,1518.98,1592.61,-73.63,0.4,0.8,0.4,0.6,140.4,131.0,1.0,1,155.7,0.4,10,1
533293,2012-10-01,Sri Lanka,England,Pallekele International Cricket Stadium,1562.14,1591.07,-28.93,0.4,0.4,0.6,0.6,114.6,125.8,0.6667,3,167.67,0.6667,9,1
533294,2012-10-02,Australia,Pakistan,R Premadasa Stadium,1593.86,1573.27,20.59,1.0,0.6,0.7,0.5,136.2,138.6,0.4444,9,153.18,0.3636,11,0
533295,2012-10-02,India,South Africa,R Premadasa Stadium,1538.32,1599.89,-61.57,0.6,0.4,0.4,0.6,152.0,108.2,0.6667,6,152.83,0.4167,12,1
533296,2012-10-04,Sri Lanka,Pakistan,R Premadasa Stadium,1579.47,1590.22,-10.75,0.6,0.8,0.6,0.6,128.6,153.6,0.3333,9,152.77,0.4615,13,1
533297,2012-10-05,Australia,West Indies,R Premadasa Stadium,1576.91,1489.84,87.07,0.8,0.6,0.6,0.5,126.0,177.0,0.625,8,151.79,0.5,14,0
533298,2012-10-07,Sri Lanka,West Indies,R Premadasa Stadium,1595.96,1509.77,86.19,0.8,0.6,0.6,0.5,133.2,176.2,1.0,4,155.33,0.5333,15,0
587476,2012-12-10,Bangladesh,West Indies,Shere Bangla National Stadium,1396.25,1529.66,-133.41,0.4,0.6,0.3,0.6,154.0,168.2,0.6667,3,133.5,0.5,2,0
565810,2012-12-20,India,England,Subrata Roy Sahara Stadium,1557.13,1573.74,-16.61,0.6,0.4,0.5,0.5,151.4,132.2,0.4,5,151.33,0.5125,0,1
567353,2012-12-21,South Africa,New Zealand,Kingsmead,1581.09,1511.37,69.72,0.4,0.4,0.6,0.4,120.4,157.2,0.75,8,160.0,0.7143,7,1
565811,2012-12-22,India,England,Wankhede Stadium,1573.89,1556.97,16.92,0.8,0.2,0.6,0.5,149.8,140.0,0.5,6,151.09,0.5083,0,0
567354,2012-12-23,South Africa,New Zealand,Buffalo Park,1593.92,1498.54,95.38,0.4,0.4,0.6,0.3,119.0,151.2,0.7778,9,151.19,0.5062,0,0
589306,2012-12-25,India,Pakistan,M Chinnaswamy Stadium,1557.11,1573.72,-16.61,0.6,0.6,0.6,0.6,151.2,142.8,1.0,2,151.25,0.5041,0,0
567355,2012-12-26,South Africa,New Zealand,St George's Park,1573.63,1518.82,54.81,0.2,0.4,0.5,0.3,136.4,151.6,0.7,10,58.0,0.0,1,1
589307,2012-12-28,India,Pakistan,"Sardar Patel Stadium, Motera",1541.88,1588.96,-47.08,0.6,0.6,0.5,0.7,149.8,134.0,0.6667,3,151.29,0.5041,0,1
573019,2013-01-26,Australia,Sri Lanka,Stadium Australia,1556.98,1576.07,-19.09,0.6,0.6,0.6,0.5,127.2,117.0,0.3333,6,171.0,1.0,1,0
573020,2013-01-28,Australia,Sri Lanka,Melbourne Cricket Ground,1541.86,1591.2,-49.33,0.4,0.8,0.5,0.6,134.6,135.6,0.2857,7,132.2,0.6,5,0
569237,2013-02-09,New Zealand,England,Eden Park,1505.33,1573.75,-68.43,0.2,0.4,0.3,0.5,142.6,160.2,0.1667,6,163.33,0.5,6,0
569238,2013-02-12,New Zealand,England,Seddon Park,1492.44,1586.64,-94.21,0.2,0.6,0.3,0.5,144.6,170.2,0.1429,7,165.4,0.4,5,1
573027,2013-02-13,Australia,West Indies,"Brisbane Cricket Ground, Woolloongabba",1528.12,1539.8,-11.68,0.2,0.8,0.5,0.7,130.2,169.4,0.5556,9,183.0,0.5,2,0
569239,2013-02-15,New Zealand,England,Westpac Stadium,1512.67,1566.41,-53.74,0.4,0.4,0.4,0.4,153.4,167.8,0.25,8,144.0,0.0,4,0
593986,2013-03-02,West Indies,Zimbabwe,"Sir Vivian Richards Stadium, North Sound",1555.26,1354.96,200.31,0.8,0.0,0.7,0.0,171.8,141.2,0.0,1,128.0,1.0,2,1
567367,2013-03-03,South Africa,Pakistan,SuperSport Park,1587.13,1570.8,16.33,0.4,0.4,0.5,0.6,145.6,143.0,0.4,5,198.5,1.0,2,0
593987,2013-03-03,West Indies,Zimbabwe,"Sir Vivian Richards Stadium, North Sound",1562.94,1347.28,215.66,1.0,0.0,0.8,0.0,172.2,136.4,0.5,2,128.67,0.6667,3,1
592268,2013-03-15,Canada,Kenya,ICC Global Cricket Academy,1424.12,1397.53,26.59,0.0,0.2,0.0,0.1,122.8,111.0,0.0,1,152.05,0.5117,0,1
592269,2013-03-16,Canada,Kenya,ICC Global Cricket Academy,1438.9,1382.75,56.15,0.2,0.0,0.1667,0.1,120.0,108.0,0.5,2,126.0,0.0,1,0
602477,2013-03-31,Sri Lanka,Bangladesh,Pallekele International Cricket Stadium,1604.94,1386.11,218.83,0.8,0.2,0.6,0.3,141.8,151.8,1.0,1,167.8,0.7,10,1
630951,2013-04-19,Kenya,Netherlands,Wanderers Cricket Ground,1401.31,1505.18,-103.87,0.2,0.4,0.2,0.5556,114.4,122.0,0.5,0,152.08,0.5135,0,1
592276,2013-04-20,Kenya,Netherlands,Wanderers Cricket Ground,1421.96,1484.54,-62.58,0.4,0.4,0.3,0.5,123.4,139.2,1.0,1,172.0,0.0,1,1
623571,2013-05-11,Zimbabwe,Bangladesh,Queens Sports Club,1340.1,1379.04,-38.93,0.0,0.0,0.0,0.3,128.0,159.0,0.5,0,152.01,0.5096,0,1
623572,2013-05-12,Zimbabwe,Bangladesh,Queens Sports Club,1357.89,1361.25,-3.36,0.2,0.0,0.1,0.3,121.6,165.8,1.0,1,168.0,1.0,1,0
566926,2013-06-25,England,New Zealand,Kennington Oval,1579.95,1499.13,80.83,0.6,0.4,0.5,0.4,166.4,164.0,0.7778,9,156.08,0.5385,13,0
645645,2013-07-27,West Indies,Pakistan,"Arnos Vale Ground, Kingstown",1570.12,1587.56,-17.44,1.0,0.6,0.8,0.6,162.8,156.4,1.0,1,152.31,0.5152,0,0
645647,2013-07-28,West Indies,Pakistan,"Arnos Vale Ground, Kingstown",1554.92,1602.75,-47.83,0.8,0.6,0.7,0.7,165.8,158.2,0.5,2,152.0,0.0,1,0
635658,2013-08-02,Sri Lanka,South Africa,R Premadasa Stadium,1612.01,1570.38,41.63,0.8,0.4,0.7,0.4,147.6,136.4,0.0,1,154.19,0.5625,16,0
635659,2013-08-04,Sri Lanka,South Africa,"Mahinda Rajapaksa International Cricket Stadium, Sooriyawewa",1594.1,1588.29,5.82,0.6,0.6,0.7,0.5,140.4,129.2,0.0,2,121.4,0.8,5,0
635660,2013-08-06,Sri Lanka,South Africa,"Mahinda Rajapaksa International Cricket Stadium, Sooriyawewa",1577.84,1604.55,-26.72,0.6,0.6,0.6,0.5,144.8,140.8,0.0,3,125.33,0.8333,6,1
659545,2013-08-23,Zimbabwe,Pakistan,Harare Sports Club,1342.04,1616.56,-274.52,0.2,0.8,0.1,0.7,128.4,160.6,0.0,2,150.0,0.5,6,0
659547,2013-08-24,Zimbabwe,Pakistan,Harare Sports Club,1336.58,1622.03,-285.45,0.2,0.8,0.1,0.7,137.0,166.0,0.0,3,151.57,0.5714,7,0
566937,2013-08-29,England,Australia,The Rose Bowl,1560.3,1512.66,47.64,0.6,0.0,0.4,0.5,174.2,133.6,0.5,6,171.0,1.0,2,0
566938,2013-08-31,England,Australia,Riverside Ground,1542.12,1530.84,11.28,0.4,0.2,0.4,0.5,179.8,159.8,0.4286,7,118.0,0.0,1,1
647247,2013-10-10,India,Australia,Saurashtra Cricket Association Stadium,1560.03,1515.36,44.68,0.6,0.2,0.6,0.4,162.4,167.2,0.4286,7,152.76,0.5238,0,1
668959,2013-11-06,Bangladesh,New Zealand,Shere Bangla National Stadium,1377.1,1518.78,-141.69,0.2,0.4,0.3,0.4,173.0,170.4,0.0,2,154.67,0.6667,3,0
649101,2013-11-13,Pakistan,South Africa,Dubai International Cricket Stadium,1627.21,1587.33,39.89,1.0,0.6,0.7,0.4,165.6,140.4,0.6667,6,133.53,0.4737,19,0
649103,2013-11-15,Pakistan,South Africa,Dubai International Cricket Stadium,1609.38,1605.16,4.23,0.8,0.6,0.7,0.5,146.2,124.4,0.5714,7,131.75,0.45,20,0
660113,2013-11-16,Canada,Ireland,Sheikh Zayed Stadium,1420.34,1532.23,-111.89,0.2,0.6,0.1429,0.7,116.0,125.0,0.0,1,127.25,0.25,4,0
660149,2013-11-19,Kenya,Scotland,ICC Academy,1440.81,1446.6,-5.79,0.6,0.2,0.4,0.25,125.2,109.4,0.5,0,152.97,0.5252,0,1
685727,2013-11-20,South Africa,Pakistan,New Wanderers Stadium,1621.35,1593.19,28.16,0.8,0.6,0.6,0.6,134.4,143.4,0.5,8,169.05,0.4737,19,1
668969,2013-11-21,Sri Lanka,New Zealand,Pallekele International Cricket Stadium,1595.06,1528.6,66.47,0.6,0.6,0.7,0.4,149.8,182.0,0.4444,9,170.55,0.7273,11,1
660173,2013-11-22,Netherlands,Scotland,ICC Academy,1465.69,1430.34,35.35,0.2,0.2,0.4,0.2222,134.8,109.8,1.0,1,183.0,1.0,1,0
685729,2013-11-22,South Africa,Pakistan,Newlands,1636.06,1578.48,57.57,0.8,0.4,0.7,0.6,142.0,128.4,0.5556,9,141.2,0.2,10,0
660185,2013-11-23,Kenya,Netherlands,ICC Academy,1457.08,1448.06,9.01,0.8,0.2,0.5,0.3,147.6,142.0,1.0,2,174.0,1.0,2,0
660209,2013-11-26,Canada,Kenya,Sharjah Cricket Stadium,1409.32,1440.66,-31.35,0.2,0.8,0.125,0.4,130.6,142.6,0.3333,3,153.08,0.5317,0,0
660223,2013-11-28,Netherlands,Scotland,Sheikh Zayed Stadium,1464.48,1447.96,16.52,0.4,0.4,0.4,0.3,139.2,126.6,0.5,2,135.4,0.4,5,1
657633,2013-12-11,Pakistan,Sri Lanka,Dubai International Cricket Stadium,1597.11,1608.04,-10.93,0.4,0.6,0.6,0.7,131.4,146.2,0.6,10,132.62,0.4762,21,1
657635,2013-12-13,Pakistan,Sri Lanka,Dubai International Cricket Stadium,1613.61,1591.54,22.08,0.4,0.4,0.7,0.6,124.8,135.6,0.6364,11,133.18,0.4545,22,0
661695,2014-01-11,New Zealand,West Indies,Eden Park,1515.62,1541.11,-25.49,0.6,0.6,0.4,0.7,175.6,151.2,0.3333,3,170.57,0.5714,7,1
661697,2014-01-15,New Zealand,West Indies,Westpac Stadium,1532.79,1523.94,8.86,0.6,0.4,0.5,0.6,175.0,134.6,0.5,4,143.0,0.0,5,1
636164,2014-01-29,Australia,England,Bellerive Oval,1501.4,1557.6,-56.19,0.2,0.4,0.3,0.5,180.0,176.0,0.5,8,179.0,1.0,1,1
636165,2014-01-31,Australia,England,Melbourne Cricket Ground,1519.97,1539.03,-19.06,0.4,0.4,0.3,0.4,198.8,188.6,0.5556,9,137.0,0.6667,6,1
636166,2014-02-02,Australia,England,Stadium Australia,1536.84,1522.15,14.69,0.6,0.2,0.3,0.4,192.2,186.0,0.6,10,154.0,0.5,2,1
690351,2014-02-12,Bangladesh,Sri Lanka,Zahur Ahmed Chowdhury Stadium,1367.28,1608.55,-241.27,0.2,0.6,0.3,0.6,175.8,157.2,0.0,2,153.61,0.5324,0,0
690353,2014-02-14,Bangladesh,Sri Lanka,Zahur Ahmed Chowdhury Stadium,1360.9,1614.94,-254.04,0.2,0.8,0.2,0.7,173.2,166.2,0.0,3,168.0,1.0,1,0
702141,2014-02-19,West Indies,Ireland,"Sabina Park, Kingston",1508.34,1543.25,-34.9,0.2,0.6,0.6,0.8,140.2,126.8,1.0,1,153.55,0.5322,0,0
702143,2014-02-21,West Indies,Ireland,"Sabina Park, Kingston",1493.95,1557.65,-63.7,0.0,0.6,0.5,0.8,131.8,128.4,0.5,2,116.0,0.0,1,1
636536,2014-03-09,West Indies,England,"Kensington Oval, Bridgetown",1512.85,1506.83,6.02,0.2,0.2,0.5,0.4,120.6,169.0,0.6667,9,156.58,0.75,12,1
636537,2014-03-11,West Indies,England,"Kensington Oval, Bridgetown",1528.57,1491.11,37.46,0.4,0.2,0.5,0.3,129.8,155.8,0.7,10,157.62,0.7692,13,1
648681,2014-03-12,South Africa,Australia,Kingsmead,1617.43,1552.17,65.26,0.6,0.6,0.6,0.4,147.0,181.6,0.4444,9,150.75,0.625,8,0
636538,2014-03-13,West Indies,England,"Kensington Oval, Bridgetown",1542.85,1476.83,66.03,0.6,0.0,0.5,0.2,139.2,147.2,0.7273,11,157.21,0.7143,14,0
648683,2014-03-14,South Africa,Australia,SuperSport Park,1598.46,1571.14,27.32,0.6,0.8,0.6,0.5,130.4,164.2,0.4,10,197.33,1.0,3,0
682899,2014-03-16,Hong Kong,Nepal,Zahur Ahmed Chowdhury Stadium,1500.0,1500.0,0.0,0.5,0.5,0.5,0.5,152.99,152.99,0.5,0,144.0,0.5,2,0
682901,2014-03-17,Ireland,Zimbabwe,Sylhet Stadium,1538.74,1331.4,207.35,0.4,0.2,0.7,0.1,122.4,143.0,0.5,0,152.98,0.5314,0,1
682903,2014-03-17,Netherlands,United Arab Emirates,Sylhet Stadium,1479.72,1500.0,-20.28,0.4,0.5,0.4,0.5,142.8,153.01,0.5,0,163.0,0.0,1,1
682907,2014-03-18,Bangladesh,Nepal,Zahur Ahmed Chowdhury Stadium,1354.88,1516.0,-161.12,0.2,1.0,0.1,1.0,161.0,149.0,0.5,0,145.67,0.6667,3,1
682909,2014-03-19,Netherlands,Zimbabwe,Sylhet Stadium,1496.65,1323.95,172.7,0.6,0.2,0.5,0.1,138.8,152.2,0.5,0,157.0,0.0,2,0
682911,2014-03-19,Ireland,United Arab Emirates,Sylhet Stadium,1546.19,1483.07,63.12,0.6,0.0,0.7,0.0,131.4,151.0,0.5,0,151.33,0.0,3,1
682915,2014-03-20,Bangladesh,Hong Kong,Zahur Ahmed Chowdhury Stadium,1377.81,1484.0,-106.19,0.4,0.0,0.2,0.0,155.0,69.0,0.5,0,140.75,0.5,4,0
682917,2014-03-21,United Arab Emirates,Zimbabwe,Sylhet Stadium,1469.94,1347.31,122.63,0.0,0.2,0.0,0.2,137.0,147.8,0.5,0,144.25,0.0,4,0
682919,2014-03-21,Ireland,Netherlands,Sylhet Stadium,1559.31,1473.3,86.02,0.8,0.6,0.7,0.4,127.4,144.2,1.0,2,138.6,0.0,5,0
682921,2014-03-21,India,Pakistan,Shere Bangla National Stadium,1573.99,1596.6,-22.61,0.6,0.4,0.6,0.6,172.4,142.6,0.75,4,167.0,0.75,4,1
682923,2014-03-22,South Africa,Sri Lanka,Zahur Ahmed Chowdhury Stadium,1581.2,1620.96,-39.76,0.4,0.8,0.5,0.7,136.2,158.0,0.75,4,134.2,0.4,5,0
682925,2014-03-22,England,New Zealand,Zahur Ahmed Chowdhury Stadium,1495.83,1548.38,-52.56,0.2,0.8,0.3,0.6,140.2,179.8,0.7,10,139.33,0.5,6,0
682927,2014-03-23,Australia,Pakistan,Shere Bangla National Stadium,1588.39,1579.56,8.84,1.0,0.4,0.6,0.5,149.8,139.8,0.4,10,159.6,0.6,5,0
682929,2014-03-23,India,West Indies,Shere Bangla National Stadium,1591.03,1523.85,67.18,0.6,0.6,0.7,0.4,167.0,139.4,0.3333,3,164.83,0.6667,6,1
682931,2014-03-24,New Zealand,South Africa,Zahur Ahmed Chowdhury Stadium,1561.98,1567.03,-5.04,0.8,0.2,0.6,0.5,150.0,138.2,0.2727,11,144.0,0.4286,7,0
682933,2014-03-24,Netherlands,Sri Lanka,Zahur Ahmed Chowdhury Stadium,1493.18,1635.14,-141.96,0.8,0.8,0.5,0.7,152.8,162.4,0.5,0,147.25,0.5,8,0
682935,2014-03-25,Bangladesh,West Indies,Shere Bangla National Stadium,1366.55,1510.9,-144.35,0.2,0.6,0.2,0.3,143.0,142.0,0.5,4,159.71,0.5714,7,0
682937,2014-03-27,Netherlands,South Africa,Zahur Ahmed Chowdhury Stadium,1483.37,1582.79,-99.42,0.6,0.2,0.5,0.5,134.6,141.6,0.5,0,135.22,0.4444,9,0
682939,2014-03-27,England,Sri Lanka,Zahur Ahmed Chowdhury Stadium,1482.23,1644.94,-162.71,0.2,1.0,0.2,0.7,148.6,141.4,0.25,4,136.2,0.5,10,1
682941,2014-03-28,Australia,West Indies,Shere Bangla National Stadium,1571.99,1520.61,51.38,0.8,0.6,0.6,0.4,142.2,157.0,0.5,10,161.12,0.625,8,0
682943,2014-03-28,Bangladesh,India,Shere Bangla National Stadium,1356.84,1603.97,-247.13,0.2,0.8,0.2,0.7,124.8,157.6,0.0,1,163.0,0.5556,9,0
682945,2014-03-29,Netherlands,New Zealand,Zahur Ahmed Chowdhury Stadium,1471.83,1546.22,-74.38,0.4,0.6,0.4,0.6,132.6,142.8,0.5,0,141.0,0.4545,11,0
682947,2014-03-29,England,South Africa,Zahur Ahmed Chowdhury Stadium,1505.22,1594.34,-89.11,0.4,0.4,0.3,0.5,164.4,136.6,0.4286,7,141.83,0.4167,12,0
682949,2014-03-30,Bangladesh,Pakistan,Shere Bangla National Stadium,1350.62,1595.97,-245.34,0.2,0.6,0.2,0.5,119.2,166.0,0.0,6,160.5,0.5,10,0
682951,2014-03-30,Australia,India,Shere Bangla National Stadium,1553.64,1610.19,-56.55,0.6,1.0,0.6,0.8,151.6,159.2,0.5,8,163.18,0.5455,11,0
682953,2014-03-31,England,Netherlands,Zahur Ahmed Chowdhury Stadium,1493.24,1459.21,34.03,0.4,0.2,0.3,0.4,174.4,132.4,0.0,1,146.0,0.4615,13,0
682955,2014-03-31,New Zealand,Sri Lanka,Zahur Ahmed Chowdhury Stadium,1558.84,1621.95,-63.11,0.8,0.8,0.7,0.7,144.8,137.0,0.5,10,145.07,0.5,14,0
682957,2014-04-01,Bangladesh,Australia,Shere Bangla National Stadium,1344.36,1540.22,-195.86,0.2,0.4,0.2,0.5,123.2,129.8,0.0,2,162.83,0.5833,12,0
682959,2014-04-01,Pakistan,West Indies,Shere Bangla National Stadium,1602.23,1538.96,63.27,0.6,0.6,0.5,0.5,168.8,158.8,0.6667,3,162.08,0.5385,13,0
682961,2014-04-03,Sri Lanka,West Indies,Shere Bangla National Stadium,1635.07,1557.84,77.23,0.8,0.6,0.8,0.6,127.2,161.0,0.8,5,162.36,0.5714,14,1
682963,2014-04-04,India,South Africa,Shere Bangla National Stadium,1623.61,1606.32,17.29,1.0,0.6,0.8,0.6,152.6,159.8,0.7143,7,162.2,0.6,15,1
682965,2014-04-06,India,Sri Lanka,Shere Bangla National Stadium,1638.81,1647.58,-8.76,1.0,0.8,0.8,0.8,147.4,134.6,0.6,5,162.81,0.5625,16,0
667887,2014-05-20,England,Sri Lanka,Kennington Oval,1475.68,1663.17,-187.5,0.4,0.8,0.2,0.8,161.6,128.4,0.4,5,159.29,0.5714,14,0
730283,2014-07-05,West Indies,New Zealand,"Windsor Park, Roseau",1545.34,1545.72,-0.37,0.6,0.6,0.6,0.6,145.0,119.0,0.4,5,152.83,0.5194,0,0
730285,2014-07-06,West Indies,New Zealand,"Windsor Park, Roseau",1529.36,1561.7,-32.34,0.6,0.6,0.6,0.7,145.6,109.8,0.3333,6,132.0,0.0,1,1
667731,2014-09-07,England,India,Edgbaston,1467.56,1623.21,-155.66,0.2,0.8,0.2,0.7,163.4,147.2,0.5714,7,149.0,1.0,3,1
727917,2014-10-05,Australia,Pakistan,Dubai International Cricket Stadium,1548.05,1583.35,-35.3,0.4,0.4,0.6,0.4,145.2,156.0,0.3636,11,136.57,0.4783,23,1
754717,2014-11-05,Australia,South Africa,Adelaide Oval,1565.67,1591.11,-25.45,0.4,0.6,0.7,0.5,138.8,168.6,0.6364,11,157.0,0.0,1,0
754719,2014-11-07,Australia,South Africa,Melbourne Cricket Ground,1550.84,1605.95,-55.11,0.4,0.8,0.6,0.5,132.6,165.6,0.5833,12,136.0,0.5714,7,1
754721,2014-11-09,Australia,South Africa,Stadium Australia,1569.35,1587.43,-18.07,0.6,0.6,0.6,0.4,117.4,151.8,0.6154,13,167.67,0.6667,3,1
802327,2014-11-24,Hong Kong,Nepal,P Sara Oval,1495.26,1493.07,2.19,0.5,0.5,0.5,0.5,91.5,137.5,0.0,1,152.52,0.5146,0,1
742617,2014-12-04,New Zealand,Pakistan,Dubai International Cricket Stadium,1544.21,1565.73,-21.52,0.4,0.4,0.6,0.4,124.6,137.8,0.3333,9,134.88,0.4583,24,0
754039,2014-12-05,New Zealand,Pakistan,Dubai International Cricket Stadium,1529.2,1580.74,-51.54,0.4,0.6,0.5,0.5,118.0,139.8,0.3,10,134.88,0.44,25,1
722335,2015-01-09,South Africa,West Indies,Newlands,1570.6,1546.84,23.75,0.4,0.6,0.4,0.6,151.8,144.4,0.8333,6,144.36,0.2727,11,0
722337,2015-01-11,South Africa,West Indies,New Wanderers Stadium,1553.5,1563.94,-10.43,0.2,0.6,0.4,0.6,145.6,142.2,0.7143,7,168.25,0.5,20,0
736063,2015-01-14,South Africa,West Indies,Kingsmead,1537.99,1579.46,-41.47,0.2,0.6,0.4,0.6,157.4,156.2,0.625,8,142.89,0.5556,9,1
858491,2015-04-24,Bangladesh,Pakistan,Shere Bangla National Stadium,1336.53,1562.39,-225.86,0.0,0.4,0.2,0.5,127.4,127.0,0.0,7,160.88,0.5294,17,1
868723,2015-05-22,Pakistan,Zimbabwe,Gaddafi Stadium,1537.24,1368.73,168.51,0.2,0.4,0.4,0.3,117.2,144.6,1.0,4,152.56,0.51,0,1
868725,2015-05-24,Pakistan,Zimbabwe,Gaddafi Stadium,1546.03,1359.94,186.1,0.4,0.4,0.4,0.3,135.4,151.8,1.0,5,172.0,0.0,1,1
889463,2015-06-20,Ireland,Scotland,"Bready Cricket Club, Magheramason",1539.43,1432.72,106.71,0.6,0.4,0.6,0.3,131.6,136.2,1.0,2,152.68,0.5071,0,0
743953,2015-06-23,England,New Zealand,Old Trafford,1490.28,1547.56,-57.28,0.4,0.4,0.3,0.6,165.0,116.4,0.6364,11,144.0,0.0,2,1
883343,2015-07-01,Netherlands,Nepal,VRA Ground,1476.77,1477.17,-0.4,0.4,0.3333,0.5,0.3333,131.0,115.67,0.5,0,152.83,0.5071,0,1
883345,2015-07-02,Netherlands,Nepal,Hazelaarweg,1492.79,1461.15,31.63,0.4,0.25,0.6,0.25,126.8,104.0,1.0,1,152.88,0.5085,0,1
817203,2015-07-05,Bangladesh,South Africa,Shere Bangla National Stadium,1361.68,1555.89,-194.21,0.2,0.2,0.2,0.5,134.4,167.4,0.0,2,159.78,0.5,18,0
817205,2015-07-07,Bangladesh,South Africa,Shere Bangla National Stadium,1353.79,1563.77,-209.98,0.2,0.4,0.2,0.5,134.0,176.8,0.0,3,159.16,0.5263,19,0
875457,2015-07-09,Scotland,United Arab Emirates,"Grange Cricket Club Ground, Raeburn Place",1453.49,1448.52,4.97,0.6,0.0,0.3,0.0,141.2,130.0,0.5,0,152.9,0.5126,0,1
875471,2015-07-11,Scotland,Netherlands,"Grange Cricket Club Ground, Raeburn Place",1469.26,1507.33,-38.08,0.6,0.6,0.4,0.6,136.0,148.8,0.3333,3,109.0,0.0,1,0
875481,2015-07-12,Netherlands,United Arab Emirates,"Grange Cricket Club Ground, Raeburn Place",1521.59,1432.75,88.84,0.8,0.0,0.6,0.0,159.2,124.75,1.0,1,150.0,0.5,2,1
875491,2015-07-13,Nepal,Ireland,"Civil Service Cricket Club, Stormont",1446.6,1518.67,-72.06,0.2,0.4,0.2,0.5,109.4,141.4,0.5,0,115.75,0.25,4,0
875501,2015-07-15,Ireland,Papua New Guinea,"Civil Service Cricket Club, Stormont",1531.39,1500.0,31.39,0.6,0.5,0.5,0.5,135.2,152.52,0.5,0,103.2,0.2,5,0
875507,2015-07-15,Hong Kong,Nepal,"Civil Service Cricket Club, Stormont",1511.16,1433.88,77.28,0.6667,0.0,0.6667,0.1667,85.33,90.2,0.5,2,106.5,0.1667,6,1
875513,2015-07-17,Nepal,Papua New Guinea,"The Village, Malahide",1421.38,1517.44,-96.06,0.0,1.0,0.1429,1.0,86.8,124.0,0.5,0,152.31,0.5069,0,0
875521,2015-07-17,Ireland,Hong Kong,"The Village, Malahide",1513.95,1523.65,-9.7,0.4,0.75,0.5,0.75,127.0,91.5,0.5,0,93.0,0.0,1,0
885969,2015-07-17,Zimbabwe,India,Harare Sports Club,1351.77,1600.49,-248.72,0.4,0.6,0.3,0.7,154.8,156.6,0.0,2,155.0,0.625,8,0
885971,2015-07-19,Zimbabwe,India,Harare Sports Club,1345.6,1606.66,-261.06,0.4,0.6,0.3,0.8,147.0,164.0,0.0,3,157.56,0.6667,9,1
875549,2015-07-25,Hong Kong,Scotland,"The Village, Malahide",1539.21,1455.0,84.2,0.8,0.6,0.8,0.4,99.0,149.6,0.5,0,111.0,0.5,2,0
875553,2015-07-25,Ireland,Netherlands,"The Village, Malahide",1498.4,1533.58,-35.18,0.2,1.0,0.5,0.6,131.2,154.0,0.6667,3,112.67,0.3333,3,0
860279,2015-07-30,Sri Lanka,Pakistan,R Premadasa Stadium,1671.29,1554.2,117.09,0.8,0.6,0.9,0.5,157.0,151.4,0.4167,12,151.88,0.5882,17,0
860281,2015-08-01,Sri Lanka,Pakistan,R Premadasa Stadium,1650.09,1575.4,74.7,0.8,0.6,0.8,0.6,148.4,158.4,0.3846,13,153.17,0.6111,18,0
894293,2015-08-09,Zimbabwe,New Zealand,Harare Sports Club,1371.78,1528.95,-157.17,0.4,0.4,0.3,0.5,146.8,131.4,0.0,5,156.3,0.7,10,0
848839,2015-08-14,South Africa,New Zealand,Kingsmead,1571.13,1538.16,32.96,0.6,0.4,0.5,0.5,181.6,147.6,0.75,12,148.1,0.6,10,1
848841,2015-08-16,South Africa,New Zealand,SuperSport Park,1585.61,1523.68,61.94,0.8,0.4,0.5,0.4,179.0,152.6,0.7692,13,180.0,0.75,4,0
743975,2015-08-31,England,Australia,Sophia Gardens,1508.9,1586.19,-77.29,0.4,0.8,0.4,0.6,165.2,129.4,0.3636,11,107.5,0.0,2,1
919603,2015-09-27,Zimbabwe,Pakistan,Harare Sports Club,1362.56,1594.78,-232.23,0.2,0.8,0.3,0.6,146.8,167.8,0.0,6,160.09,0.7273,11,0
919605,2015-09-29,Zimbabwe,Pakistan,Harare Sports Club,1355.9,1601.44,-245.54,0.2,1.0,0.3,0.6,137.0,166.8,0.0,7,158.08,0.75,12,0
903587,2015-10-02,India,South Africa,Himachal Pradesh Cricket Association Stadium,1580.49,1566.79,13.69,0.4,0.8,0.7,0.5,159.2,161.8,0.75,8,152.27,0.5119,0,0
903589,2015-10-05,India,South Africa,Barabati Stadium,1563.85,1583.42,-19.57,0.2,0.8,0.6,0.5,163.8,162.8,0.6667,9,152.39,0.5106,0,0
915783,2015-11-09,Sri Lanka,West Indies,Pallekele International Cricket Stadium,1630.7,1561.56,69.15,0.6,0.6,0.7,0.6,159.0,165.4,0.8333,6,168.17,0.6667,12,1
915785,2015-11-11,Sri Lanka,West Indies,R Premadasa Stadium,1643.56,1548.7,94.86,0.6,0.6,0.7,0.6,170.0,176.0,0.8571,7,154.16,0.5789,19,0
931396,2015-11-13,Bangladesh,Zimbabwe,Shere Bangla National Stadium,1346.43,1349.64,-3.2,0.2,0.2,0.2,0.3,134.0,126.2,0.5,2,159.65,0.55,20,1
931398,2015-11-15,Bangladesh,Zimbabwe,Shere Bangla National Stadium,1362.58,1333.49,29.09,0.4,0.2,0.3,0.3,133.2,127.6,0.6667,3,158.29,0.5238,21,0
930575,2015-11-21,Hong Kong,Oman,Sheikh Zayed Stadium,1519.4,1500.0,19.4,0.8,0.5,0.6667,0.5,108.4,152.32,0.5,0,137.33,0.3333,6,0
930573,2015-11-22,United Arab Emirates,Oman,Sheikh Zayed Stadium,1420.75,1516.89,-96.14,0.0,1.0,0.0,1.0,123.6,107.0,0.5,0,132.86,0.2857,7,1
930577,2015-11-25,Hong Kong,Oman,Sheikh Zayed Stadium,1502.51,1496.57,5.94,0.6,0.5,0.5714,0.5,106.8,120.0,0.0,1,132.88,0.25,8,0
902649,2015-11-26,England,Pakistan,Dubai International Cricket Stadium,1528.4,1607.7,-79.3,0.6,1.0,0.5,0.7,163.0,159.4,0.7,10,135.23,0.4615,26,1
930579,2015-11-26,Hong Kong,Oman,Sheikh Zayed Stadium,1486.24,1512.85,-26.61,0.4,0.6667,0.5,0.6667,117.6,123.67,0.0,2,132.67,0.3333,9,1
902651,2015-11-27,England,Pakistan,Dubai International Cricket Stadium,1547.99,1588.11,-40.12,0.8,0.8,0.6,0.7,177.4,153.4,0.7273,11,136.15,0.4815,27,1
914217,2016-01-07,New Zealand,Sri Lanka,Bay Oval,1542.5,1623.3,-80.8,0.6,0.4,0.5,0.6,161.0,171.0,0.4545,11,152.16,0.509,0,1
914219,2016-01-10,New Zealand,Sri Lanka,Eden Park,1562.16,1603.64,-41.49,0.6,0.2,0.5,0.5,168.6,170.2,0.5,12,172.88,0.625,8,1
914221,2016-01-15,New Zealand,Pakistan,Eden Park,1580.06,1570.27,9.78,0.8,0.6,0.6,0.6,171.0,152.2,0.3636,11,169.44,0.5556,9,0
958415,2016-01-15,Bangladesh,Zimbabwe,Sheikh Abu Naser Stadium,1345.24,1350.83,-5.58,0.4,0.2,0.2,0.3,129.6,125.8,0.5,4,152.26,0.5102,0,1
914223,2016-01-17,New Zealand,Pakistan,Seddon Park,1563.61,1586.72,-23.12,0.6,0.6,0.5,0.7,162.4,151.6,0.3333,12,169.83,0.5,6,1
958417,2016-01-17,Bangladesh,Zimbabwe,Sheikh Abu Naser Stadium,1361.5,1334.57,26.93,0.4,0.2,0.3,0.2,134.2,134.8,0.6,5,163.0,0.0,1,1
958419,2016-01-20,Bangladesh,Zimbabwe,Sheikh Abu Naser Stadium,1376.26,1319.81,56.46,0.6,0.2,0.4,0.2,148.4,135.2,0.6667,6,165.0,0.5,2,0
914225,2016-01-22,New Zealand,Pakistan,Westpac Stadium,1580.67,1569.66,11.01,0.8,0.4,0.6,0.7,166.4,158.0,0.3846,13,145.67,0.0,6,1
958421,2016-01-22,Bangladesh,Zimbabwe,Sheikh Abu Naser Stadium,1357.69,1338.39,19.3,0.6,0.4,0.4,0.3,152.0,148.4,0.5714,7,172.33,0.6667,3,0
895817,2016-01-26,Australia,India,Adelaide Oval,1566.68,1548.75,17.93,0.6,0.2,0.5,0.5,133.2,156.2,0.4444,9,150.5,0.0,2,0
895819,2016-01-29,Australia,India,Melbourne Cricket Ground,1549.86,1565.58,-15.72,0.4,0.4,0.4,0.5,144.0,158.4,0.4,10,131.62,0.5,8,0
953103,2016-01-30,Hong Kong,Scotland,"Mission Road Ground, Mong Kok",1503.46,1474.81,28.65,0.4,0.6,0.5556,0.5,126.6,140.0,0.0,1,152.8,0.515,0,1
895821,2016-01-31,Australia,India,Sydney Cricket Ground,1534.58,1580.86,-46.27,0.4,0.4,0.4,0.5,146.6,159.6,0.3636,11,169.67,0.6667,3,0
953105,2016-01-31,Hong Kong,Scotland,"Mission Road Ground, Mong Kok",1518.14,1460.12,58.02,0.4,0.6,0.6,0.5,115.2,123.8,0.5,2,66.0,0.0,1,0
967081,2016-02-03,United Arab Emirates,Netherlands,ICC Academy,1441.07,1547.97,-106.9,0.2,1.0,0.1667,0.7,120.2,153.2,0.0,2,159.33,1.0,3,0
966373,2016-02-04,United Arab Emirates,Scotland,ICC Academy,1429.84,1478.77,-48.93,0.2,0.6,0.1429,0.6,110.2,122.6,0.0,1,158.75,1.0,4,1
954735,2016-02-07,Ireland,Papua New Guinea,Tony Ireland Stadium,1484.01,1529.13,-45.11,0.2,1.0,0.4,1.0,119.0,111.5,0.0,1,152.71,0.516,0,1
954737,2016-02-09,Ireland,Papua New Guinea,Tony Ireland Stadium,1502.08,1511.06,-8.98,0.4,0.6667,0.4,0.6667,105.0,104.0,0.5,2,96.0,1.0,1,0
963697,2016-02-09,India,Sri Lanka,Maharashtra Cricket Association Stadium,1594.74,1585.74,9.0,0.6,0.2,0.5,0.5,172.6,169.4,0.5,6,152.48,0.5184,0,0
963699,2016-02-12,India,Sri Lanka,JSCA International Stadium Complex,1578.32,1602.16,-23.83,0.6,0.4,0.4,0.5,153.0,156.0,0.4286,7,152.36,0.5172,0,1
954741,2016-02-14,United Arab Emirates,Ireland,Sheikh Zayed Stadium,1448.08,1486.49,-38.41,0.4,0.2,0.25,0.4,116.6,115.2,0.0,1,134.3,0.3,10,0
963701,2016-02-14,India,Sri Lanka,Dr. Y.S. Rajasekhara Reddy ACA-VDCA Cricket Stadium,1595.42,1585.06,10.36,0.8,0.2,0.5,0.4,173.8,138.4,0.5,8,152.42,0.5195,0,1
954743,2016-02-16,United Arab Emirates,Ireland,Sheikh Zayed Stadium,1433.84,1500.73,-66.89,0.4,0.4,0.2222,0.4,114.8,117.4,0.0,2,134.27,0.3636,11,1
800479,2016-02-19,South Africa,England,Newlands,1598.52,1565.83,32.69,0.8,1.0,0.6,0.6,152.4,177.0,0.625,8,146.08,0.25,12,1
966735,2016-02-19,Hong Kong,Oman,Khan Shaheb Osman Ali Stadium,1499.5,1495.63,3.87,0.4,0.5,0.6,0.5,116.8,130.0,0.3333,3,152.15,0.5182,0,0
800481,2016-02-21,South Africa,England,New Wanderers Stadium,1613.02,1551.33,61.69,0.8,0.8,0.7,0.6,145.6,167.8,0.6667,9,171.24,0.4762,21,1
966739,2016-02-21,Hong Kong,United Arab Emirates,Khan Shaheb Osman Ali Stadium,1483.32,1452.89,30.43,0.4,0.6,0.5,0.3,130.6,117.6,0.5,0,180.0,1.0,1,0
966743,2016-02-22,Oman,United Arab Emirates,Shere Bangla National Stadium,1511.8,1470.28,41.52,0.6,0.6,0.6,0.4,140.0,120.2,0.0,1,157.23,0.5,22,0
966745,2016-02-24,India,Bangladesh,Shere Bangla National Stadium,1610.94,1340.8,270.14,0.8,0.4,0.6,0.4,153.0,157.2,1.0,2,157.87,0.5217,23,1
966747,2016-02-25,Sri Lanka,United Arab Emirates,Shere Bangla National Stadium,1569.54,1488.19,81.35,0.2,0.8,0.3,0.5,127.0,140.0,0.5,0,158.21,0.5417,24,1
966749,2016-02-26,Bangladesh,United Arab Emirates,Shere Bangla National Stadium,1335.22,1475.87,-140.65,0.4,0.6,0.4,0.5,154.4,133.4,0.5,0,157.04,0.56,25,1
966751,2016-02-27,India,Pakistan,Shere Bangla National Stadium,1616.52,1554.17,62.35,0.8,0.2,0.6,0.6,149.4,151.0,0.8,5,156.12,0.5769,26,1
966753,2016-02-28,Bangladesh,Sri Lanka,Shere Bangla National Stadium,1357.36,1581.86,-224.49,0.4,0.4,0.4,0.3,147.8,117.0,0.0,4,153.41,0.5556,27,1
966755,2016-02-29,Pakistan,United Arab Emirates,Shere Bangla National Stadium,1541.01,1453.72,87.29,0.2,0.6,0.5,0.5,138.4,129.8,0.5,0,153.18,0.5714,28,1
966757,2016-03-01,India,Sri Lanka,Shere Bangla National Stadium,1629.68,1556.75,72.93,0.8,0.4,0.7,0.3,126.4,113.4,0.5556,9,152.34,0.5517,29,1
966759,2016-03-02,Bangladesh,Pakistan,Shere Bangla National Stadium,1382.47,1553.07,-170.6,0.4,0.4,0.5,0.5,143.8,130.8,0.125,8,151.87,0.5333,30,1
966761,2016-03-03,India,United Arab Emirates,Shere Bangla National Stadium,1642.37,1441.66,200.71,1.0,0.4,0.8,0.5,134.6,129.0,0.5,0,151.13,0.5161,31,1
884347,2016-03-04,South Africa,Australia,Kingsmead,1626.21,1520.7,105.51,0.8,0.2,0.8,0.4,149.6,165.6,0.3571,14,148.36,0.5455,11,1
966763,2016-03-04,Pakistan,Sri Lanka,Shere Bangla National Stadium,1529.79,1544.06,-14.27,0.2,0.2,0.4,0.3,122.4,120.0,0.6429,14,148.94,0.5,32,1
884349,2016-03-06,South Africa,Australia,New Wanderers Stadium,1637.49,1509.42,128.08,1.0,0.0,0.9,0.4,152.2,167.8,0.4,15,171.23,0.4545,22,0
966765,2016-03-06,Bangladesh,India,Shere Bangla National Stadium,1405.75,1650.03,-244.28,0.6,1.0,0.6,0.9,138.8,111.8,0.0,3,148.97,0.4848,33,0
951305,2016-03-08,Hong Kong,Zimbabwe,"Vidarbha Cricket Association Stadium, Jamtha",1465.92,1355.27,110.65,0.4,0.6,0.4,0.4,134.4,158.2,0.5,0,215.0,1.0,1,0
884351,2016-03-09,South Africa,Australia,Newlands,1615.85,1531.06,84.79,0.8,0.2,0.8,0.4,153.0,173.4,0.375,16,145.15,0.2308,13,0
951309,2016-03-09,Bangladesh,Netherlands,Himachal Pradesh Cricket Association Stadium,1399.45,1559.19,-159.74,0.6,1.0,0.5,0.7,130.4,150.2,0.5,2,199.0,0.0,1,1
951311,2016-03-09,Ireland,Oman,Himachal Pradesh Cricket Association Stadium,1481.69,1493.9,-12.21,0.4,0.4,0.3,0.5,118.2,138.8,0.5,0,176.0,0.5,2,0
951313,2016-03-10,Scotland,Zimbabwe,"Vidarbha Cricket Association Stadium, Jamtha",1460.53,1376.2,84.33,0.4,0.6,0.5,0.4,128.4,162.6,0.5,0,186.5,1.0,2,0
951323,2016-03-12,Hong Kong,Scotland,"Vidarbha Cricket Association Stadium, Jamtha",1444.99,1440.72,4.27,0.2,0.4,0.3,0.5,132.2,123.8,0.3333,3,173.33,1.0,3,0
951325,2016-03-13,Ireland,Netherlands,Himachal Pradesh Cricket Association Stadium,1466.25,1536.32,-70.07,0.4,0.8,0.3,0.7,123.4,149.4,0.5,4,168.67,0.3333,3,0
951327,2016-03-13,Bangladesh,Oman,Himachal Pradesh Cricket Association Stadium,1422.33,1509.34,-87.01,0.8,0.6,0.6,0.5714,136.8,143.6,0.5,0,141.25,0.5,4,1
951329,2016-03-15,India,New Zealand,"Vidarbha Cricket Association Stadium, Jamtha",1656.33,1596.16,60.17,1.0,0.8,0.9,0.7,119.4,170.2,0.0,4,161.75,0.75,4,0
951331,2016-03-16,England,West Indies,Wankhede Stadium,1538.14,1568.96,-30.82,0.6,0.6,0.5,0.6,163.8,175.4,0.3333,12,177.0,0.0,1,0
951333,2016-03-16,Bangladesh,Pakistan,Eden Gardens,1442.26,1546.45,-104.19,0.8,0.4,0.6,0.4,146.2,119.0,0.2222,9,120.0,0.0,1,0
951337,2016-03-18,Australia,New Zealand,Himachal Pradesh Cricket Association Stadium,1550.89,1614.91,-64.02,0.4,0.8,0.4,0.7,179.4,159.0,1.0,4,149.0,0.6,5,0
951339,2016-03-18,England,South Africa,Wankhede Stadium,1523.56,1596.02,-72.46,0.4,0.6,0.5,0.7,163.8,169.4,0.3,10,179.5,0.0,2,1
951341,2016-03-19,India,Pakistan,Eden Gardens,1637.59,1557.79,79.8,0.8,0.6,0.8,0.4,102.0,139.0,0.8333,6,160.5,0.5,2,1
951345,2016-03-20,Sri Lanka,West Indies,M Chinnaswamy Stadium,1527.41,1583.55,-56.14,0.2,0.6,0.2,0.6,124.6,178.4,0.75,8,133.0,0.0,1,0
951347,2016-03-21,Australia,Bangladesh,M Chinnaswamy Stadium,1537.81,1430.91,106.89,0.4,0.6,0.4,0.5,174.8,146.0,1.0,3,127.5,0.0,2,1
951349,2016-03-22,New Zealand,Pakistan,"Punjab Cricket Association IS Bindra Stadium, Mohali",1627.99,1545.4,82.59,0.8,0.6,0.8,0.4,158.0,146.0,0.4286,14,151.81,0.5112,0,1
951353,2016-03-23,India,Bangladesh,M Chinnaswamy Stadium,1649.98,1419.69,230.29,0.8,0.4,0.8,0.5,108.8,151.0,1.0,4,137.0,0.0,3,1
951355,2016-03-25,Australia,Pakistan,"Punjab Cricket Association IS Bindra Stadium, Mohali",1549.03,1533.13,15.9,0.6,0.4,0.4,0.4,166.8,151.4,0.4167,12,180.0,1.0,1,1
951357,2016-03-25,South Africa,West Indies,"Vidarbha Cricket Association Stadium, Jamtha",1576.73,1596.98,-20.25,0.4,0.6,0.6,0.6,188.2,156.6,0.6667,9,154.6,0.8,5,0
951359,2016-03-26,Bangladesh,New Zealand,Eden Gardens,1412.97,1640.26,-227.29,0.4,1.0,0.5,0.8,156.0,163.0,0.0,3,146.33,0.3333,3,0
951361,2016-03-26,England,Sri Lanka,Feroz Shah Kotla,1542.85,1513.97,28.88,0.4,0.2,0.6,0.2,177.8,132.6,0.3333,6,151.87,0.5144,0,1
951363,2016-03-27,India,Australia,"Punjab Cricket Association IS Bindra Stadium, Mohali",1656.69,1564.3,92.39,0.8,0.8,0.9,0.4,109.6,174.0,0.6667,12,186.5,1.0,2,1
951367,2016-03-28,South Africa,Sri Lanka,Feroz Shah Kotla,1561.66,1499.3,62.37,0.2,0.0,0.5,0.2,178.2,139.0,0.6,5,171.0,1.0,1,1
951369,2016-03-30,England,New Zealand,Feroz Shah Kotla,1557.52,1647.07,-89.55,0.4,1.0,0.7,0.9,177.6,157.8,0.6667,12,145.5,0.5,2,1
951371,2016-03-31,India,West Indies,Wankhede Stadium,1668.54,1612.05,56.49,0.8,0.8,0.9,0.7,125.4,156.0,0.5,4,196.0,0.0,3,0
951373,2016-04-03,England,West Indies,Eden Gardens,1577.55,1630.63,-53.08,0.6,1.0,0.7,0.8,182.6,158.2,0.3077,13,146.0,0.5,4,0
1007655,2016-06-18,Zimbabwe,India,Harare Sports Club,1396.01,1649.96,-253.95,0.8,0.6,0.5,0.8,159.4,139.4,0.25,4,156.38,0.7692,13,1
1007657,2016-06-20,Zimbabwe,India,Harare Sports Club,1421.99,1623.98,-201.99,1.0,0.6,0.6,0.7,168.4,157.2,0.4,5,157.36,0.7857,14,0
1007659,2016-06-22,Zimbabwe,India,Harare Sports Club,1414.37,1631.6,-217.23,0.8,0.6,0.6,0.7,150.8,154.0,0.3333,6,153.47,0.7333,15,0
913633,2016-07-05,England,Sri Lanka,The Rose Bowl,1563.98,1486.14,77.84,0.6,0.0,0.6,0.2,179.4,138.2,0.4286,7,196.67,1.0,3,1
1041615,2016-08-27,India,West Indies,Central Broward Regional Park Stadium Turf Ground,1638.73,1644.2,-5.48,0.6,1.0,0.7,0.8,152.4,158.0,0.4,5,146.75,0.75,4,0
1004729,2016-09-05,Ireland,Hong Kong,"Bready Cricket Club, Magheramason",1453.43,1428.79,24.64,0.2,0.0,0.3,0.2,113.6,143.2,0.0,1,166.0,0.0,1,0
995467,2016-09-06,Sri Lanka,Australia,Pallekele International Cricket Stadium,1473.66,1552.46,-78.8,0.0,0.6,0.1,0.4,138.6,165.0,0.75,8,171.77,0.6923,13,0
913663,2016-09-07,England,Pakistan,Old Trafford,1576.45,1517.87,58.59,0.8,0.4,0.6,0.3,171.8,160.0,0.75,12,159.67,0.3333,3,0
995469,2016-09-09,Sri Lanka,Australia,R Premadasa Stadium,1461.23,1564.89,-103.66,0.0,0.6,0.1,0.5,144.2,181.4,0.6667,9,154.55,0.6,20,0
1050217,2016-09-23,Pakistan,West Indies,Dubai International Cricket Stadium,1536.54,1659.95,-123.41,0.4,1.0,0.4,0.8,157.6,170.4,0.5,4,137.43,0.5,28,1
1050219,2016-09-24,Pakistan,West Indies,Dubai International Cricket Stadium,1557.99,1638.5,-80.5,0.4,0.8,0.5,0.7,140.6,168.0,0.6,5,136.66,0.4828,29,1
1050221,2016-09-27,Pakistan,West Indies,Sheikh Zayed Stadium,1577.64,1618.85,-41.22,0.6,0.6,0.6,0.7,149.0,172.2,0.6667,6,134.17,0.4167,12,1
1019979,2017-01-03,New Zealand,Bangladesh,McLean Park,1627.03,1406.16,220.87,0.8,0.2,0.8,0.5,149.2,139.4,1.0,4,152.04,0.5096,0,1
1019981,2017-01-06,New Zealand,Bangladesh,Bay Oval,1634.04,1399.15,234.88,0.8,0.0,0.8,0.4,152.6,131.6,1.0,5,182.0,1.0,1,1
1019983,2017-01-08,New Zealand,Bangladesh,Bay Oval,1640.62,1392.58,248.04,0.8,0.0,0.8,0.3,163.2,132.0,1.0,6,188.5,1.0,2,1
1074957,2017-01-14,Hong Kong,Scotland,Sheikh Zayed Stadium,1445.93,1456.92,-10.99,0.2,0.4,0.3,0.5,152.2,116.0,0.25,4,131.77,0.3846,13,0
1074959,2017-01-15,Netherlands,Oman,Sheikh Zayed Stadium,1549.13,1489.41,59.72,0.8,0.4,0.8,0.5,123.0,130.4,0.5,0,135.86,0.4286,14,1
1074961,2017-01-16,Hong Kong,Oman,Sheikh Zayed Stadium,1430.43,1476.14,-45.7,0.2,0.4,0.3,0.4444,150.2,129.8,0.25,4,136.53,0.4,15,0
1074964,2017-01-17,Netherlands,Scotland,Sheikh Zayed Stadium,1562.41,1472.41,89.99,0.8,0.6,0.9,0.6,127.6,140.6,0.75,4,133.44,0.375,16,0
1074965,2017-01-18,United Arab Emirates,Ireland,Dubai International Cricket Stadium,1433.99,1436.3,-2.31,0.2,0.2,0.4,0.2,115.8,118.4,0.3333,3,137.43,0.5,30,0
1074966,2017-01-18,Hong Kong,Netherlands,Dubai International Cricket Stadium,1416.53,1542.35,-125.83,0.2,0.6,0.3,0.8,138.4,130.0,0.5,0,138.16,0.5161,31,1
1074968,2017-01-19,Oman,Scotland,Dubai International Cricket Stadium,1490.04,1492.47,-2.42,0.4,0.6,0.5,0.6,111.6,138.0,0.5,0,139.56,0.5312,32,0
936153,2017-01-20,South Africa,Sri Lanka,SuperSport Park,1574.82,1449.87,124.95,0.2,0.0,0.6,0.1,171.0,145.4,0.6667,6,179.4,0.8,5,1
1074970,2017-01-20,Ireland,Scotland,Dubai International Cricket Stadium,1452.2,1508.36,-56.16,0.2,0.8,0.3,0.6,123.6,137.0,0.6667,3,139.36,0.5152,33,1
936155,2017-01-22,South Africa,Sri Lanka,New Wanderers Stadium,1585.3,1439.39,145.92,0.4,0.0,0.6,0.0,155.4,134.6,0.7143,7,172.65,0.4348,23,0
936157,2017-01-25,South Africa,Sri Lanka,Newlands,1562.95,1461.74,101.22,0.4,0.2,0.5,0.1,142.4,134.4,0.625,8,147.5,0.2143,14,0
1034825,2017-01-26,India,England,Green Park,1622.98,1557.78,65.2,0.4,0.6,0.6,0.5,169.0,152.8,0.375,8,152.18,0.5114,0,0
1034827,2017-01-29,India,England,"Vidarbha Cricket Association Stadium, Jamtha",1604.01,1576.75,27.26,0.4,0.6,0.5,0.5,160.0,148.2,0.3333,9,149.17,0.6667,6,1
1034829,2017-02-01,India,England,M Chinnaswamy Stadium,1618.76,1562.0,56.76,0.6,0.4,0.6,0.5,155.2,144.2,0.4,10,139.25,0.25,4,1
1001349,2017-02-17,Australia,Sri Lanka,Melbourne Cricket Ground,1576.25,1482.27,93.98,0.8,0.4,0.6,0.2,180.6,140.4,0.4,10,137.44,0.5556,9,0
1020029,2017-02-17,New Zealand,South Africa,Eden Park,1646.81,1542.42,104.39,0.8,0.4,0.9,0.4,166.0,130.4,0.2857,14,169.6,0.6,10,0
1001351,2017-02-19,Australia,Sri Lanka,"Simonds Stadium, South Geelong",1556.03,1502.5,53.53,0.6,0.6,0.6,0.3,182.8,139.2,0.3636,11,152.36,0.5123,0,0
1001353,2017-02-22,Australia,Sri Lanka,Adelaide Oval,1537.58,1520.94,16.64,0.4,0.8,0.6,0.4,178.8,148.8,0.3333,12,163.0,0.3333,3,1
1077947,2017-03-26,West Indies,Pakistan,"Kensington Oval, Bridgetown",1600.96,1595.53,5.44,0.4,0.8,0.7,0.6,153.6,139.0,0.2857,7,157.73,0.7333,15,0
1077948,2017-03-30,West Indies,Pakistan,"Queen's Park Oval, Port of Spain",1584.71,1611.78,-27.06,0.2,1.0,0.6,0.7,143.6,127.6,0.25,8,128.33,0.6667,3,0
1085495,2017-04-01,West Indies,Pakistan,"Queen's Park Oval, Port of Spain",1569.96,1626.53,-56.57,0.0,1.0,0.5,0.7,120.4,126.2,0.2222,9,129.25,0.75,4,1
1085496,2017-04-02,West Indies,Pakistan,"Queen's Park Oval, Port of Spain",1588.54,1607.95,-19.41,0.2,0.8,0.5,0.6,125.0,130.4,0.3,10,130.8,0.6,5,0
1083449,2017-04-04,Sri Lanka,Bangladesh,R Premadasa Stadium,1505.71,1386.39,119.32,0.8,0.0,0.4,0.2,156.6,134.2,0.8,5,153.29,0.5714,21,1
1083450,2017-04-06,Sri Lanka,Bangladesh,R Premadasa Stadium,1516.42,1375.68,140.74,0.8,0.0,0.5,0.2,164.4,136.2,0.8333,6,153.36,0.5455,22,0
1089202,2017-04-12,United Arab Emirates,Papua New Guinea,Sheikh Zayed Stadium,1418.1,1526.65,-108.55,0.0,0.75,0.4,0.75,108.6,107.0,0.5,0,134.29,0.4118,17,1
1089203,2017-04-14,United Arab Emirates,Papua New Guinea,Sheikh Zayed Stadium,1438.94,1505.81,-66.86,0.2,0.6,0.4,0.6,107.2,106.0,1.0,1,132.5,0.3889,18,1
1089243,2017-04-14,United Arab Emirates,Papua New Guinea,Sheikh Zayed Stadium,1457.98,1486.76,-28.78,0.4,0.4,0.5,0.5,126.8,111.2,1.0,2,135.0,0.4211,19,1
1031431,2017-06-21,England,South Africa,The Rose Bowl,1548.59,1563.09,-14.49,0.4,0.6,0.5,0.4,138.6,143.0,0.3636,11,182.5,0.75,4,1
1031433,2017-06-23,England,South Africa,County Ground,1565.26,1546.42,18.84,0.4,0.4,0.6,0.3,138.4,147.0,0.4167,12,140.0,0.0,2,0
1031435,2017-06-25,England,South Africa,Sophia Gardens,1548.39,1563.29,-14.89,0.4,0.4,0.5,0.4,145.6,156.6,0.3846,13,132.33,0.3333,3,1
1098211,2017-07-09,West Indies,India,"Sabina Park, Kingston",1573.43,1632.17,-58.73,0.2,0.6,0.4,0.6,121.0,175.0,0.6667,6,106.0,0.5,2,1
1109610,2017-09-06,Sri Lanka,India,"R.Premadasa Stadium, Khettarama",1494.27,1613.49,-119.22,0.6,0.4,0.5,0.5,156.6,185.4,0.4,10,152.37,0.5089,0,0
1117821,2017-09-12,Pakistan,ICC World XI,Gaddafi Stadium,1623.06,1500.0,123.06,0.8,0.5,0.7,0.5,123.8,152.4,0.5,0,173.5,0.0,2,1
1117822,2017-09-13,Pakistan,ICC World XI,Gaddafi Stadium,1633.62,1489.44,144.17,0.8,0.0,0.8,0.0,141.6,177.0,1.0,1,181.33,0.3333,3,0
1117824,2017-09-15,Pakistan,ICC World XI,Gaddafi Stadium,1611.33,1511.72,99.61,0.6,0.5,0.8,0.5,153.4,176.0,0.5,2,179.5,0.25,4,1
1031665,2017-09-16,West Indies,England,Riverside Ground,1592.11,1565.08,27.04,0.4,0.4,0.4,0.5,139.2,152.2,0.7143,14,156.5,0.5,2,1
1119501,2017-10-07,Australia,India,JSCA International Stadium Complex,1552.82,1624.2,-71.39,0.6,0.6,0.6,0.5,184.2,171.4,0.3077,13,196.0,1.0,1,0
1119502,2017-10-10,India,Australia,Barsapara Cricket Stadium,1636.96,1540.06,96.9,0.8,0.4,0.6,0.5,151.8,155.2,0.7143,14,152.57,0.5088,0,0
1075507,2017-10-26,South Africa,Bangladesh,Mangaung Oval,1546.6,1397.83,148.78,0.4,0.2,0.4,0.2,166.4,157.4,1.0,4,152.51,0.5078,0,1
1120291,2017-10-26,Sri Lanka,Pakistan,Sheikh Zayed Stadium,1483.55,1622.87,-139.31,0.4,0.6,0.5,0.8,156.2,163.6,0.3333,15,134.65,0.4,20,0
1120292,2017-10-27,Sri Lanka,Pakistan,Sheikh Zayed Stadium,1473.65,1632.77,-159.13,0.2,0.8,0.5,0.8,141.4,156.8,0.3125,16,133.1,0.381,21,0
1075508,2017-10-29,South Africa,Bangladesh,Senwes Park,1556.14,1388.29,167.85,0.6,0.2,0.5,0.1,171.6,164.2,1.0,5,152.43,0.5068,0,1
1120293,2017-10-29,Pakistan,Sri Lanka,Gaddafi Stadium,1641.92,1464.5,177.42,0.8,0.2,0.8,0.5,156.4,137.0,0.7059,17,180.2,0.4,5,1
1120093,2017-11-01,India,New Zealand,Arun Jaitley Stadium,1616.61,1626.14,-9.53,0.6,0.6,0.6,0.8,146.6,158.4,0.0,5,152.63,0.5087,0,1
1120094,2017-11-04,New Zealand,India,Saurashtra Cricket Association Stadium,1609.7,1633.05,-23.35,0.6,0.6,0.7,0.6,157.6,146.6,0.8333,6,201.0,0.0,1,1
1120095,2017-11-07,India,New Zealand,Greenfield International Stadium,1615.98,1626.77,-10.8,0.6,0.6,0.5,0.7,139.8,168.2,0.1429,7,152.81,0.5106,0,1
1122729,2017-12-20,India,Sri Lanka,Barabati Stadium,1632.47,1456.03,176.44,0.6,0.0,0.6,0.4,118.4,134.2,0.6364,11,92.0,0.0,1,1
1122730,2017-12-22,India,Sri Lanka,Holkar Cricket Stadium,1640.98,1447.52,193.46,0.6,0.0,0.7,0.3,144.6,125.4,0.6667,12,152.69,0.5125,0,1
1122731,2017-12-24,Sri Lanka,India,Wankhede Stadium,1439.61,1648.89,-209.28,0.0,0.8,0.2,0.7,125.8,173.0,0.3077,13,195.0,0.0,4,0
1115798,2017-12-29,New Zealand,West Indies,Saxton Oval,1610.28,1606.87,3.41,0.4,0.6,0.6,0.4,141.4,152.2,0.5714,7,152.87,0.5125,0,1
1115800,2018-01-03,New Zealand,West Indies,Bay Oval,1626.12,1591.03,35.09,0.4,0.6,0.6,0.3,140.0,154.4,0.625,8,190.33,1.0,3,1
1115807,2018-01-22,Pakistan,New Zealand,Westpac Stadium,1650.39,1640.51,9.88,0.8,0.6,0.8,0.6,153.0,167.2,0.5333,15,152.86,0.1429,7,0
1115808,2018-01-25,Pakistan,New Zealand,Eden Park,1633.94,1656.96,-23.03,0.8,0.8,0.7,0.7,139.2,158.6,0.5,16,171.0,0.6364,11,1
1115809,2018-01-28,Pakistan,New Zealand,Bay Oval,1651.0,1639.91,11.09,0.8,0.6,0.7,0.6,142.8,150.0,0.5294,17,203.5,1.0,4,1
1072316,2018-02-03,New Zealand,Australia,Sydney Cricket Ground,1624.42,1560.41,64.01,0.6,0.4,0.5,0.6,170.4,153.6,0.2,5,176.5,0.5,4,0
1072317,2018-02-07,England,Australia,Bellerive Oval,1550.32,1579.32,-29.0,0.4,0.6,0.4,0.6,155.4,139.2,0.4167,12,196.0,1.0,2,0
1072318,2018-02-10,England,Australia,Melbourne Cricket Ground,1535.65,1593.99,-58.34,0.4,0.8,0.4,0.6,161.0,136.8,0.3846,13,140.5,0.5,10,0
1072319,2018-02-13,New Zealand,England,Westpac Stadium,1605.5,1522.31,83.19,0.4,0.2,0.4,0.3,156.4,159.8,0.3077,13,146.88,0.125,8,1
1130746,2018-02-15,Bangladesh,Sri Lanka,"Shere Bangla National Stadium, Mirpur",1379.47,1432.23,-52.76,0.2,0.0,0.1,0.1,162.8,132.4,0.2857,7,153.14,0.5132,0,0
1072320,2018-02-16,New Zealand,Australia,Eden Park,1617.74,1607.33,10.41,0.4,0.8,0.5,0.7,147.0,127.0,0.1667,6,173.5,0.6667,12,0
1072321,2018-02-18,England,New Zealand,Seddon Park,1510.07,1601.26,-91.19,0.2,0.2,0.3,0.5,162.4,174.4,0.6429,14,169.57,0.4286,7,1
1122285,2018-02-18,India,South Africa,The Wanderers Stadium,1656.27,1564.96,91.31,0.8,0.6,0.7,0.6,160.4,179.4,0.6,10,153.46,0.5122,0,1
1130747,2018-02-18,Sri Lanka,Bangladesh,Sylhet International Cricket Stadium,1445.82,1365.88,79.94,0.2,0.2,0.2,0.1,146.4,168.0,0.75,8,153.55,0.5131,0,1
1072322,2018-02-21,New Zealand,Australia,Eden Park,1581.16,1623.81,-42.65,0.2,1.0,0.4,0.7,182.2,152.4,0.1429,7,178.85,0.6154,13,0
1122286,2018-02-21,India,South Africa,SuperSport Park,1668.16,1553.07,115.09,1.0,0.6,0.8,0.5,169.8,186.0,0.6364,11,170.5,0.8333,6,0
1122287,2018-02-24,India,South Africa,Newlands,1647.05,1574.18,72.86,0.8,0.6,0.7,0.5,194.0,189.0,0.5833,12,148.93,0.2,15,1
1133817,2018-03-06,India,Sri Lanka,"R.Premadasa Stadium, Khettarama",1659.74,1458.2,201.54,0.8,0.4,0.7,0.2,192.4,159.6,0.7143,14,170.0,0.0,1,0
1133818,2018-03-08,Bangladesh,India,"R.Premadasa Stadium, Khettarama",1353.5,1635.38,-281.88,0.2,0.6,0.1,0.7,164.0,175.2,0.0,5,172.0,0.0,2,0
1133819,2018-03-10,Sri Lanka,Bangladesh,"R.Premadasa Stadium, Khettarama",1482.57,1348.22,134.34,0.6,0.0,0.3,0.1,177.2,156.6,0.7778,9,161.0,0.0,3,0
1133820,2018-03-12,Sri Lanka,India,"R.Premadasa Stadium, Khettarama",1460.67,1640.65,-179.98,0.6,0.6,0.3,0.7,185.6,175.4,0.3333,15,174.25,0.0,4,0
1133821,2018-03-14,India,Bangladesh,"R.Premadasa Stadium, Khettarama",1649.03,1370.12,278.92,0.6,0.2,0.8,0.2,165.4,164.6,1.0,6,169.8,0.0,5,1
1133822,2018-03-16,Sri Lanka,Bangladesh,"R.Premadasa Stadium, Khettarama",1452.29,1364.77,87.52,0.6,0.2,0.3,0.2,189.0,168.2,0.7,10,170.83,0.1667,6,0
1133823,2018-03-18,Bangladesh,India,"R.Premadasa Stadium, Khettarama",1384.71,1654.38,-269.67,0.4,0.8,0.3,0.8,161.6,163.0,0.0,7,169.14,0.1429,7,0
1140069,2018-04-01,Pakistan,West Indies,National Stadium,1666.49,1576.64,89.85,0.8,0.4,0.8,0.3,158.4,151.6,0.7273,11,203.0,1.0,1,1
1140070,2018-04-02,Pakistan,West Indies,National Stadium,1678.44,1564.69,113.75,0.8,0.4,0.8,0.3,174.0,138.8,0.75,12,203.0,1.0,2,1
1140071,2018-04-03,West Indies,Pakistan,National Stadium,1553.74,1689.38,-135.63,0.2,0.8,0.3,0.8,124.6,179.0,0.2308,13,203.67,1.0,3,0
1141232,2018-05-31,West Indies,ICC World XI,Lord's,1543.69,1500.19,43.5,0.0,0.3333,0.3,0.3333,120.0,167.33,0.5,0,150.38,0.625,8,1
1127300,2018-06-12,Pakistan,Scotland,"Grange Cricket Club, Raeburn Place",1699.43,1489.79,209.64,1.0,0.8,0.9,0.6,188.8,132.4,1.0,1,154.2,0.51,0,1
1142501,2018-06-12,Netherlands,Ireland,Hazelaarweg,1520.8,1470.76,50.04,0.4,0.4,0.7,0.4,117.0,140.2,0.6,5,149.0,1.0,1,1
1127301,2018-06-13,Pakistan,Scotland,"Grange Cricket Club, Raeburn Place",1706.8,1482.42,224.38,1.0,0.6,0.9,0.5,189.4,148.0,1.0,2,204.0,1.0,1,1
1142502,2018-06-13,Ireland,Netherlands,Hazelaarweg,1457.05,1534.51,-77.46,0.4,0.6,0.4,0.7,137.4,116.8,0.3333,6,146.5,1.0,2,0
1142503,2018-06-16,Ireland,Scotland,Sportpark Het Schootsveld,1444.56,1475.53,-30.97,0.4,0.4,0.3,0.5,159.6,126.6,0.75,4,154.3,0.5118,0,1
1142505,2018-06-19,Netherlands,Scotland,VRA Ground,1547.0,1458.1,88.9,0.6,0.2,0.7,0.4,136.8,128.8,0.6,5,172.0,1.0,1,0
1142506,2018-06-20,Scotland,Netherlands,VRA Ground,1478.11,1527.0,-48.89,0.2,0.4,0.5,0.6,134.2,139.2,0.5,6,166.0,0.5,2,1
1119542,2018-06-27,England,Australia,Edgbaston,1530.18,1637.85,-107.67,0.2,1.0,0.3,0.7,165.0,152.2,0.3571,14,156.75,1.0,4,1
1140992,2018-06-27,India,Ireland,"The Village, Malahide",1659.97,1461.98,197.99,0.8,0.6,0.8,0.4,162.2,174.8,1.0,1,116.5,0.25,4,1
1140993,2018-06-29,India,Ireland,"The Village, Malahide",1667.73,1454.22,213.51,1.0,0.4,0.8,0.3,169.0,169.2,1.0,2,134.8,0.4,5,1
1142913,2018-07-01,Pakistan,Zimbabwe,Harare Sports Club,1713.7,1407.25,306.45,1.0,0.6,0.9,0.6,186.4,141.8,1.0,8,152.5,0.75,16,1
1142914,2018-07-02,Pakistan,Australia,Harare Sports Club,1718.38,1617.05,101.33,1.0,0.8,0.9,0.7,182.2,171.6,0.5385,13,154.24,0.7647,17,0
1119543,2018-07-03,England,India,Old Trafford,1550.99,1674.97,-123.99,0.4,1.0,0.4,0.8,178.2,183.6,0.5455,11,153.5,0.25,4,0
1142915,2018-07-03,Australia,Zimbabwe,Harare Sports Club,1637.59,1402.56,235.02,0.8,0.4,0.8,0.5,162.8,131.8,0.0,1,152.11,0.7222,18,1
1142916,2018-07-04,Zimbabwe,Pakistan,Harare Sports Club,1395.99,1697.84,-301.85,0.2,0.8,0.5,0.8,128.2,164.4,0.0,9,156.16,0.7368,19,0
1142917,2018-07-05,Pakistan,Australia,Harare Sports Club,1702.63,1644.16,58.47,0.8,0.8,0.9,0.8,166.2,181.0,0.5,14,156.45,0.7,20,1
1119544,2018-07-06,India,England,Sophia Gardens,1685.49,1540.46,145.03,1.0,0.4,0.8,0.4,185.6,179.0,0.5,12,144.5,0.5,4,0
1142918,2018-07-06,Zimbabwe,Australia,Harare Sports Club,1391.2,1630.83,-239.62,0.0,0.6,0.5,0.8,126.6,161.8,0.5,2,158.24,0.7143,21,0
1119545,2018-07-08,England,India,County Ground,1562.78,1663.18,-100.4,0.6,0.8,0.4,0.8,181.4,180.0,0.5385,13,151.33,0.3333,3,0
1142919,2018-07-08,Australia,Pakistan,Harare Sports Club,1637.26,1715.96,-78.7,0.6,0.8,0.8,0.9,168.4,164.2,0.4667,15,157.91,0.6818,22,0
1146723,2018-07-31,Bangladesh,West Indies,"Warner Park, Basseterre",1379.12,1557.7,-178.58,0.4,0.2,0.3,0.4,167.8,131.8,0.4,5,118.0,0.0,1,0
1146724,2018-08-04,Bangladesh,West Indies,Central Broward Regional Park Stadium Turf Ground,1370.69,1566.13,-195.44,0.4,0.4,0.2,0.4,168.6,125.6,0.3333,6,166.4,0.8,5,1
1146725,2018-08-05,Bangladesh,West Indies,Central Broward Regional Park Stadium Turf Ground,1394.85,1541.97,-147.13,0.4,0.4,0.3,0.4,159.8,145.4,0.4286,7,167.17,0.8333,6,1
1142589,2018-08-14,South Africa,Sri Lanka,"R.Premadasa Stadium, Khettarama",1561.49,1432.34,129.15,0.6,0.4,0.5,0.3,189.6,182.0,0.5556,9,168.75,0.125,8,0
1144149,2018-10-09,South Africa,Zimbabwe,Buffalo Park,1539.8,1384.77,155.04,0.4,0.0,0.5,0.4,170.2,137.0,1.0,3,165.0,0.0,1,1
1144150,2018-10-12,Zimbabwe,South Africa,Senwes Park,1375.47,1549.1,-173.63,0.0,0.4,0.3,0.5,135.2,157.4,0.0,4,224.0,1.0,1,0
1162727,2018-10-22,United Arab Emirates,Australia,Tolerance Oval,1475.31,1624.83,-149.52,0.6,0.6,0.5,0.7,127.0,166.4,0.5,0,155.07,0.5113,0,0
1157372,2018-10-24,Pakistan,Australia,Sheikh Zayed Stadium,1728.4,1634.34,94.06,0.8,0.6,0.9,0.7,168.4,166.8,0.5625,16,132.68,0.3636,22,1
1157373,2018-10-26,Pakistan,Australia,Dubai International Cricket Stadium,1740.17,1622.57,117.6,0.8,0.4,0.9,0.6,163.0,138.8,0.5882,17,141.47,0.5294,34,1
1140384,2018-10-27,England,Sri Lanka,"R.Premadasa Stadium, Khettarama",1551.28,1454.03,97.25,0.6,0.4,0.4,0.4,184.2,159.8,0.5,8,160.89,0.1111,9,1
1157374,2018-10-28,Pakistan,Australia,Dubai International Cricket Stadium,1750.95,1611.78,139.17,1.0,0.4,0.9,0.5,169.2,136.2,0.6111,18,141.63,0.5429,35,1
1157375,2018-10-31,Pakistan,New Zealand,Sheikh Zayed Stadium,1760.86,1567.11,193.75,1.0,0.2,0.9,0.4,166.6,179.6,0.5556,18,133.65,0.3913,23,1
1157376,2018-11-02,New Zealand,Pakistan,Dubai International Cricket Stadium,1559.21,1768.76,-209.55,0.2,1.0,0.3,0.9,185.4,157.4,0.4211,19,141.86,0.5556,36,0
1157377,2018-11-04,Pakistan,New Zealand,Dubai International Cricket Stadium,1776.14,1551.84,224.3,1.0,0.0,0.9,0.2,150.8,176.8,0.6,20,142.16,0.5405,37,1
1157759,2018-11-04,West Indies,India,Eden Gardens,1519.57,1674.68,-155.1,0.4,0.8,0.3,0.8,147.8,186.6,0.7143,7,147.8,0.4,5,0
1157760,2018-11-06,India,West Indies,Bharat Ratna Shri Atal Bihari Vajpayee Ekana Cricket Stadium,1683.98,1510.28,173.7,0.8,0.4,0.9,0.2,167.0,139.0,0.375,8,154.97,0.5137,0,1
1157761,2018-11-11,West Indies,India,"MA Chidambaram Stadium, Chepauk",1501.67,1692.58,-190.91,0.2,0.8,0.2,0.9,124.0,163.4,0.5556,9,167.0,1.0,1,0
1144989,2018-11-17,South Africa,Australia,Carrara Oval,1557.71,1601.87,-44.16,0.6,0.2,0.6,0.4,149.4,128.8,0.3529,17,155.08,0.5137,0,1
1144990,2018-11-21,Australia,India,"Brisbane Cricket Ground, Woolloongabba",1583.85,1700.58,-116.73,0.2,0.8,0.4,0.9,109.6,167.2,0.3333,15,185.67,0.6667,3,1
1144992,2018-11-25,Australia,India,Sydney Cricket Ground,1605.03,1679.4,-74.37,0.2,0.8,0.4,0.8,117.4,171.4,0.375,16,164.6,0.4,5,0
1153317,2018-12-17,Bangladesh,West Indies,Sylhet International Cricket Stadium,1417.24,1493.67,-76.43,0.6,0.0,0.4,0.2,164.8,141.6,0.5,8,210.0,1.0,1,0
1153318,2018-12-20,Bangladesh,West Indies,"Shere Bangla National Stadium, Mirpur",1404.71,1506.21,-101.5,0.4,0.2,0.4,0.3,158.6,135.8,0.4444,9,193.0,0.0,1,1
1153319,2018-12-22,Bangladesh,West Indies,"Shere Bangla National Stadium, Mirpur",1425.25,1485.66,-60.41,0.6,0.2,0.5,0.3,167.6,143.8,0.5,10,202.0,0.5,2,0
1153843,2019-01-11,New Zealand,Sri Lanka,Eden Park,1544.94,1442.39,102.54,0.0,0.2,0.1,0.4,152.0,156.2,0.5385,13,176.79,0.5714,14,1
1170457,2019-01-31,United Arab Emirates,Nepal,ICC Academy,1465.8,1409.69,56.1,0.6,0.0,0.4,0.125,134.2,91.0,0.5,0,156.6,1.0,5,1
1144161,2019-02-01,South Africa,Pakistan,Newlands,1575.73,1783.04,-207.3,0.6,1.0,0.6,0.9,133.2,153.0,0.5,10,150.38,0.25,16,1
1170458,2019-02-01,United Arab Emirates,Nepal,ICC Academy,1479.23,1396.25,82.98,0.8,0.0,0.4,0.1111,137.6,103.6,1.0,1,156.0,1.0,6,0
1144162,2019-02-03,South Africa,Pakistan,The Wanderers Stadium,1600.29,1758.48,-158.19,0.8,0.8,0.7,0.9,138.6,160.8,0.5455,11,203.0,1.0,1,1
1170459,2019-02-03,United Arab Emirates,Nepal,ICC Academy,1459.48,1416.0,43.48,0.6,0.2,0.4,0.2,137.4,99.6,0.5,2,149.0,0.8571,7,0
1144163,2019-02-06,South Africa,Pakistan,SuperSport Park,1623.11,1735.66,-112.55,1.0,0.6,0.7,0.8,156.6,167.0,0.5833,12,173.0,0.7143,7,0
1153696,2019-02-06,New Zealand,India,Westpac Stadium,1556.35,1692.02,-135.68,0.2,0.8,0.2,0.8,149.4,164.8,0.75,8,152.33,0.2222,9,1
1153697,2019-02-08,New Zealand,India,Eden Park,1578.3,1670.08,-91.78,0.4,0.6,0.3,0.7,163.2,170.6,0.7778,9,176.93,0.6,15,0
1153698,2019-02-10,New Zealand,India,Seddon Park,1566.43,1681.94,-115.52,0.4,0.6,0.3,0.7,165.6,164.0,0.7,10,172.62,0.5,8,1
1172505,2019-02-13,Netherlands,Scotland,Al Amerat Cricket Ground Oman Cricket (Ministry Turf 1),1508.76,1496.35,12.41,0.4,0.4,0.5,0.6,132.2,155.8,0.4286,7,155.34,0.5199,0,1
1172506,2019-02-13,Oman,Ireland,Al Amerat Cricket Ground Oman Cricket (Ministry Turf 1),1474.16,1446.98,27.17,0.4,0.2,0.4,0.3,118.0,141.0,1.0,1,153.0,0.0,1,0
1172507,2019-02-15,Oman,Netherlands,Al Amerat Cricket Ground Oman Cricket (Ministry Turf 1),1456.91,1524.19,-67.28,0.2,0.6,0.4,0.5,115.4,144.6,0.0,1,156.0,0.5,2,0
1172508,2019-02-15,Ireland,Scotland,Al Amerat Cricket Ground Oman Cricket (Ministry Turf 1),1464.23,1480.92,-16.69,0.4,0.4,0.4,0.5,144.8,155.2,0.8,5,159.33,0.3333,3,0
1172509,2019-02-17,Ireland,Netherlands,Al Amerat Cricket Ground Oman Cricket (Ministry Turf 1),1449.0,1537.13,-88.13,0.4,0.6,0.4,0.6,149.2,149.2,0.2857,7,164.5,0.25,4,1
1172510,2019-02-17,Oman,Scotland,Al Amerat Cricket Ground Oman Cricket (Ministry Turf 1),1443.97,1496.15,-52.18,0.2,0.6,0.3,0.5,135.6,175.0,0.0,1,168.0,0.2,5,0
1168247,2019-02-24,India,Australia,Dr. Y.S. Rajasekhara Reddy ACA-VDCA Cricket Stadium,1660.81,1592.4,68.41,0.4,0.2,0.6,0.3,169.2,132.4,0.6471,17,82.0,0.0,1,0
1168248,2019-02-27,India,Australia,M.Chinnaswamy Stadium,1641.7,1611.51,30.19,0.4,0.4,0.6,0.4,160.6,130.6,0.6111,18,155.33,0.5156,0,0
1158071,2019-03-05,West Indies,England,"Darren Sammy National Cricket Stadium, St Lucia",1498.91,1562.91,-64.0,0.4,0.6,0.4,0.4,160.0,182.8,0.7333,15,155.38,0.5148,0,0
1158072,2019-03-08,West Indies,England,"Warner Park, St Kitts",1485.82,1576.0,-90.18,0.4,0.6,0.3,0.5,167.2,170.8,0.6875,16,155.39,0.5139,0,0
1158073,2019-03-10,West Indies,England,"Warner Park, St Kitts",1473.89,1587.94,-114.05,0.4,0.8,0.2,0.6,140.0,175.4,0.6471,17,182.0,1.0,1,0
1177485,2019-03-16,United Arab Emirates,United States of America,ICC Academy,1441.49,1500.0,-58.51,0.4,0.5,0.4,0.5,119.4,155.3,0.5,0,143.38,0.875,8,1
1144173,2019-03-22,South Africa,Sri Lanka,SuperSport Park,1612.12,1430.98,181.14,0.8,0.2,0.6,0.4,152.8,142.2,0.5,10,172.38,0.75,8,1
1176792,2019-03-22,Papua New Guinea,Philippines,Amini Park,1469.44,1500.0,-30.56,0.2,0.5,0.4286,0.5,117.0,155.38,0.5,0,155.38,0.5154,0,1
1176793,2019-03-22,Papua New Guinea,Vanuatu,Amini Park,1486.85,1500.0,-13.15,0.4,0.5,0.5,0.5,142.4,155.48,0.5,0,216.0,1.0,1,1
1176794,2019-03-23,Philippines,Vanuatu,Amini Park,1482.6,1483.39,-0.8,0.0,0.0,0.0,0.0,83.0,124.0,0.5,0,170.0,0.5,2,0
1144174,2019-03-24,South Africa,Sri Lanka,The Wanderers Stadium,1620.46,1422.64,197.82,0.8,0.2,0.7,0.4,161.8,144.6,0.5455,11,195.5,1.0,2,1
1176796,2019-03-24,Philippines,Vanuatu,Amini Park,1466.63,1499.36,-32.72,0.0,0.5,0.0,0.5,88.0,140.0,0.0,1,165.33,0.6667,3,1
1176797,2019-03-24,Papua New Guinea,Vanuatu,Amini Park,1503.45,1481.86,21.6,0.4,0.3333,0.5556,0.3333,144.2,105.33,1.0,1,135.5,0.75,4,1
1152840,2019-05-05,England,Pakistan,Sophia Gardens,1598.87,1746.65,-147.79,0.8,0.6,0.7,0.8,160.0,171.0,0.6923,13,145.2,0.4,5,1
1184258,2019-05-20,Ghana,Namibia,Kyambogo Cricket Oval,1500.0,1500.0,0.0,0.5,0.5,0.5,0.5,155.19,155.19,0.5,0,155.19,0.5161,0,0
1184260,2019-05-20,Uganda,Botswana,Lugogo Cricket Oval,1500.0,1500.0,0.0,0.5,0.5,0.5,0.5,155.09,155.09,0.5,0,155.09,0.5152,0,1
1184261,2019-05-21,Ghana,Kenya,Kyambogo Cricket Oval,1484.0,1455.22,28.78,0.0,0.8,0.0,0.5,91.0,144.0,0.5,0,91.0,0.0,1,0
1184262,2019-05-21,Uganda,Namibia,Kyambogo Cricket Oval,1516.0,1516.0,0.0,1.0,1.0,1.0,1.0,142.0,92.0,0.5,0,116.0,0.5,2,0
1184263,2019-05-21,Botswana,Nigeria,Lugogo Cricket Oval,1484.0,1500.0,-16.0,0.0,0.5,0.0,0.5,90.0,155.06,0.5,0,142.0,1.0,1,0
1184900,2019-05-22,Ghana,Nigeria,Kyambogo Cricket Oval,1466.68,1515.26,-48.59,0.0,1.0,0.0,1.0,89.5,119.0,0.5,0,133.0,0.6667,3,0
1184901,2019-05-22,Botswana,Namibia,Kyambogo Cricket Oval,1468.74,1532.0,-63.26,0.0,1.0,0.0,1.0,99.0,129.5,0.5,0,133.5,0.75,4,0
1184902,2019-05-22,Uganda,Kenya,Lugogo Cricket Oval,1500.0,1472.55,27.45,0.5,0.8,0.5,0.6,133.5,137.0,0.5,0,130.5,1.0,2,0
1184266,2019-05-23,Uganda,Ghana,Kyambogo Cricket Oval,1482.74,1452.9,29.84,0.3333,0.0,0.3333,0.0,137.0,95.33,0.5,0,116.0,0.6,5,1
1178996,2019-05-25,Germany,Italy,Sportpark Maarschalkerweerd,1500.0,1500.0,0.0,0.5,0.5,0.5,0.5,154.72,154.72,0.5,0,154.72,0.5182,0,0
1185181,2019-06-15,Guernsey,Germany,King George V Sports Ground,1500.0,1484.0,16.0,0.5,0.0,0.5,0.0,154.68,130.0,0.5,0,154.68,0.5174,0,0
1185184,2019-06-16,Denmark,Jersey,King George V Sports Ground,1500.0,1500.0,0.0,0.5,0.5,0.5,0.5,154.62,154.62,0.5,0,117.0,0.0,1,0
1185185,2019-06-16,Guernsey,Italy,College Field,1483.26,1516.0,-32.74,0.0,1.0,0.0,1.0,117.0,135.0,0.5,0,154.58,0.5174,0,0
1185186,2019-06-16,Jersey,Norway,King George V Sports Ground,1516.0,1500.0,16.0,1.0,0.5,1.0,0.5,131.0,154.53,0.5,0,124.0,0.5,2,1
1185182,2019-06-17,Denmark,Norway,King George V Sports Ground,1484.0,1484.74,-0.74,0.0,0.0,0.0,0.0,113.0,80.0,0.5,0,136.0,0.6667,3,1
1185191,2019-06-19,Guernsey,Norway,King George V Sports Ground,1468.77,1468.7,0.06,0.0,0.0,0.0,0.0,113.5,87.5,0.5,0,137.25,0.75,4,1
1185192,2019-06-19,Italy,Jersey,College Field,1530.5,1531.26,-0.77,1.0,1.0,1.0,1.0,128.0,145.5,0.5,0,121.0,1.0,1,0
1185193,2019-06-19,Denmark,Germany,King George V Sports Ground,1500.03,1500.74,-0.7,0.5,0.5,0.5,0.5,127.0,124.5,0.5,0,128.8,0.6,5,0
1185188,2019-06-20,Germany,Norway,College Field,1516.7,1452.71,64.0,0.6667,0.0,0.6667,0.0,119.67,90.0,0.5,0,135.0,1.0,2,1
1185190,2019-06-20,Germany,Jersey,College Field,1529.79,1547.23,-17.44,0.75,1.0,0.75,1.0,115.0,146.67,0.5,0,123.0,0.6667,3,1
1189743,2019-06-20,Guernsey,Denmark,King George V Sports Ground,1484.76,1484.07,0.7,0.3333,0.3333,0.3333,0.3333,107.67,121.0,0.5,0,125.5,0.5,6,1
1189744,2019-06-20,Denmark,Italy,King George V Sports Ground,1468.1,1514.53,-46.43,0.25,0.6667,0.25,0.6667,118.75,110.67,0.5,0,124.43,0.5714,7,1
1188379,2019-06-23,Netherlands,Zimbabwe,Hazelaarweg,1517.15,1366.86,150.29,0.4,0.0,0.5,0.2,153.8,140.0,0.0,1,150.33,0.6667,3,1
1186488,2019-06-24,Malaysia,Thailand,Kinrara Academy Oval,1500.0,1500.0,0.0,0.5,0.5,0.5,0.5,154.24,154.24,0.5,0,154.24,0.5194,0,1
1186490,2019-06-26,Maldives,Thailand,Kinrara Academy Oval,1500.0,1484.0,16.0,0.5,0.0,0.5,0.0,154.18,113.0,0.5,0,113.0,0.0,1,1
1186491,2019-06-27,Malaysia,Thailand,Kinrara Academy Oval,1516.0,1468.74,47.26,1.0,0.0,1.0,0.0,114.0,121.5,1.0,1,121.5,0.0,2,1
1186493,2019-06-29,Maldives,Thailand,Kinrara Academy Oval,1515.26,1454.9,60.36,1.0,0.0,1.0,0.0,131.0,123.33,1.0,1,123.33,0.0,3,0
1168521,2019-07-12,Ireland,Zimbabwe,"Bready Cricket Club, Magheramason",1468.97,1357.38,111.59,0.4,0.0,0.5,0.1,144.8,144.2,1.0,1,167.5,0.5,2,1
1192223,2019-07-13,Malaysia,Nepal,Kinrara Academy Oval,1529.84,1434.0,95.84,1.0,0.4,1.0,0.2,121.5,109.8,0.5,0,130.75,0.0,4,0
1168522,2019-07-14,Ireland,Zimbabwe,Bready,1480.0,1346.35,133.65,0.6,0.0,0.5,0.0,145.2,138.2,1.0,2,154.02,0.5146,0,0
1192224,2019-07-14,Malaysia,Nepal,Kinrara Academy Oval,1509.53,1454.3,55.23,0.6667,0.6,0.6667,0.3,123.67,113.8,0.0,1,130.2,0.0,5,0
1190767,2019-07-22,Singapore,Qatar,Indian Association Ground,1500.0,1500.0,0.0,0.5,0.5,0.5,0.5,154.08,154.08,0.5,0,154.08,0.5145,0,1
1190768,2019-07-22,Kuwait,Malaysia,Indian Association Ground,1500.0,1491.01,8.99,0.5,0.5,0.5,0.5,154.13,134.5,0.5,0,186.0,1.0,1,0
1190769,2019-07-23,Nepal,Qatar,Indian Association Ground,1472.82,1484.0,-11.18,0.8,0.0,0.4,0.0,129.8,153.0,0.5,0,174.0,1.0,2,0
1190771,2019-07-24,Malaysia,Nepal,Indian Association Ground,1507.42,1457.34,50.09,0.6,0.8,0.6,0.4,140.0,127.8,0.0,2,156.67,0.6667,3,0
1190772,2019-07-26,Kuwait,Qatar,Indian Association Ground,1483.59,1499.49,-15.9,0.0,0.5,0.0,0.5,120.0,138.5,0.5,0,138.25,0.5,4,1
1190773,2019-07-26,Singapore,Malaysia,Indian Association Ground,1516.0,1489.13,26.87,1.0,0.4,1.0,0.5,186.0,133.8,0.5,0,150.0,0.6,5,1
1190774,2019-07-27,Kuwait,Nepal,Indian Association Ground,1500.32,1475.63,24.69,0.5,0.8,0.5,0.5,158.5,122.8,0.5,0,140.33,0.5,6,0
1190775,2019-07-27,Malaysia,Qatar,Indian Association Ground,1474.37,1482.75,-8.39,0.2,0.3333,0.4286,0.3333,126.4,154.67,0.5,0,140.43,0.4286,7,0
1190776,2019-07-28,Singapore,Nepal,Indian Association Ground,1530.77,1492.76,38.0,1.0,0.8,1.0,0.6,141.0,130.6,0.5,0,140.88,0.375,8,1
1188621,2019-08-03,India,West Indies,Central Broward Regional Park Stadium Turf Ground,1624.32,1462.96,161.36,0.2,0.2,0.5,0.2,165.0,128.2,0.5,10,169.57,0.8571,7,1
1188622,2019-08-04,India,West Indies,Central Broward Regional Park Stadium Turf Ground,1633.38,1453.9,179.48,0.4,0.2,0.5,0.2,156.8,112.2,0.5455,11,160.25,0.75,8,1
1191006,2019-08-05,Netherlands,United Arab Emirates,VRA Ground,1526.63,1460.16,66.47,0.6,0.4,0.5,0.5,161.6,129.8,1.0,3,184.33,0.6667,3,0
1188623,2019-08-06,West Indies,India,"Providence Stadium, Guyana",1445.5,1641.78,-196.28,0.0,0.4,0.2,0.5,93.8,157.8,0.4167,12,153.88,0.5128,0,0
1191008,2019-08-08,Netherlands,United Arab Emirates,Sportpark Westvliet,1507.61,1479.19,28.42,0.6,0.6,0.5,0.6,167.6,134.4,0.75,4,136.0,0.0,2,0
1197396,2019-08-18,Bermuda,United States of America,"White Hill Field, Sandys Parish",1483.36,1481.33,2.03,0.0,0.0,0.0,0.0,99.0,158.0,0.5,0,153.86,0.5112,0,1
1197397,2019-08-18,Canada,Cayman Islands,"White Hill Field, Sandys Parish",1394.76,1500.0,-105.24,0.2,0.5,0.1111,0.5,134.4,153.84,0.5,0,141.0,1.0,1,1
1197399,2019-08-19,Cayman Islands,United States of America,National Stadium,1479.3,1465.42,13.87,0.0,0.0,0.0,0.0,112.0,146.5,0.5,0,191.0,0.75,4,0
1197507,2019-08-19,Namibia,Botswana,United Cricket Club Ground,1545.12,1455.62,89.5,1.0,0.0,1.0,0.0,103.0,81.33,1.0,1,153.78,0.5119,0,1
1197508,2019-08-20,Namibia,Botswana,United Cricket Club Ground,1557.09,1443.65,113.43,1.0,0.0,1.0,0.0,125.5,86.0,1.0,2,193.0,1.0,1,1
1197400,2019-08-21,Bermuda,Cayman Islands,"White Hill Field, Sandys Parish",1499.27,1462.66,36.61,0.5,0.0,0.5,0.0,120.0,90.0,0.5,0,168.5,1.0,2,1
1197401,2019-08-21,Canada,United States of America,"White Hill Field, Sandys Parish",1415.46,1482.06,-66.6,0.4,0.3333,0.2,0.3333,146.6,117.67,0.5,0,151.0,0.6667,3,1
1197402,2019-08-22,Canada,Cayman Islands,"White Hill Field, Sandys Parish",1434.49,1448.34,-13.85,0.4,0.0,0.3,0.0,150.0,98.67,1.0,1,149.25,0.5,4,1
1197403,2019-08-22,United States of America,Bermuda,Bermuda National Stadium,1463.03,1513.59,-50.55,0.25,0.6667,0.25,0.6667,124.25,119.0,0.0,1,153.8,0.5111,0,0
1197509,2019-08-22,Namibia,Botswana,United Cricket Club Ground,1568.04,1432.7,135.34,1.0,0.0,1.0,0.0,148.4,92.0,1.0,3,216.5,1.0,2,1
1197510,2019-08-23,Namibia,Botswana,United Cricket Club Ground,1578.1,1422.63,155.47,1.0,0.0,1.0,0.0,164.8,93.2,1.0,4,202.33,1.0,3,1
1197404,2019-08-24,Cayman Islands,United States of America,"White Hill Field, Sandys Parish",1431.7,1449.34,-17.64,0.0,0.2,0.0,0.2,96.75,127.6,0.0,1,137.6,0.4,5,0
1197406,2019-08-25,Canada,United States of America,"White Hill Field, Sandys Parish",1451.13,1464.53,-13.4,0.6,0.4,0.4,0.3333,145.4,110.0,1.0,1,125.67,0.3333,6,1
1197407,2019-08-25,Bermuda,Cayman Islands,"White Hill Field, Sandys Parish",1527.28,1416.51,110.76,0.75,0.0,0.75,0.0,124.75,90.6,1.0,1,132.43,0.4286,7,1
1192875,2019-09-01,Sri Lanka,New Zealand,Pallekele International Cricket Stadium,1414.88,1587.56,-172.68,0.2,0.6,0.3,0.3,140.2,177.4,0.4286,14,178.29,0.7143,14,0
1192876,2019-09-03,Sri Lanka,New Zealand,Pallekele International Cricket Stadium,1406.24,1596.2,-189.97,0.0,0.8,0.2,0.4,155.2,188.6,0.4,15,178.0,0.6667,15,0
1192877,2019-09-06,Sri Lanka,New Zealand,Pallekele International Cricket Stadium,1398.21,1604.23,-206.03,0.0,0.8,0.1,0.5,156.0,185.8,0.375,16,176.94,0.625,16,1
1197140,2019-09-13,Bangladesh,Zimbabwe,"Shere Bangla National Stadium, Mirpur",1412.01,1368.22,43.79,0.6,0.2,0.5,0.1,167.0,142.4,0.5,8,198.0,0.6667,3,1
1200425,2019-09-16,Netherlands,Scotland,"The Village, Malahide",1490.3,1509.76,-19.46,0.4,0.8,0.5,0.5,166.8,166.2,0.5,8,147.83,0.5,6,0
1200426,2019-09-17,Ireland,Scotland,"The Village, Malahide",1458.13,1524.87,-66.74,0.6,0.8,0.4,0.5,165.4,184.4,0.6667,6,162.71,0.5714,7,1
1187005,2019-09-18,India,South Africa,"Punjab Cricket Association IS Bindra Stadium, Mohali",1649.59,1628.22,21.37,0.6,0.8,0.5,0.7,146.2,179.8,0.6154,13,177.67,0.6667,3,1
1197143,2019-09-18,Bangladesh,Zimbabwe,Zahur Ahmed Chowdhury Stadium,1426.0,1354.22,71.78,0.6,0.2,0.5,0.1,162.4,146.0,0.5556,9,143.33,0.5333,15,1
1200427,2019-09-18,Ireland,Netherlands,"The Village, Malahide",1477.17,1475.2,1.97,0.6,0.2,0.5,0.4,172.4,172.2,0.375,8,166.5,0.5,8,0
1200428,2019-09-19,Netherlands,Scotland,"The Village, Malahide",1491.29,1505.83,-14.54,0.4,0.6,0.4,0.5,172.4,178.8,0.4444,9,168.11,0.4444,9,0
1187006,2019-09-22,India,South Africa,M.Chinnaswamy Stadium,1664.61,1613.2,51.4,0.8,0.6,0.6,0.7,151.2,171.2,0.6429,14,190.0,0.0,1,0
1201680,2019-09-27,Nepal,Zimbabwe,Indian Association Ground,1478.51,1341.48,137.02,0.6,0.2,0.6,0.1,126.6,146.8,0.5,0,146.44,0.4444,9,0
1201681,2019-09-28,Singapore,Nepal,Indian Association Ground,1545.02,1456.5,88.52,1.0,0.4,1.0,0.6,157.67,118.4,1.0,1,145.0,0.4,10,0
1201682,2019-09-29,Singapore,Zimbabwe,Indian Association Ground,1525.03,1363.48,161.55,0.75,0.4,0.75,0.2,156.0,143.4,0.5,0,145.55,0.3636,11,1
1202007,2019-09-29,Malaysia,Vanuatu,Kinrara Academy Oval,1458.75,1466.85,-8.09,0.2,0.25,0.375,0.25,129.6,93.0,0.5,0,137.33,0.1667,6,0
1201683,2019-10-01,Nepal,Zimbabwe,Indian Association Ground,1476.49,1354.43,122.06,0.6,0.4,0.7,0.2,124.8,152.4,0.0,1,148.5,0.4167,12,0
1202008,2019-10-01,Malaysia,Vanuatu,Kinrara Academy Oval,1443.13,1482.48,-39.35,0.2,0.4,0.3333,0.4,123.0,104.6,0.0,1,139.29,0.2857,7,0
1202009,2019-10-02,Malaysia,Vanuatu,Kinrara Academy Oval,1428.93,1496.67,-67.74,0.0,0.6,0.3,0.5,118.0,117.4,0.0,2,145.38,0.375,8,1
1201685,2019-10-03,Singapore,Zimbabwe,Indian Association Ground,1534.09,1375.83,158.25,0.8,0.4,0.8,0.3,161.0,150.0,1.0,1,149.38,0.4615,13,0
1202010,2019-10-03,Malaysia,Vanuatu,Kinrara Academy Oval,1448.01,1477.59,-29.58,0.2,0.4,0.3,0.4286,128.2,107.8,0.3333,3,144.11,0.4444,9,0
1202011,2019-10-04,Malaysia,Vanuatu,Kinrara Academy Oval,1433.37,1492.23,-58.86,0.2,0.6,0.2,0.5,138.6,129.6,0.25,4,144.1,0.4,10,1
1197521,2019-10-05,Ireland,Netherlands,Al Amerat Cricket Ground Oman Cricket (Ministry Turf 1),1461.08,1475.96,-14.88,0.6,0.2,0.5,0.4,172.6,157.2,0.3333,9,158.5,0.1667,6,1
1198489,2019-10-05,Pakistan,Sri Lanka,Gaddafi Stadium,1724.23,1422.72,301.51,0.4,0.2,0.7,0.2,174.8,152.2,0.7222,18,180.17,0.5,6,0
1197522,2019-10-06,Oman,Ireland,Al Amerat Cricket Ground Oman Cricket (Ministry Turf 1),1430.35,1477.76,-47.41,0.2,0.6,0.3,0.5,128.6,169.8,0.5,2,159.71,0.1429,7,1
1197523,2019-10-06,Hong Kong,Nepal,Al Amerat Cricket Ground Oman Cricket (Ministry Turf 1),1438.08,1455.09,-17.01,0.4,0.4,0.3,0.6,146.2,131.6,0.6667,3,161.38,0.25,8,0
1197524,2019-10-07,Nepal,Netherlands,Al Amerat Cricket Ground Oman Cricket (Ministry Turf 1),1470.31,1459.27,11.04,0.4,0.2,0.6,0.4,128.2,163.4,0.0,2,157.33,0.2222,9,1
1197525,2019-10-07,Hong Kong,Ireland,Al Amerat Cricket Ground Oman Cricket (Ministry Turf 1),1422.86,1459.59,-36.73,0.4,0.4,0.2,0.5,145.8,169.0,1.0,2,154.9,0.2,10,0
1198490,2019-10-07,Pakistan,Sri Lanka,Gaddafi Stadium,1697.03,1449.92,247.1,0.2,0.4,0.6,0.3,161.8,152.4,0.6842,19,178.0,0.5714,7,0
1197526,2019-10-09,Ireland,Nepal,Al Amerat Cricket Ground Oman Cricket (Ministry Turf 1),1473.91,1485.8,-11.89,0.6,0.6,0.6,0.6,176.4,133.2,1.0,1,159.73,0.2727,11,1
1197527,2019-10-09,Oman,Netherlands,Al Amerat Cricket Ground Oman Cricket (Ministry Turf 1),1448.52,1443.78,4.74,0.2,0.2,0.3,0.3,145.4,160.0,0.0,2,158.5,0.3333,12,1
1198491,2019-10-09,Pakistan,Sri Lanka,Gaddafi Stadium,1671.24,1475.71,195.54,0.2,0.6,0.5,0.4,154.0,161.4,0.65,20,178.5,0.625,8,0
1197528,2019-10-10,Hong Kong,Netherlands,Al Amerat Cricket Ground Oman Cricket (Ministry Turf 1),1408.55,1428.0,-19.45,0.2,0.2,0.2,0.2,140.4,140.0,1.0,1,153.54,0.3077,13,0
1197529,2019-10-10,Oman,Nepal,Al Amerat Cricket Ground Oman Cricket (Ministry Turf 1),1464.3,1469.26,-4.95,0.4,0.6,0.4,0.5,137.8,133.2,0.5,0,155.79,0.3571,14,1
1199499,2019-10-18,Scotland,Singapore,ICC Academy,1521.16,1511.26,9.9,0.8,0.6,0.6,0.6667,173.4,157.2,0.5,0,147.67,0.8889,9,0
1199500,2019-10-18,Hong Kong,Ireland,Sheikh Zayed Stadium,1393.44,1490.46,-97.01,0.2,0.6,0.2,0.6,137.0,166.6,0.6667,3,134.25,0.4167,24,0
1199501,2019-10-18,Kenya,Netherlands,ICC Academy,1489.81,1443.11,46.7,0.8,0.2,0.7,0.3,143.2,140.4,0.6667,3,149.7,0.9,10,0
1199502,2019-10-18,United Arab Emirates,Oman,Sheikh Zayed Stadium,1496.49,1480.53,15.96,0.6,0.6,0.7,0.4,134.4,122.0,1.0,2,135.0,0.4,25,0
1199503,2019-10-19,Bermuda,Papua New Guinea,ICC Academy,1538.34,1518.46,19.88,0.8,0.6,0.8,0.6,122.8,135.8,0.5,0,151.18,0.9091,11,0
1199504,2019-10-19,Jersey,Nigeria,Sheikh Zayed Stadium,1530.43,1529.04,1.39,0.75,1.0,0.75,1.0,143.5,127.0,0.5,0,133.96,0.3846,26,1
1199505,2019-10-19,Namibia,Netherlands,ICC Academy,1587.39,1461.24,126.14,1.0,0.4,1.0,0.3,148.6,149.0,0.5,0,146.0,0.8333,12,0
1199506,2019-10-19,Kenya,Scotland,ICC Academy Ground No 2,1471.67,1504.71,-33.04,0.6,0.6,0.7,0.6,133.8,170.4,1.0,1,153.66,0.509,0,0
1199507,2019-10-19,United Arab Emirates,Ireland,Sheikh Zayed Stadium,1479.76,1502.1,-22.34,0.6,0.8,0.6,0.7,134.6,161.4,0.25,4,135.81,0.4074,27,1
1199508,2019-10-20,Namibia,Papua New Guinea,ICC Academy Ground No 2,1565.82,1535.37,30.45,0.8,0.8,0.875,0.6,157.8,123.8,0.5,0,170.0,1.0,1,0
1199509,2019-10-20,Canada,Jersey,Tolerance Oval,1467.75,1546.36,-78.62,0.8,0.8,0.5,0.8,146.8,151.6,0.5,0,117.0,0.0,1,1
1199510,2019-10-20,Bermuda,Singapore,ICC Academy Ground No 2,1521.43,1527.72,-6.29,0.8,0.6,0.6667,0.7143,120.8,171.6,0.5,0,183.5,1.0,2,0
1199511,2019-10-20,Hong Kong,Oman,Sheikh Zayed Stadium,1381.8,1497.27,-115.47,0.2,0.8,0.2,0.5,150.2,110.6,0.2,5,135.43,0.3929,28,0
1199512,2019-10-21,Papua New Guinea,Scotland,ICC Academy,1552.77,1519.19,33.58,1.0,0.6,0.6,0.7,137.6,181.4,0.5,0,145.54,0.8462,13,0
1199513,2019-10-21,United Arab Emirates,Hong Kong,Sheikh Zayed Stadium,1496.79,1370.93,125.86,0.8,0.0,0.6,0.2,142.4,134.0,1.0,1,134.28,0.3793,29,1
1199514,2019-10-21,Ireland,Oman,Tolerance Oval,1485.07,1508.14,-23.06,0.6,1.0,0.6,0.6,152.6,109.6,0.3333,3,146.5,0.5,2,1
1199515,2019-10-21,Bermuda,Kenya,ICC Academy,1505.72,1457.19,48.53,0.6,0.6,0.5714,0.7,122.4,141.4,0.5,0,145.57,0.8571,14,0
1199516,2019-10-21,Canada,Nigeria,Sheikh Zayed Stadium,1487.31,1513.1,-25.8,1.0,0.6667,0.6,0.6667,157.0,123.0,0.5,0,133.67,0.3667,30,1
1199517,2019-10-22,Namibia,Scotland,ICC Academy,1548.42,1536.73,11.69,0.6,0.6,0.7778,0.7,142.4,160.2,0.5,0,145.07,0.8667,15,1
1199518,2019-10-22,Netherlands,Singapore,ICC Academy,1482.81,1543.43,-60.62,0.6,0.6,0.4,0.75,143.6,163.8,0.5,0,145.94,0.875,16,1
1199519,2019-10-22,United Arab Emirates,Jersey,Tolerance Oval,1507.23,1526.8,-19.57,0.8,0.6,0.6,0.6667,129.6,150.0,0.5,0,158.67,0.6667,3,0
1199520,2019-10-23,Bermuda,Namibia,ICC Academy Ground No 2,1487.5,1563.88,-76.39,0.4,0.6,0.5,0.8,117.6,126.2,0.5,0,172.0,0.6667,3,0
1199521,2019-10-23,Nigeria,Oman,Tolerance Oval,1495.92,1491.08,4.84,0.5,0.8,0.5,0.5,119.5,104.6,0.5,0,155.75,0.75,4,0
1199522,2019-10-23,Kenya,Singapore,ICC Academy Ground No 2,1475.41,1524.67,-49.26,0.6,0.6,0.7,0.6667,139.8,153.8,0.5,0,155.5,0.5,4,1
1199523,2019-10-23,Canada,Ireland,Sheikh Zayed Stadium,1504.49,1502.13,2.36,1.0,0.8,0.7,0.6,149.6,163.2,0.0,2,134.48,0.3871,31,1
1199524,2019-10-23,Hong Kong,Jersey,Sheikh Zayed Stadium,1360.48,1541.9,-181.42,0.0,0.6,0.2,0.7143,132.2,147.4,0.5,0,135.16,0.4062,32,1
1199525,2019-10-24,Netherlands,Papua New Guinea,ICC Academy,1501.57,1535.23,-33.66,0.8,0.8,0.5,0.6,137.8,122.8,0.5,0,143.29,0.8235,17,0
1199526,2019-10-24,United Arab Emirates,Nigeria,Tolerance Oval,1492.13,1479.7,12.43,0.6,0.4,0.6,0.4,124.0,109.8,0.5,0,138.8,0.6,5,1
1199527,2019-10-24,Canada,Hong Kong,Tolerance Oval,1520.38,1384.15,136.23,1.0,0.2,0.7,0.2,151.8,132.6,0.5,0,134.17,0.5,6,0
1199528,2019-10-24,Bermuda,Scotland,Dubai International Cricket Stadium,1474.96,1521.27,-46.31,0.2,0.6,0.4444,0.6,110.4,148.6,0.0,1,142.79,0.5526,38,0
1199529,2019-10-25,Papua New Guinea,Singapore,Dubai International Cricket Stadium,1549.68,1506.41,43.27,0.8,0.4,0.6,0.6,123.2,149.0,0.5,0,144.36,0.5641,39,1
1199530,2019-10-25,Ireland,Jersey,Tolerance Oval,1486.24,1518.23,-31.99,0.6,0.4,0.6,0.625,150.8,144.8,0.5,0,136.43,0.5714,7,1
1199531,2019-10-25,Kenya,Namibia,Dubai International Cricket Stadium,1493.66,1576.42,-82.76,0.6,0.6,0.7,0.8,143.4,113.6,0.5,0,145.25,0.575,40,0
1199532,2019-10-25,Canada,Oman,Sheikh Zayed Stadium,1498.41,1507.3,-8.89,0.8,0.8,0.7,0.6,156.4,100.0,0.5,0,135.42,0.4242,33,0
1201668,2019-10-25,Spain,Portugal,La Manga Club Bottom Ground,1500.0,1500.0,0.0,0.5,0.5,0.5,0.5,153.33,153.33,0.5,0,153.33,0.5107,0,1
1199533,2019-10-26,Ireland,Nigeria,Sheikh Zayed Stadium,1503.71,1464.27,39.44,0.6,0.2,0.6,0.3333,143.8,108.2,0.5,0,135.68,0.4118,34,1
1199534,2019-10-26,Bermuda,Netherlands,Dubai International Cricket Stadium,1461.08,1487.12,-26.04,0.0,0.8,0.4,0.5,119.0,144.2,0.5,0,146.12,0.5854,41,0
1199535,2019-10-26,Namibia,Singapore,Dubai International Cricket Stadium,1588.68,1492.39,96.29,0.6,0.4,0.8,0.5,132.6,143.0,0.5,0,147.55,0.5952,42,1
1201669,2019-10-26,Gibraltar,Portugal,La Manga Club Bottom Ground,1500.0,1484.0,16.0,0.5,0.0,0.5,0.0,153.25,87.0,0.5,0,87.0,0.0,1,0
1201670,2019-10-26,Spain,Gibraltar,La Manga Club Bottom Ground,1516.0,1483.26,32.74,1.0,0.0,1.0,0.0,89.0,113.0,0.5,0,100.0,0.0,2,1
1201671,2019-10-26,Spain,Portugal,La Manga Club Bottom Ground,1530.5,1500.74,29.76,1.0,0.5,1.0,0.5,94.0,101.5,1.0,1,99.33,0.0,3,1
1183524,2019-10-27,Australia,Sri Lanka,Adelaide Oval,1628.9,1499.87,129.03,0.6,0.8,0.4,0.4,146.0,156.0,0.3846,13,169.0,0.5,4,1
1199536,2019-10-27,Kenya,Papua New Guinea,Dubai International Cricket Stadium,1481.4,1563.7,-82.3,0.4,0.8,0.6,0.7,133.2,147.2,0.5,0,148.56,0.6047,43,0
1199537,2019-10-27,Hong Kong,Nigeria,Tolerance Oval,1406.12,1450.08,-43.95,0.4,0.0,0.3,0.2857,133.0,94.4,0.5,0,132.5,0.5,8,1
1199538,2019-10-27,Jersey,Oman,Sheikh Zayed Stadium,1500.76,1522.89,-22.13,0.4,0.8,0.5556,0.7,139.0,116.0,0.5,0,133.69,0.4,35,1
1199539,2019-10-27,Netherlands,Scotland,Dubai International Cricket Stadium,1501.92,1535.15,-33.23,0.8,0.6,0.5,0.7,148.4,164.2,0.4,10,147.86,0.6136,44,1
1199540,2019-10-27,United Arab Emirates,Canada,Sheikh Zayed Stadium,1507.56,1482.82,24.74,0.6,0.6,0.6,0.7,115.8,150.6,0.5,0,133.89,0.4167,36,1
1201673,2019-10-27,Spain,Gibraltar,La Manga Club Bottom Ground,1545.13,1468.77,76.36,1.0,0.0,1.0,0.0,110.33,105.5,1.0,1,110.25,0.25,4,1
1199541,2019-10-29,United Arab Emirates,Netherlands,Dubai International Cricket Stadium,1522.42,1519.45,2.97,0.8,0.8,0.7,0.6,125.0,141.4,0.4,5,147.47,0.6,45,0
1199542,2019-10-29,Namibia,Oman,Dubai International Cricket Stadium,1600.36,1505.87,94.48,0.8,0.6,0.8,0.7,151.6,119.6,0.5,0,146.0,0.587,46,1
1183525,2019-10-30,Australia,Sri Lanka,"Brisbane Cricket Ground, Woolloongabba",1639.22,1489.55,149.67,0.8,0.8,0.5,0.4,175.2,143.6,0.4286,14,178.75,0.75,4,1
1199543,2019-10-30,United Arab Emirates,Scotland,Dubai International Cricket Stadium,1506.28,1517.63,-11.34,0.6,0.6,0.7,0.6,115.2,157.0,0.5,2,146.32,0.5957,47,0
1199544,2019-10-30,Hong Kong,Oman,Dubai International Cricket Stadium,1424.14,1494.12,-69.98,0.6,0.4,0.4,0.7,118.8,119.8,0.1667,6,147.4,0.6042,48,0
1199545,2019-10-31,Oman,Scotland,ICC Academy,1506.94,1533.1,-26.16,0.6,0.6,0.7,0.6,117.0,162.6,0.0,2,142.33,0.7778,18,0
1183526,2019-11-01,Australia,Sri Lanka,Melbourne Cricket Ground,1648.72,1480.05,168.67,0.8,0.6,0.5,0.4,167.2,142.0,0.4667,15,140.18,0.4545,11,1
1187665,2019-11-01,New Zealand,England,Hagley Oval,1579.72,1621.29,-41.57,0.6,1.0,0.5,0.8,159.6,155.4,0.3333,15,152.86,0.5098,0,0
1199546,2019-11-01,Ireland,Netherlands,Dubai International Cricket Stadium,1517.9,1535.58,-17.68,0.6,0.8,0.7,0.7,126.2,129.6,0.4,10,147.12,0.6122,49,0
1199547,2019-11-01,Namibia,Papua New Guinea,Dubai International Cricket Stadium,1612.11,1575.98,36.13,1.0,0.8,0.8,0.8,160.6,152.8,0.0,1,147.34,0.62,50,0
1199548,2019-11-02,Ireland,Namibia,Dubai International Cricket Stadium,1502.72,1594.45,-91.74,0.6,0.8,0.6,0.7,128.6,151.2,0.5,0,147.0,0.6275,51,1
1199549,2019-11-02,Netherlands,Papua New Guinea,Dubai International Cricket Stadium,1550.77,1593.64,-42.87,0.8,0.8,0.8,0.9,140.4,139.4,0.0,1,146.77,0.6346,52,1
1187013,2019-11-03,India,Bangladesh,Arun Jaitley Stadium,1646.26,1438.74,207.51,0.8,0.6,0.5,0.6,140.0,160.6,1.0,8,202.0,1.0,1,0
1187666,2019-11-03,New Zealand,England,Westpac Stadium,1565.63,1635.38,-69.76,0.6,1.0,0.5,0.8,158.6,148.8,0.3125,16,159.0,0.3,10,1
1183528,2019-11-05,Australia,Pakistan,Manuka Oval,1657.51,1647.08,10.43,1.0,0.2,0.6,0.4,163.4,144.6,0.3684,19,152.8,0.5103,0,1
1187667,2019-11-05,New Zealand,England,Saxton Oval,1584.8,1616.21,-31.42,0.6,0.8,0.6,0.7,151.4,147.6,0.3529,17,187.0,1.0,1,1
1187014,2019-11-07,India,Bangladesh,Saurashtra Cricket Association Stadium,1621.7,1463.31,158.39,0.6,0.8,0.5,0.6,150.0,165.6,0.8889,9,198.5,0.5,2,1
1183529,2019-11-08,Australia,Pakistan,Perth Stadium,1673.03,1631.56,41.47,1.0,0.0,0.7,0.3,168.2,141.0,0.4,20,152.83,0.5096,0,1
1187668,2019-11-08,New Zealand,England,McLean Park,1602.24,1598.77,3.47,0.6,0.6,0.7,0.7,152.4,144.4,0.3889,18,141.0,0.0,1,0
1187015,2019-11-10,India,Bangladesh,"Vidarbha Cricket Association Stadium, Jamtha",1630.87,1454.13,176.73,0.6,0.6,0.5,0.6,147.4,154.0,0.9,10,148.43,0.7143,7,1
1208606,2019-12-05,Nepal,Bhutan,Tribhuvan University International Cricket Ground,1453.03,1500.0,-46.97,0.4,0.5,0.5,0.5,115.2,152.91,0.5,0,152.91,0.5102,0,1
1187018,2019-12-06,India,West Indies,"Rajiv Gandhi International Stadium, Uppal",1639.36,1437.68,201.68,0.6,0.0,0.6,0.2,152.2,91.0,0.6154,13,153.02,0.5109,0,1
1208609,2019-12-06,Nepal,Maldives,Tribhuvan University International Cricket Ground,1471.18,1496.51,-25.33,0.6,0.5,0.5,0.5,138.4,142.0,0.5,0,236.0,1.0,1,1
1208612,2019-12-07,Bhutan,Maldives,Tribhuvan University International Cricket Ground,1481.85,1479.35,2.5,0.0,0.3333,0.0,0.3333,95.0,121.0,0.5,0,199.5,1.0,2,0
1187019,2019-12-08,India,West Indies,Greenfield International Stadium,1647.0,1430.05,216.94,0.6,0.0,0.7,0.2,163.8,123.4,0.6429,14,67.0,1.0,1,0
1208613,2019-12-09,Nepal,Maldives,Tribhuvan University International Cricket Ground,1488.34,1495.46,-7.12,0.6,0.5,0.5,0.5,145.8,120.25,1.0,1,172.0,0.6667,3,1
1187020,2019-12-11,India,West Indies,Wankhede Stadium,1622.13,1454.92,167.21,0.6,0.2,0.7,0.2,171.0,143.8,0.6,15,183.0,0.0,5,1
1202243,2020-01-07,India,Sri Lanka,Holkar Cricket Stadium,1630.97,1471.26,159.72,0.8,0.4,0.7,0.4,189.4,137.4,0.6875,16,260.0,1.0,1,1
1202244,2020-01-10,India,Sri Lanka,Maharashtra Cricket Association Stadium,1640.1,1462.13,177.96,0.8,0.2,0.7,0.4,187.4,129.4,0.7059,17,101.0,0.0,1,1
1203676,2020-01-15,West Indies,Ireland,"National Cricket Stadium, Grenada",1446.08,1522.85,-76.77,0.2,0.6,0.2,0.7,159.4,119.0,0.6667,3,153.16,0.5095,0,0
1203678,2020-01-19,West Indies,Ireland,"Warner Park, St Kitts",1433.55,1535.37,-101.81,0.2,0.8,0.1,0.7,180.6,131.4,0.5,4,126.5,0.5,2,1
1187677,2020-01-24,New Zealand,India,Eden Park,1586.08,1648.55,-62.47,0.4,0.8,0.6,0.7,152.4,192.8,0.7273,11,175.75,0.5625,16,0
1213058,2020-01-24,Pakistan,Bangladesh,Gaddafi Stadium,1617.46,1445.64,171.83,0.0,0.6,0.2,0.6,127.6,154.8,0.8,10,175.0,0.6667,9,1
1213059,2020-01-25,Pakistan,Bangladesh,Gaddafi Stadium,1626.14,1436.96,189.18,0.2,0.4,0.2,0.5,135.8,153.4,0.8182,11,171.6,0.6,10,1
1187678,2020-01-26,New Zealand,India,Eden Park,1572.93,1661.7,-88.78,0.4,0.8,0.5,0.7,175.4,191.8,0.6667,12,177.35,0.5294,17,0
1187681,2020-02-02,New Zealand,India,Bay Oval,1560.93,1673.7,-112.77,0.4,1.0,0.5,0.8,171.2,184.8,0.6154,13,199.0,1.0,5,0
1185313,2020-02-12,South Africa,England,Buffalo Park,1631.55,1614.93,16.62,0.6,0.6,0.8,0.7,161.6,178.2,0.5714,14,162.5,0.5,2,1
1185314,2020-02-14,South Africa,England,Kingsmead,1646.79,1599.7,47.09,0.8,0.4,0.8,0.7,168.8,178.4,0.6,15,149.08,0.5,12,0
1185315,2020-02-16,South Africa,England,SuperSport Park,1628.63,1617.85,10.78,0.6,0.4,0.7,0.7,173.2,188.4,0.5625,16,173.22,0.7778,9,0
1215136,2020-02-20,Malaysia,Hong Kong,Kinrara Academy Oval,1452.06,1411.32,40.74,0.4,0.6,0.3,0.3,151.0,122.8,0.5,0,149.73,0.4545,11,1
1185316,2020-02-21,South Africa,Australia,The Wanderers Stadium,1612.14,1687.13,-74.99,0.4,1.0,0.6,0.8,178.0,151.2,0.3889,18,196.33,1.0,3,0
1215137,2020-02-21,Malaysia,Hong Kong,Kinrara Academy Oval,1466.19,1397.18,69.0,0.6,0.6,0.4,0.3,148.8,111.8,1.0,1,147.5,0.5,12,1
1185317,2020-02-23,South Africa,Australia,St George's Park,1599.54,1699.73,-100.19,0.4,1.0,0.5,0.9,166.0,143.8,0.3684,19,118.5,0.5,2,1
1215138,2020-02-23,Malaysia,Hong Kong,Kinrara Academy Oval,1479.05,1384.32,94.73,0.8,0.4,0.4,0.3,149.0,103.6,1.0,2,146.77,0.5385,13,1
1215139,2020-02-24,Malaysia,Hong Kong,Kinrara Academy Oval,1490.79,1372.58,118.22,0.8,0.2,0.5,0.3,152.6,102.4,1.0,3,147.14,0.5714,14,1
1215159,2020-02-25,Oman,Maldives,Al Amerat Cricket Ground Oman Cricket (Ministry Turf 1),1492.14,1479.13,13.01,0.4,0.4,0.6,0.4,136.0,115.0,0.5,0,149.67,0.3333,15,1
1215160,2020-02-25,Saudi Arabia,United Arab Emirates,Al Amerat Cricket Ground Oman Cricket (Ministry Turf 2),1500.0,1490.81,9.19,0.5,0.4,0.5,0.6,153.39,113.2,0.5,0,153.39,0.5111,0,0
1215161,2020-02-25,Bahrain,Qatar,Al Amerat Cricket Ground Oman Cricket (Ministry Turf 1),1500.0,1498.37,1.63,0.5,0.5,0.5,0.5,153.38,152.75,0.5,0,148.38,0.3125,16,1
1215162,2020-02-25,Iran,Kuwait,Al Amerat Cricket Ground Oman Cricket (Ministry Turf 2),1500.0,1483.18,16.82,0.5,0.3333,0.5,0.3333,153.32,152.67,0.5,0,150.0,1.0,1,0
1185318,2020-02-26,South Africa,Australia,Newlands,1620.03,1679.24,-59.21,0.4,0.8,0.5,0.8,169.6,149.4,0.4,20,152.82,0.2941,17,0
1215140,2020-02-26,Malaysia,Hong Kong,Kinrara Academy Oval,1501.55,1361.82,139.73,1.0,0.0,0.6,0.3,157.2,116.8,1.0,4,148.47,0.6,15,1
1215163,2020-02-26,Kuwait,Bahrain,Al Amerat Cricket Ground Oman Cricket (Ministry Turf 1),1499.96,1515.92,-15.97,0.5,1.0,0.5,1.0,141.75,109.0,0.5,0,145.88,0.2941,17,1
1215164,2020-02-26,Qatar,United Arab Emirates,Al Amerat Cricket Ground Oman Cricket (Ministry Turf 2),1482.44,1507.23,-24.79,0.4,0.6,0.4,0.6,143.4,120.8,0.5,0,129.0,0.5,2,0
1215165,2020-02-27,Kuwait,United Arab Emirates,Al Amerat Cricket Ground Oman Cricket (Ministry Turf 1),1516.69,1522.09,-5.4,0.6,0.6,0.6,0.6,155.4,122.8,0.5,0,149.44,0.3333,18,0
1217738,2020-02-29,Thailand,Singapore,Terdthai Cricket Ground,1473.65,1480.72,-7.07,0.25,0.2,0.25,0.4,131.0,130.2,0.5,0,153.43,0.5123,0,0
1217740,2020-03-01,Hong Kong,Nepal,Terdthai Cricket Ground,1351.93,1504.67,-152.74,0.0,0.6,0.3,0.6,126.6,138.6,0.5,4,139.0,1.0,1,1
1217741,2020-03-01,Thailand,Malaysia,Terdthai Cricket Ground,1457.98,1511.44,-53.46,0.2,1.0,0.2,0.7,124.0,151.2,0.0,2,146.5,1.0,2,0
1217742,2020-03-03,Malaysia,Singapore,Terdthai Cricket Ground,1525.0,1496.39,28.61,1.0,0.2,0.8,0.4,143.8,127.6,0.0,1,126.0,0.6667,3,0
1217743,2020-03-03,Thailand,Hong Kong,Terdthai Cricket Ground,1444.42,1374.54,69.88,0.2,0.2,0.1667,0.4,118.4,145.2,0.5,0,154.25,0.75,4,0
1213874,2020-03-04,Sri Lanka,West Indies,Pallekele International Cricket Stadium,1453.68,1454.11,-0.43,0.0,0.4,0.4,0.2,124.6,179.4,0.6667,9,173.88,0.6471,17,0
1217744,2020-03-04,Thailand,Nepal,Terdthai Cricket Ground,1425.24,1482.06,-56.81,0.2,0.6,0.1429,0.6,107.8,134.4,0.5,0,138.8,0.6,5,0
1217745,2020-03-04,Hong Kong,Singapore,Terdthai Cricket Ground,1393.72,1513.71,-119.99,0.4,0.4,0.4,0.5,140.2,155.2,0.5,0,126.67,0.5,6,0
1213875,2020-03-06,Sri Lanka,West Indies,Pallekele International Cricket Stadium,1437.7,1470.09,-32.39,0.0,0.6,0.4,0.3,139.0,177.2,0.6,10,175.11,0.6667,18,0
1217747,2020-03-06,Hong Kong,Malaysia,Terdthai Cricket Ground,1383.04,1507.68,-124.65,0.4,0.8,0.3,0.8,141.8,138.4,0.0,5,132.57,0.5714,7,1
1207081,2020-03-08,Spain,Germany,Desert Springs Cricket Ground,1557.67,1546.59,11.08,1.0,0.8,1.0,0.8,106.75,119.2,0.5,0,153.28,0.5121,0,1
1207082,2020-03-08,Spain,Germany,Desert Springs Cricket Ground,1573.16,1531.1,42.06,1.0,0.8,1.0,0.6667,113.8,121.0,1.0,1,139.0,0.0,1,0
1214670,2020-03-09,Bangladesh,Zimbabwe,"Shere Bangla National Stadium, Mirpur",1428.9,1398.65,30.25,0.2,0.6,0.4,0.4,145.6,154.8,0.6,10,184.5,0.5,4,1
1214671,2020-03-11,Bangladesh,Zimbabwe,"Shere Bangla National Stadium, Mirpur",1443.51,1384.04,59.47,0.2,0.6,0.5,0.4,154.8,158.0,0.6364,11,187.6,0.6,5,1
1229824,2020-08-21,Isle of Man,Guernsey,College Field,1500.0,1500.73,-0.73,0.5,0.5,0.5,0.5,153.31,110.25,0.5,0,125.75,0.5,4,0
1229820,2020-08-29,Belgium,Luxembourg,Pierre Werner Cricket Ground,1500.0,1500.0,0.0,0.5,0.5,0.5,0.5,153.24,153.24,0.5,0,153.24,0.5114,0,1
1198245,2020-08-30,Pakistan,England,Old Trafford,1634.2,1634.35,-0.15,0.4,0.6,0.3,0.7,133.8,202.6,0.2857,14,154.6,0.2,5,0
1229822,2020-08-30,Belgium,Czech Republic,Pierre Werner Cricket Ground,1516.0,1500.0,16.0,1.0,0.5,1.0,0.5,165.0,153.31,0.5,0,165.0,1.0,1,1
1229823,2020-08-30,Belgium,Luxembourg,Pierre Werner Cricket Ground,1531.26,1484.0,47.26,1.0,0.0,1.0,0.0,163.0,128.0,1.0,1,163.0,1.0,2,1
1198246,2020-09-01,Pakistan,England,Old Trafford,1618.2,1650.34,-32.14,0.4,0.8,0.3,0.7,146.0,209.2,0.2667,15,161.33,0.1667,6,1
1198235,2020-09-04,England,Australia,The Rose Bowl,1632.87,1692.54,-59.67,0.6,0.8,0.6,0.9,198.0,159.0,0.4,15,174.4,0.6,5,1
1198236,2020-09-06,Australia,England,The Rose Bowl,1673.82,1651.59,22.23,0.6,0.8,0.8,0.6,160.8,195.2,0.5625,16,172.33,0.6667,6,0
1198237,2020-09-08,England,Australia,The Rose Bowl,1668.61,1656.79,11.81,0.8,0.4,0.6,0.7,186.0,170.4,0.4706,17,170.14,0.5714,7,0
1235829,2020-10-16,Bulgaria,Romania,Moara Vlasiei Cricket Ground,1500.0,1500.0,0.0,0.5,0.5,0.5,0.5,153.4,153.4,0.5,0,153.4,0.5125,0,1
1235830,2020-10-17,Romania,Bulgaria,Moara Vlasiei Cricket Ground,1484.0,1516.0,-32.0,0.0,1.0,0.0,1.0,95.0,128.0,0.0,1,128.0,1.0,1,1
1235832,2020-10-18,Bulgaria,Romania,Moara Vlasiei Cricket Ground,1498.53,1501.47,-2.94,0.5,0.5,0.5,0.5,112.0,121.5,0.5,2,138.0,1.0,2,0
1233464,2020-11-07,Zimbabwe,Pakistan,Rawalpindi Cricket Stadium,1370.76,1635.68,-264.92,0.4,0.6,0.4,0.3,155.2,154.0,0.0,10,153.25,0.5131,0,0
1233465,2020-11-08,Zimbabwe,Pakistan,Rawalpindi Cricket Stadium,1365.04,1641.4,-276.36,0.4,0.8,0.4,0.4,151.0,164.2,0.0,11,156.0,0.0,1,0
1233466,2020-11-10,Zimbabwe,Pakistan,Rawalpindi Cricket Stadium,1359.62,1646.81,-287.19,0.2,0.8,0.3,0.5,145.8,163.2,0.0,12,145.0,0.0,2,0
1233954,2020-11-27,West Indies,New Zealand,Eden Park,1484.61,1549.95,-65.34,0.6,0.2,0.4,0.4,174.2,167.2,0.3333,9,174.83,0.5,18,0
1237122,2020-11-27,South Africa,England,Newlands,1606.73,1652.06,-45.34,0.2,0.6,0.5,0.6,153.4,169.8,0.5294,17,155.06,0.3333,18,0
1233955,2020-11-29,New Zealand,West Indies,Bay Oval,1562.97,1471.58,91.39,0.2,0.6,0.4,0.4,167.0,175.6,0.7,10,193.0,1.0,6,1
1237123,2020-11-29,South Africa,England,Boland Park,1592.8,1665.99,-73.18,0.2,0.6,0.4,0.7,148.8,166.6,0.5,18,153.37,0.5106,0,0
1237124,2020-12-01,South Africa,England,Newlands,1580.13,1678.67,-98.54,0.2,0.8,0.3,0.7,133.6,159.0,0.4737,19,156.32,0.3158,19,0
1223952,2020-12-04,India,Australia,Manuka Oval,1684.68,1673.34,11.34,1.0,0.4,0.9,0.7,169.4,160.4,0.5789,19,150.0,0.0,1,1
1223953,2020-12-06,Australia,India,Sydney Cricket Ground,1657.86,1700.16,-42.3,0.4,1.0,0.6,0.9,161.2,172.8,0.4,20,164.5,0.3333,6,0
1223954,2020-12-08,Australia,India,Sydney Cricket Ground,1643.8,1714.22,-70.42,0.2,1.0,0.5,0.9,161.4,171.6,0.381,21,168.71,0.2857,7,1
1233959,2020-12-18,Pakistan,New Zealand,Eden Park,1651.96,1574.86,77.1,0.8,0.4,0.6,0.4,161.8,181.6,0.619,21,175.11,0.4737,19,0
1233960,2020-12-20,Pakistan,New Zealand,Seddon Park,1632.46,1594.35,38.11,0.8,0.6,0.6,0.5,153.4,172.2,0.5909,22,177.0,0.5556,9,0
1233961,2020-12-22,New Zealand,Pakistan,McLean Park,1612.1,1614.71,-2.61,0.8,0.6,0.6,0.6,178.6,148.0,0.4348,23,191.0,0.5,2,0
1243019,2021-02-11,Pakistan,South Africa,Gaddafi Stadium,1630.59,1568.55,62.05,0.6,0.2,0.7,0.3,152.0,154.0,0.4615,13,168.36,0.5455,11,1
1243020,2021-02-13,Pakistan,South Africa,Gaddafi Stadium,1643.77,1555.37,88.39,0.6,0.0,0.7,0.2,158.4,155.6,0.5,14,168.42,0.5833,12,0
1243021,2021-02-14,South Africa,Pakistan,Gaddafi Stadium,1575.36,1623.78,-48.42,0.2,0.4,0.2,0.6,165.4,161.2,0.5333,15,166.54,0.5385,13,0
1233971,2021-02-22,New Zealand,Australia,Hagley Oval,1596.22,1663.0,-66.78,0.8,0.4,0.5,0.5,182.0,166.6,0.125,8,153.0,0.0,1,1
1233972,2021-02-25,New Zealand,Australia,University Oval,1615.26,1643.96,-28.7,0.8,0.4,0.5,0.4,183.0,161.4,0.2222,9,153.58,0.5081,0,1
1233973,2021-03-03,Australia,New Zealand,Westpac Stadium,1626.64,1632.58,-5.93,0.2,0.8,0.3,0.6,175.2,179.2,0.7,10,160.55,0.3636,11,1
1252066,2021-03-03,Sri Lanka,West Indies,"Coolidge Cricket Ground, Antigua",1423.19,1459.69,-36.51,0.0,0.6,0.3,0.4,146.6,168.0,0.5455,11,153.72,0.5093,0,0
1233974,2021-03-05,Australia,New Zealand,Westpac Stadium,1642.92,1616.3,26.61,0.4,0.6,0.4,0.6,186.8,176.8,0.7273,11,164.5,0.4167,12,1
1252067,2021-03-05,Sri Lanka,West Indies,"Coolidge Cricket Ground, Antigua",1408.86,1474.02,-65.16,0.0,0.6,0.2,0.5,144.4,166.8,0.5,12,131.0,0.0,1,1
1233975,2021-03-07,Australia,New Zealand,Sky Stadium,1657.69,1601.53,56.17,0.6,0.4,0.4,0.6,179.2,165.2,0.75,12,153.71,0.5098,0,0
1252068,2021-03-07,Sri Lanka,West Indies,"Coolidge Cricket Ground, Antigua",1427.83,1455.05,-27.22,0.2,0.4,0.2,0.5,148.0,151.0,0.5385,13,145.5,0.5,2,0
1243388,2021-03-12,India,England,Narendra Modi Stadium,1695.02,1690.25,4.78,0.8,0.8,0.8,0.8,165.6,165.0,0.5,14,153.67,0.5087,0,0
1243389,2021-03-14,England,India,Narendra Modi Stadium,1706.47,1678.8,27.66,0.8,0.6,0.8,0.8,159.4,163.4,0.5333,15,124.0,0.0,1,0
1243390,2021-03-16,India,England,Narendra Modi Stadium,1696.07,1689.2,6.88,0.6,0.8,0.8,0.7,164.0,163.2,0.5,16,144.0,0.0,2,0
1243391,2021-03-18,India,England,Narendra Modi Stadium,1679.76,1705.51,-25.76,0.4,0.8,0.7,0.7,163.0,158.2,0.4706,17,148.0,0.0,3,1
1243392,2021-03-20,India,England,Narendra Modi Stadium,1696.94,1688.33,8.61,0.4,0.6,0.7,0.7,161.0,164.2,0.5,18,157.25,0.25,4,1
1233979,2021-03-28,New Zealand,Bangladesh,Seddon Park,1620.09,1456.8,163.29,0.6,0.4,0.7,0.5,159.2,148.2,1.0,7,175.6,0.5,10,1
1233980,2021-03-30,New Zealand,Bangladesh,McLean Park,1629.08,1447.81,181.27,0.6,0.4,0.7,0.5,164.4,148.2,1.0,8,185.0,0.3333,3,1
1233981,2021-04-01,New Zealand,Bangladesh,Eden Park,1637.42,1439.48,197.94,0.6,0.4,0.7,0.4,155.2,148.4,1.0,9,174.0,0.45,20,1
1257404,2021-04-03,Uganda,Namibia,Wanderers,1497.37,1574.32,-76.96,0.5,0.6,0.5,0.6,132.0,150.6,0.0,1,153.84,0.5097,0,0
1257405,2021-04-05,Namibia,Uganda,"Wanderers Cricket Ground, Windhoek",1586.84,1484.85,101.98,0.6,0.4,0.6,0.4,141.4,132.4,1.0,2,153.81,0.5091,0,1
1257406,2021-04-05,Namibia,Uganda,"Wanderers Cricket Ground, Windhoek",1598.27,1473.42,124.85,0.6,0.2,0.7,0.3333,130.0,117.0,1.0,3,134.0,1.0,1,1
1251575,2021-04-10,South Africa,Pakistan,"The Wanderers Stadium, Johannesburg",1561.57,1637.57,-75.99,0.2,0.6,0.2,0.7,162.4,164.4,0.5,16,153.83,0.5103,0,0
1251576,2021-04-12,Pakistan,South Africa,"The Wanderers Stadium, Johannesburg",1650.12,1549.02,101.1,0.8,0.2,0.7,0.2,169.6,170.8,0.5294,17,188.0,0.0,1,0
1251577,2021-04-14,South Africa,Pakistan,"SuperSport Park, Centurion",1569.55,1629.59,-60.04,0.4,0.6,0.3,0.6,160.8,162.2,0.5,18,153.85,0.5091,0,0
1251578,2021-04-16,South Africa,Pakistan,"SuperSport Park, Centurion",1556.29,1642.85,-86.57,0.4,0.6,0.2,0.6,168.2,169.4,0.4737,19,203.0,0.0,1,0
1257945,2021-04-17,Netherlands,Nepal,"Tribhuvan University International Cricket Ground, Kirtipur",1568.74,1495.46,73.27,1.0,0.8,0.9,0.6,142.0,136.0,0.6667,3,153.9,0.5079,0,0
1257946,2021-04-18,Netherlands,Malaysia,"Tribhuvan University International Cricket Ground, Kirtipur",1549.41,1486.18,63.23,0.8,0.6,0.8,0.7,128.0,134.4,0.5,0,136.0,0.0,1,1
1257947,2021-04-19,Malaysia,Nepal,"Tribhuvan University International Cricket Ground, Kirtipur",1473.06,1514.79,-41.73,0.4,0.8,0.7,0.7,136.2,117.0,0.0,3,163.5,0.5,2,0
1257948,2021-04-20,Nepal,Netherlands,"Tribhuvan University International Cricket Ground, Kirtipur",1528.88,1562.53,-33.65,0.8,0.8,0.7,0.8,107.0,140.0,0.5,4,145.33,0.3333,3,0
1257183,2021-04-21,Pakistan,Zimbabwe,Harare Sports Club,1654.95,1354.48,300.47,0.8,0.0,0.6,0.3,170.4,138.0,1.0,13,159.0,0.6522,23,1
1257950,2021-04-22,Nepal,Malaysia,"Tribhuvan University International Cricket Ground, Kirtipur",1514.42,1458.97,55.45,0.6,0.2,0.6,0.6,128.6,122.8,1.0,4,160.5,0.25,4,1
1257184,2021-04-23,Zimbabwe,Pakistan,Harare Sports Club,1349.66,1659.77,-310.11,0.0,0.8,0.3,0.7,135.2,166.4,0.0,14,158.58,0.6667,24,1
1257951,2021-04-24,Nepal,Netherlands,"Tribhuvan University International Cricket Ground, Kirtipur",1527.89,1576.98,-49.1,0.8,0.8,0.7,0.8,149.8,165.6,0.4,5,171.8,0.4,5,1
1257185,2021-04-25,Pakistan,Zimbabwe,Harare Sports Club,1632.37,1377.06,255.3,0.6,0.2,0.7,0.3,148.4,135.0,0.9333,15,156.96,0.68,25,1
1263708,2021-05-21,Luxembourg,Czech Republic,"Scott Page Field, Vinor",1470.16,1484.74,-14.57,0.0,0.0,0.0,0.0,131.5,74.0,0.5,0,154.06,0.5095,0,0
1263710,2021-05-22,Austria,Czech Republic,"Scott Page Field, Vinor",1500.0,1500.07,-0.07,0.5,0.5,0.5,0.5,154.03,100.5,0.5,0,126.0,0.0,1,1
1263711,2021-05-22,Czech Republic,Luxembourg,"Scott Page Field, Vinor",1484.06,1454.83,29.23,0.3333,0.0,0.3333,0.0,95.0,129.67,1.0,1,144.0,0.5,2,0
1263712,2021-05-23,Austria,Luxembourg,"Scott Page Field, Vinor",1516.0,1472.18,43.83,1.0,0.25,1.0,0.25,162.0,138.5,0.5,0,149.67,0.3333,3,0
1263713,2021-05-23,Czech Republic,Austria,"Scott Page Field, Vinor",1466.72,1498.0,-31.28,0.25,0.5,0.25,0.5,111.5,170.5,0.0,1,157.0,0.25,4,0
1249206,2021-06-23,Sri Lanka,England,"Sophia Gardens, Cardiff",1413.08,1672.73,-259.65,0.2,0.4,0.1,0.6,149.6,163.4,0.4444,9,154.08,0.5078,0,0
1249207,2021-06-24,Sri Lanka,England,"Sophia Gardens, Cardiff",1407.22,1678.59,-271.37,0.2,0.4,0.1,0.6,141.2,163.4,0.4,10,129.0,0.0,1,0
1267304,2021-06-24,Greece,Romania,"National Sports Academy, Sofia",1500.0,1517.33,-17.33,0.5,0.6667,0.5,0.6667,154.0,101.33,0.5,0,154.0,0.5067,0,0
1267306,2021-06-25,Serbia,Greece,"National Sports Academy, Sofia",1500.0,1484.8,15.2,0.5,0.0,0.5,0.0,154.0,157.0,0.5,0,157.0,0.0,1,0
1267307,2021-06-25,Bulgaria,Romania,"National Sports Academy, Sofia",1482.67,1532.54,-49.87,0.3333,0.75,0.3333,0.75,94.67,115.75,0.3333,3,150.5,0.0,2,0
1267308,2021-06-25,Romania,Serbia,"National Sports Academy, Sofia",1546.26,1483.3,62.96,0.8,0.0,0.8,0.0,124.8,144.0,0.5,0,152.67,0.0,3,1
1249208,2021-06-26,England,Sri Lanka,"The Rose Bowl, Southampton",1684.14,1401.67,282.47,0.6,0.2,0.7,0.1,152.2,132.4,0.6364,11,154.04,0.5055,0,1
1263151,2021-06-26,South Africa,West Indies,"National Cricket Stadium, St George's, Grenada",1544.19,1469.8,74.39,0.2,0.4,0.2,0.5,168.0,146.2,0.6,10,154.07,0.5061,0,0
1267310,2021-06-26,Serbia,Romania,"National Sports Academy, Sofia",1470.17,1559.39,-89.22,0.0,1.0,0.0,0.8333,122.0,144.0,0.0,1,162.25,0.25,4,0
1263152,2021-06-27,South Africa,West Indies,"National Cricket Stadium, St George's, Grenada",1524.82,1489.18,35.64,0.2,0.6,0.2,0.6,167.2,142.4,0.5455,11,160.0,0.0,1,1
1263153,2021-06-29,South Africa,West Indies,"National Cricket Stadium, St George's, Grenada",1539.18,1474.81,64.37,0.4,0.6,0.3,0.6,162.8,139.2,0.5833,12,163.0,0.5,2,1
1263154,2021-07-01,West Indies,South Africa,"National Cricket Stadium, St George's, Grenada",1461.74,1552.25,-90.51,0.4,0.4,0.5,0.4,145.6,168.0,0.3846,13,164.33,0.6667,3,1
1263155,2021-07-03,South Africa,West Indies,"National Cricket Stadium, St George's, Grenada",1532.17,1481.82,50.36,0.4,0.6,0.4,0.5,156.6,155.6,0.5714,14,165.0,0.75,4,1
1268188,2021-07-08,Belgium,Malta,Marsa Sports Club,1545.1,1500.0,45.1,1.0,0.5,1.0,0.5,170.0,154.09,0.5,0,154.09,0.5072,0,0
1268189,2021-07-08,Malta,Belgium,Marsa Sports Club,1518.07,1527.04,-8.97,1.0,0.75,1.0,0.75,103.0,152.25,1.0,1,99.0,0.0,1,0
1263156,2021-07-09,West Indies,Australia,"Daren Sammy National Cricket Stadium, Gros Islet, St Lucia",1468.12,1639.13,-171.01,0.4,0.4,0.4,0.4,157.4,170.4,0.5455,11,153.91,0.506,0,1
1268190,2021-07-09,Malta,Belgium,Marsa Sports Club,1502.48,1542.62,-40.14,0.5,0.8,0.5,0.8,76.5,132.2,0.5,2,74.5,0.0,2,0
1263157,2021-07-10,West Indies,Australia,"Daren Sammy National Cricket Stadium, Gros Islet, St Lucia",1491.42,1615.83,-124.42,0.4,0.4,0.5,0.4,154.2,169.6,0.5833,12,145.0,1.0,1,1
1268191,2021-07-10,Belgium,Malta,Marsa Sports Club,1556.78,1488.32,68.46,0.8,0.3333,0.8333,0.3333,122.2,89.0,0.6667,3,87.67,0.0,3,0
1268192,2021-07-10,Belgium,Malta,Marsa Sports Club,1537.67,1507.43,30.24,0.6,0.5,0.7143,0.5,115.6,98.0,0.5,4,97.75,0.0,4,1
1263158,2021-07-12,Australia,West Indies,"Daren Sammy National Cricket Stadium, Gros Islet, St Lucia",1594.34,1512.91,81.42,0.4,0.6,0.3,0.6,154.6,163.4,0.3846,13,170.5,1.0,2,0
1263159,2021-07-14,Australia,West Indies,"Daren Sammy National Cricket Stadium, Gros Islet, St Lucia",1574.65,1532.6,42.06,0.2,0.8,0.3,0.6,141.2,158.6,0.3571,14,160.67,0.6667,3,1
1239540,2021-07-16,Pakistan,England,"Trent Bridge, Nottingham",1638.35,1689.4,-51.05,0.8,0.6,0.7,0.7,153.4,156.6,0.3125,16,153.92,0.5065,0,1
1263160,2021-07-16,West Indies,Australia,"Daren Sammy National Cricket Stadium, Gros Islet, St Lucia",1518.52,1588.73,-70.2,0.6,0.2,0.6,0.4,162.2,147.8,0.6,15,167.75,0.75,4,1
1239541,2021-07-18,England,Pakistan,"Headingley, Leeds",1671.06,1656.68,14.38,0.6,0.8,0.6,0.7,161.4,158.8,0.6471,17,154.05,0.5076,0,1
1251953,2021-07-19,South Africa,Ireland,"The Village, Malahide, Dublin",1545.87,1514.81,31.06,0.6,0.6,0.4,0.6,161.4,137.0,0.5,0,154.1,0.5081,0,1
1239542,2021-07-20,Pakistan,England,"Old Trafford, Manchester",1641.35,1686.4,-45.05,0.6,0.8,0.7,0.6,160.0,163.8,0.3333,18,154.11,0.5087,0,0
1251954,2021-07-22,South Africa,Ireland,"Civil Service Cricket Club, Stormont, Belfast",1560.45,1500.23,60.21,0.8,0.4,0.5,0.5,162.4,150.0,1.0,1,154.11,0.5081,0,1
1267680,2021-07-22,Zimbabwe,Bangladesh,Harare Sports Club,1371.08,1431.72,-60.64,0.2,0.4,0.3,0.3,132.0,136.4,0.3333,12,157.27,0.6923,26,0
1267681,2021-07-23,Zimbabwe,Bangladesh,Harare Sports Club,1357.84,1444.95,-87.11,0.2,0.4,0.2,0.3,135.6,127.0,0.3077,13,157.07,0.6667,27,1
1251955,2021-07-24,South Africa,Ireland,"Civil Service Cricket Club, Stormont, Belfast",1573.7,1486.98,86.72,0.8,0.4,0.6,0.5,161.0,146.0,1.0,2,159.0,1.0,1,1
1262758,2021-07-25,India,Sri Lanka,"R Premadasa Stadium, Colombo",1712.54,1396.41,316.13,0.6,0.2,0.7,0.1,171.0,124.4,0.7222,18,154.17,0.5092,0,1
1267682,2021-07-25,Zimbabwe,Bangladesh,Harare Sports Club,1377.77,1425.02,-47.25,0.4,0.2,0.2,0.3,143.0,131.6,0.3571,14,157.39,0.6786,28,0
1262759,2021-07-28,India,Sri Lanka,"R Premadasa Stadium, Colombo",1717.01,1391.95,325.06,0.8,0.0,0.7,0.1,179.0,117.6,0.7368,19,164.0,1.0,1,0
1262760,2021-07-29,India,Sri Lanka,"R Premadasa Stadium, Colombo",1689.28,1419.68,269.6,0.6,0.2,0.6,0.2,172.2,118.0,0.7,20,148.0,0.5,2,0
1263165,2021-07-31,Pakistan,West Indies,"Providence Stadium, Guyana",1627.41,1537.71,89.7,0.4,0.8,0.6,0.6,161.0,173.4,0.7857,14,146.0,0.0,1,1
1270834,2021-08-03,Bangladesh,Australia,"Shere Bangla National Stadium, Mirpur",1438.86,1569.54,-130.67,0.4,0.2,0.4,0.3,141.6,156.0,0.0,4,176.17,0.5,6,1
1270835,2021-08-04,Australia,Bangladesh,"Shere Bangla National Stadium, Mirpur",1547.79,1460.61,87.18,0.2,0.6,0.3,0.5,152.2,139.4,0.8,5,169.71,0.5714,7,0
1271445,2021-08-05,Norway,Germany,Bayer Uerdingen Cricket Ground,1439.62,1549.03,-109.41,0.0,0.8,0.0,0.7143,92.25,133.2,0.0,1,154.06,0.5086,0,0
1271446,2021-08-05,Norway,France,Bayer Uerdingen Cricket Ground,1428.5,1500.0,-71.5,0.0,0.5,0.0,0.5,89.0,153.98,0.5,0,76.0,0.0,1,0
1270836,2021-08-06,Bangladesh,Australia,"Shere Bangla National Stadium, Mirpur",1480.54,1527.85,-47.31,0.8,0.2,0.6,0.3,148.8,148.4,0.3333,6,163.62,0.5,8,1
1271447,2021-08-06,France,Germany,Bayer Uerdingen Cricket Ground,1512.75,1560.15,-47.4,1.0,0.8,1.0,0.75,113.0,127.2,0.5,0,94.0,0.0,2,0
1270837,2021-08-07,Bangladesh,Australia,"Shere Bangla National Stadium, Mirpur",1498.71,1509.69,-10.98,0.8,0.2,0.6,0.2,143.6,143.6,0.4286,7,159.56,0.5556,9,0
1271448,2021-08-07,Germany,France,Bayer Uerdingen Cricket Ground,1573.98,1498.92,75.06,0.8,0.5,0.7778,0.5,126.4,103.5,1.0,1,94.0,0.0,3,1
1271449,2021-08-07,Norway,France,Bayer Uerdingen Cricket Ground,1415.75,1486.33,-70.58,0.0,0.3333,0.0,0.3333,95.4,107.67,0.0,1,111.5,0.25,4,1
1271450,2021-08-08,Norway,Germany,Bayer Uerdingen Cricket Ground,1434.95,1586.58,-151.63,0.2,0.8,0.1429,0.8,102.6,132.0,0.0,2,115.4,0.4,5,1
1271451,2021-08-08,Norway,Germany,Bayer Uerdingen Cricket Ground,1457.52,1564.01,-106.48,0.4,0.8,0.25,0.8,120.6,131.0,0.3333,3,127.0,0.5,6,0
1270838,2021-08-09,Bangladesh,Australia,"Shere Bangla National Stadium, Mirpur",1483.21,1525.18,-41.97,0.8,0.2,0.5,0.2,135.8,126.8,0.375,8,154.0,0.5,10,1
1273133,2021-08-14,Denmark,Sweden,"Svanholm Park, Brondby",1486.22,1500.0,-13.78,0.4,0.5,0.4,0.5,126.6,153.74,0.5,0,153.74,0.5085,0,0
1273134,2021-08-15,Sweden,Denmark,"Svanholm Park, Brondby",1515.37,1470.86,44.51,1.0,0.4,1.0,0.3333,137.0,131.0,1.0,1,135.0,0.0,1,0
1273141,2021-08-18,Ghana,Rwanda,Gahanga International Cricket Stadium. Rwanda,1438.27,1500.0,-61.73,0.0,0.5,0.0,0.5,99.75,153.69,0.5,0,153.69,0.5074,0,0
1273136,2021-08-20,Gibraltar,Malta,Gucherre Cricket Ground,1456.23,1492.82,-36.59,0.0,0.4,0.0,0.4,102.0,105.0,0.5,0,153.7,0.5069,0,0
1273143,2021-08-20,Rwanda,Ghana,Gahanga International Cricket Stadium. Rwanda,1513.19,1425.08,88.1,1.0,0.0,1.0,0.0,165.0,112.6,1.0,1,164.0,0.0,1,1
1273144,2021-08-20,Ghana,Rwanda,Gahanga International Cricket Stadium. Rwanda,1413.06,1525.21,-112.16,0.0,1.0,0.0,1.0,110.2,150.5,0.0,2,150.0,0.5,2,1
1273138,2021-08-21,Malta,Gibraltar,Gucherre Cricket Ground,1507.14,1441.91,65.23,0.4,0.0,0.5,0.0,114.2,113.5,1.0,1,148.0,0.0,1,1
1273145,2021-08-21,Rwanda,Ghana,Gahanga International Cricket Stadium. Rwanda,1504.22,1434.05,70.17,0.6667,0.2,0.6667,0.1429,110.33,125.8,0.6667,3,155.33,0.6667,3,0
1273146,2021-08-21,Sweden,Finland,Kerava National Cricket Ground,1497.33,1500.0,-2.67,0.5,0.5,0.5,0.5,129.5,153.73,0.5,0,153.73,0.5074,0,0
1273147,2021-08-21,Sweden,Finland,Kerava National Cricket Ground,1481.45,1515.88,-34.43,0.3333,1.0,0.3333,1.0,131.33,139.0,0.0,1,135.0,0.0,1,0
1273139,2021-08-22,Portugal,Gibraltar,Gucherre Cricket Ground,1486.1,1428.88,57.23,0.3333,0.0,0.3333,0.0,105.67,129.4,1.0,1,172.5,0.5,2,1
1273148,2021-08-22,Finland,Sweden,Kerava National Cricket Ground,1530.3,1467.03,63.27,1.0,0.25,1.0,0.25,140.5,133.75,1.0,2,138.0,0.0,2,0
1273149,2021-08-22,Finland,Sweden,Kerava National Cricket Ground,1511.41,1485.91,25.5,0.6667,0.4,0.6667,0.4,140.67,129.6,0.6667,3,139.0,0.0,3,0
1272373,2021-08-27,Zimbabwe,Ireland,"Castle Avenue, Dublin",1363.93,1474.89,-110.96,0.4,0.2,0.2,0.4,154.0,147.0,0.3333,3,153.74,0.5057,0,1
1272374,2021-08-29,Zimbabwe,Ireland,"Castle Avenue, Dublin",1384.88,1453.95,-69.07,0.4,0.0,0.3,0.4,153.8,128.2,0.5,4,117.0,1.0,1,0
1272093,2021-09-01,New Zealand,Bangladesh,"Shere Bangla National Stadium, Mirpur",1645.17,1501.14,144.03,0.8,0.8,0.7,0.6,154.6,121.4,1.0,10,151.09,0.5455,11,0
1272375,2021-09-01,Ireland,Zimbabwe,"Bready Cricket Club, Magheramason, Bready",1466.81,1372.02,94.79,0.2,0.4,0.4,0.3,131.2,156.0,0.6,5,153.6,0.5052,0,1
1272376,2021-09-02,Ireland,Zimbabwe,"Bready Cricket Club, Magheramason, Bready",1478.55,1360.28,118.27,0.4,0.4,0.4,0.3,140.4,153.2,0.6667,6,178.0,1.0,1,1
1275269,2021-09-02,Luxembourg,Bulgaria,"Moara Vlasiei Cricket Ground, Ilfov County",1490.18,1468.95,21.24,0.4,0.25,0.4,0.25,146.8,110.25,0.5,0,153.65,0.5062,0,1
1275270,2021-09-02,Hungary,Czech Republic,"Moara Vlasiei Cricket Ground, Ilfov County",1500.0,1452.16,47.84,0.5,0.2,0.5,0.2,153.68,120.4,0.5,0,187.0,1.0,1,1
1272094,2021-09-03,Bangladesh,New Zealand,"Shere Bangla National Stadium, Mirpur",1523.42,1622.9,-99.48,0.8,0.8,0.7,0.6,107.6,145.4,0.0909,11,143.5,0.5,12,1
1275268,2021-09-03,Romania,Czech Republic,"Moara Vlasiei Cricket Ground, Ilfov County",1571.37,1438.35,133.02,1.0,0.2,0.8571,0.1667,137.6,137.6,0.5,0,176.0,1.0,2,1
1275271,2021-09-03,Bulgaria,Malta,"Moara Vlasiei Cricket Ground, Ilfov County",1453.92,1520.17,-66.25,0.2,0.6,0.2,0.5714,113.2,143.6,0.5,0,187.67,1.0,3,0
1275272,2021-09-03,Romania,Hungary,"Moara Vlasiei Cricket Ground, Ilfov County",1581.52,1513.81,67.71,1.0,1.0,0.875,1.0,167.6,165.0,0.5,0,168.75,0.75,4,1
1272377,2021-09-04,Zimbabwe,Ireland,"Bready Cricket Club, Magheramason, Bready",1349.52,1489.3,-139.78,0.2,0.6,0.3,0.5,142.0,151.8,0.2857,7,176.0,1.0,2,1
1275274,2021-09-04,Luxembourg,Hungary,"Moara Vlasiei Cricket Ground, Ilfov County",1505.21,1500.89,4.32,0.6,0.5,0.5,0.5,158.6,176.0,0.5,0,174.0,0.8,5,1
1275275,2021-09-04,Romania,Malta,"Moara Vlasiei Cricket Ground, Ilfov County",1594.44,1533.16,61.29,1.0,0.8,0.8889,0.625,174.8,143.4,0.5,0,174.83,0.8333,6,1
1272095,2021-09-05,New Zealand,Bangladesh,"Shere Bangla National Stadium, Mirpur",1602.44,1543.88,58.56,0.6,0.8,0.6,0.8,144.2,111.2,0.8333,12,143.31,0.5385,13,1
1275276,2021-09-05,Malta,Hungary,"Moara Vlasiei Cricket Ground, Ilfov County",1519.95,1485.09,34.86,0.6,0.3333,0.5556,0.3333,151.6,176.33,0.5,0,178.71,0.8571,7,0
1275277,2021-09-05,Romania,Luxembourg,"Moara Vlasiei Cricket Ground, Ilfov County",1607.65,1521.01,86.64,1.0,0.8,0.9,0.5714,183.0,167.4,0.5,0,177.62,0.75,8,1
1272096,2021-09-08,New Zealand,Bangladesh,"Shere Bangla National Stadium, Mirpur",1615.76,1530.55,85.22,0.6,0.6,0.6,0.7,127.8,101.0,0.8462,13,142.21,0.5714,14,0
1271630,2021-09-10,South Africa,Sri Lanka,"R Premadasa Stadium, Colombo",1585.79,1446.08,139.7,0.8,0.4,0.6,0.3,165.4,108.6,0.5833,12,125.67,0.3333,3,1
1272097,2021-09-10,New Zealand,Bangladesh,"Shere Bangla National Stadium, Mirpur",1595.92,1550.39,45.52,0.4,0.8,0.5,0.8,111.8,99.4,0.7857,14,138.93,0.5333,15,1
1275044,2021-09-10,Kenya,Uganda,Entebbe Cricket Oval,1469.12,1462.93,6.19,0.4,0.2,0.5,0.2857,120.6,116.8,1.0,1,153.73,0.5107,0,1
1275052,2021-09-10,Spain,Germany,"Desert Springs Cricket Ground, Almeria",1555.23,1575.25,-20.02,0.8,0.8,0.8333,0.8,120.4,114.2,0.5,2,153.73,0.5112,0,0
1275039,2021-09-11,Nigeria,Kenya,Entebbe Cricket Oval,1432.06,1484.84,-52.77,0.0,0.6,0.25,0.6,87.6,123.0,0.5,0,151.0,1.0,1,0
1275040,2021-09-11,Uganda,Nigeria,Entebbe Cricket Oval,1447.22,1418.48,28.74,0.2,0.0,0.25,0.2222,113.8,87.2,0.5,0,129.0,0.5,2,1
1275053,2021-09-11,Germany,Spain,"Desert Springs Cricket Ground, Almeria",1590.33,1540.15,50.18,0.8,0.6,0.8,0.7143,124.6,126.2,0.6667,3,128.0,0.0,1,0
1275054,2021-09-11,Germany,Spain,"Desert Springs Cricket Ground, Almeria",1572.04,1558.45,13.59,0.6,0.6,0.7,0.75,128.2,120.8,0.5,4,121.5,0.0,2,0
1271631,2021-09-12,Sri Lanka,South Africa,"R Premadasa Stadium, Colombo",1436.19,1595.68,-159.49,0.4,1.0,0.3,0.7,113.4,168.8,0.3846,13,135.0,0.5,4,0
1275042,2021-09-13,Kenya,Nigeria,Entebbe Cricket Oval,1498.43,1403.8,94.63,0.6,0.0,0.6,0.2,117.0,92.2,1.0,1,136.67,0.6667,3,1
1275043,2021-09-13,Nigeria,Uganda,Entebbe Cricket Oval,1392.05,1461.9,-69.85,0.0,0.2,0.1,0.3333,90.2,120.8,0.0,1,143.0,0.75,4,0
1271632,2021-09-14,Sri Lanka,South Africa,"R Premadasa Stadium, Colombo",1427.06,1604.81,-177.75,0.4,1.0,0.3,0.8,115.8,156.2,0.3571,14,128.6,0.4,5,0
1273271,2021-09-15,Scotland,Zimbabwe,"Grange Cricket Club Ground, Raeburn Place, Edinburgh",1547.9,1371.63,176.27,0.6,0.4,0.6,0.4,167.0,128.2,0.0,1,153.47,0.5086,0,1
1275047,2021-09-15,Uganda,Nigeria,Entebbe Cricket Oval,1474.72,1379.22,95.5,0.4,0.0,0.4,0.0,118.8,101.6,1.0,2,139.0,0.6,5,1
1275045,2021-09-16,Nigeria,Kenya,Entebbe Cricket Oval,1367.51,1510.17,-142.66,0.0,0.6,0.0,0.6,108.8,117.6,0.0,2,144.5,0.6667,6,1
1273272,2021-09-17,Zimbabwe,Scotland,"Grange Cricket Club Ground, Raeburn Place, Edinburgh",1363.12,1556.41,-193.3,0.2,0.8,0.3,0.7,131.6,168.2,0.5,2,141.0,1.0,1,1
1275051,2021-09-17,Uganda,Kenya,Entebbe Cricket Oval,1486.43,1487.95,-1.51,0.6,0.6,0.4,0.5,140.2,120.2,0.0,2,142.86,0.7143,7,1
1273273,2021-09-19,Scotland,Zimbabwe,"Grange Cricket Club Ground, Raeburn Place, Edinburgh",1532.33,1387.2,145.13,0.6,0.4,0.6,0.4,152.6,128.4,0.3333,3,138.5,1.0,2,0
1279379,2021-10-05,Estonia,Cyprus,Happy Valley Ground,1500.0,1500.0,0.0,0.5,0.5,0.5,0.5,153.43,153.43,0.5,0,153.43,0.5106,0,0
1279380,2021-10-05,Estonia,Cyprus,Happy Valley Ground,1484.0,1516.0,-32.0,0.0,1.0,0.0,1.0,102.0,105.0,0.0,1,102.0,0.0,1,0
1279381,2021-10-06,Cyprus,Isle of Man,Happy Valley Ground,1530.53,1484.03,46.5,1.0,0.0,1.0,0.0,118.0,100.0,0.5,0,116.0,0.0,2,0
1279382,2021-10-06,Estonia,Isle of Man,Happy Valley Ground,1469.47,1502.16,-32.69,0.0,0.5,0.0,0.5,116.0,96.5,0.5,0,108.0,0.0,3,0
1279383,2021-10-07,Cyprus,Isle of Man,Happy Valley Ground,1512.4,1516.66,-4.26,0.6667,0.6667,0.6667,0.6667,109.33,105.0,0.0,1,110.5,0.0,4,0
1280060,2021-10-07,United Arab Emirates,Ireland,"ICC Academy, Dubai",1537.84,1467.19,70.65,0.6,0.6,0.7,0.4,131.8,147.6,0.4,5,153.25,0.508,0,0
1279385,2021-10-08,Cyprus,Estonia,Happy Valley Ground,1496.6,1454.97,41.63,0.5,0.0,0.5,0.0,119.25,116.67,1.0,2,118.2,0.0,5,1
1279386,2021-10-08,Estonia,Isle of Man,Happy Valley Ground,1440.88,1532.46,-91.59,0.0,0.75,0.0,0.75,117.75,116.5,0.0,1,125.17,0.1667,6,0
1280061,2021-10-08,United Arab Emirates,Ireland,"ICC Academy, Dubai",1518.63,1486.4,32.23,0.6,0.8,0.6,0.4,140.4,149.6,0.3333,6,123.0,0.0,1,1
1280063,2021-10-08,Papua New Guinea,Scotland,"ICC Academy, Dubai",1575.67,1510.01,65.66,0.8,0.6,0.8,0.6,136.6,162.0,0.0,1,143.0,0.5,2,0
1280058,2021-10-09,Scotland,Namibia,"ICC Academy, Dubai",1529.0,1608.76,-79.76,0.6,0.6,0.6,0.8,153.6,135.6,0.0,1,146.67,0.3333,3,0
1280059,2021-10-10,Namibia,Papua New Guinea,"ICC Academy, Dubai",1621.15,1556.69,64.46,0.8,0.6,0.8,0.7,140.8,142.0,0.0,2,144.25,0.25,4,1
1280062,2021-10-10,Ireland,United Arab Emirates,"ICC Academy, Dubai",1471.88,1533.15,-61.27,0.6,0.8,0.4,0.6,140.8,151.4,0.5714,7,150.2,0.4,5,0
1282738,2021-10-15,Jersey,Germany,"Desert Springs Cricket Ground, Almeria",1517.78,1555.41,-37.63,0.4,0.4,0.6,0.6,130.4,119.2,0.0,1,120.67,0.0,3,1
1282739,2021-10-15,Denmark,Italy,"Desert Springs Cricket Ground, Almeria",1488.9,1496.41,-7.51,0.4,0.5,0.4286,0.5,128.0,115.0,1.0,1,124.75,0.25,4,0
1282740,2021-10-16,Denmark,Germany,"Desert Springs Cricket Ground, Almeria",1473.24,1537.68,-64.44,0.4,0.4,0.375,0.6,126.2,119.0,0.0,1,119.8,0.2,5,0
1282741,2021-10-16,Jersey,Italy,"Desert Springs Cricket Ground, Almeria",1535.51,1512.06,23.45,0.6,0.6,0.6,0.6,133.2,112.2,1.0,1,118.17,0.1667,6,1
1283021,2021-10-16,Rwanda,Ghana,Gahanga International Cricket Stadium. Rwanda,1485.03,1453.24,31.8,0.5,0.4,0.5,0.25,119.5,134.0,0.5,4,153.25,0.5,4,0
1283023,2021-10-16,Seychelles,Ghana,Gahanga International Cricket Stadium. Rwanda,1500.0,1470.7,29.3,0.5,0.6,0.5,0.3333,153.02,142.8,0.5,0,153.2,0.4,5,0
1283024,2021-10-16,Malawi,Uganda,Integrated Polytechnic Regional Centre,1500.0,1502.5,-2.5,0.5,0.8,0.5,0.5,152.96,139.4,0.5,0,152.96,0.5059,0,0
1273712,2021-10-17,Papua New Guinea,Oman,Al Amerat Cricket Ground Oman Cricket (Ministry Turf 1),1543.62,1507.54,36.08,0.4,0.4,0.6,0.6,138.0,133.4,0.5,0,152.05,0.3684,19,0
1273713,2021-10-17,Scotland,Bangladesh,Al Amerat Cricket Ground Oman Cricket (Ministry Turf 1),1516.61,1536.48,-19.87,0.4,0.6,0.5,0.7,147.4,101.8,0.5,0,150.9,0.35,20,1
1282742,2021-10-17,Jersey,Denmark,"Desert Springs Cricket Ground, Almeria",1550.43,1460.18,90.25,0.6,0.4,0.6,0.3333,131.6,125.8,1.0,1,121.14,0.2857,7,1
1282743,2021-10-17,Italy,Germany,"Desert Springs Cricket Ground, Almeria",1497.14,1550.75,-53.61,0.4,0.4,0.5,0.6,104.8,122.2,1.0,1,117.75,0.375,8,0
1283025,2021-10-17,Lesotho,Seychelles,Gahanga International Cricket Stadium. Rwanda,1500.0,1482.65,17.35,0.5,0.0,0.5,0.0,152.76,95.0,0.5,0,143.5,0.3333,6,0
1283026,2021-10-17,Swaziland,Malawi,Integrated Polytechnic Regional Centre,1500.0,1484.12,15.88,0.5,0.0,0.5,0.0,152.74,98.0,0.5,0,98.0,0.0,1,0
1283028,2021-10-17,Uganda,Rwanda,Integrated Polytechnic Regional Centre,1518.39,1467.57,50.82,1.0,0.4,0.6,0.4,133.8,126.2,0.5,0,97.5,0.0,2,1
1273714,2021-10-18,Netherlands,Ireland,"Zayed Cricket Stadium, Abu Dhabi",1558.74,1458.68,100.06,0.6,0.4,0.7,0.4,153.2,132.0,0.6364,11,152.7,0.5049,0,0
1273715,2021-10-18,Namibia,Sri Lanka,"Zayed Cricket Stadium, Abu Dhabi",1634.21,1418.6,215.61,1.0,0.4,0.8,0.2,154.0,114.6,0.5,0,106.0,0.0,1,0
1273716,2021-10-19,Scotland,Papua New Guinea,Al Amerat Cricket Ground Oman Cricket (Ministry Turf 1),1533.52,1525.97,7.56,0.4,0.2,0.6,0.5,147.2,140.2,1.0,2,150.38,0.381,21,1
1273717,2021-10-19,Bangladesh,Oman,Al Amerat Cricket Ground Oman Cricket (Ministry Turf 1),1519.56,1525.2,-5.63,0.4,0.6,0.6,0.6,116.2,134.2,1.0,1,151.05,0.4091,22,1
1282744,2021-10-19,Italy,Denmark,"Desert Springs Cricket Ground, Almeria",1483.59,1448.24,35.35,0.2,0.2,0.4286,0.3,101.2,112.0,0.5,2,116.11,0.3333,9,1
1282745,2021-10-19,Germany,Jersey,"Desert Springs Cricket Ground, Almeria",1564.3,1562.36,1.94,0.4,0.8,0.6,0.6,116.6,123.2,0.5,2,118.6,0.4,10,0
1283029,2021-10-19,Malawi,Ghana,Gahanga International Cricket Stadium. Rwanda,1500.85,1488.04,12.8,0.5,0.8,0.5,0.4,98.5,129.2,0.5,0,141.71,0.2857,7,0
1283030,2021-10-19,Lesotho,Uganda,Integrated Polytechnic Regional Centre,1483.2,1532.07,-48.86,0.0,1.0,0.0,0.6,131.0,137.2,0.5,0,121.33,0.3333,3,0
1283032,2021-10-19,Swaziland,Uganda,Integrated Polytechnic Regional Centre,1483.27,1545.83,-62.56,0.0,1.0,0.0,0.7,97.0,117.8,0.5,0,97.5,0.25,4,0
1283089,2021-10-19,Nigeria,Sierra Leone,University of Lagos Cricket Oval,1389.74,1500.0,-110.26,0.2,0.5,0.1,0.5,114.0,152.28,0.5,0,152.28,0.5034,0,0
1273718,2021-10-20,Netherlands,Namibia,"Zayed Cricket Stadium, Abu Dhabi",1538.25,1609.39,-71.13,0.4,0.8,0.7,0.7,147.6,146.2,1.0,1,101.0,0.0,2,0
1273719,2021-10-20,Sri Lanka,Ireland,"Zayed Cricket Stadium, Abu Dhabi",1443.42,1479.16,-35.74,0.4,0.4,0.3,0.5,108.0,118.6,1.0,1,122.0,0.0,3,1
1282746,2021-10-20,Italy,Jersey,"Desert Springs Cricket Ground, Almeria",1497.97,1578.45,-80.49,0.4,1.0,0.5,0.7,114.2,119.4,0.0,2,115.55,0.3636,11,0
1282747,2021-10-20,Germany,Denmark,"Desert Springs Cricket Ground, Almeria",1548.21,1433.86,114.35,0.4,0.2,0.5,0.3,110.6,111.4,1.0,2,114.25,0.3333,12,1
1283033,2021-10-20,Malawi,Seychelles,Gahanga International Cricket Stadium. Rwanda,1484.26,1499.45,-15.19,0.3333,0.5,0.3333,0.5,97.33,113.5,0.5,0,135.88,0.25,8,1
1283034,2021-10-20,Swaziland,Ghana,Integrated Polytechnic Regional Centre,1470.12,1504.63,-34.51,0.0,1.0,0.0,0.5,84.5,132.6,0.5,0,92.4,0.2,5,0
1283035,2021-10-20,Swaziland,Seychelles,Gahanga International Cricket Stadium. Rwanda,1455.7,1482.75,-27.05,0.0,0.3333,0.0,0.3333,81.0,116.0,0.5,0,136.56,0.3333,9,0
1283036,2021-10-20,Rwanda,Lesotho,Integrated Polytechnic Regional Centre,1453.9,1469.44,-15.54,0.2,0.0,0.3333,0.0,105.8,78.5,0.5,0,89.33,0.1667,6,1
1273720,2021-10-21,Bangladesh,Papua New Guinea,Al Amerat Cricket Ground Oman Cricket (Ministry Turf 1),1535.82,1510.31,25.51,0.4,0.0,0.6,0.4,118.6,143.8,0.5,0,151.13,0.4348,23,1
1273721,2021-10-21,Oman,Scotland,Al Amerat Cricket Ground Oman Cricket (Ministry Turf 1),1508.94,1549.17,-40.24,0.6,0.6,0.5,0.6,138.2,155.0,0.0,3,152.38,0.4583,24,0
1282272,2021-10-21,Malta,Gibraltar,Marsa Sports Club,1502.35,1415.49,86.86,0.6,0.0,0.5,0.0,159.0,128.4,1.0,2,112.6,0.2,5,1
1282748,2021-10-21,Italy,Germany,"Desert Springs Cricket Ground, Almeria",1485.61,1559.13,-73.52,0.4,0.6,0.4444,0.5,108.6,110.6,0.5,2,114.62,0.3846,13,1
1282749,2021-10-21,Denmark,Jersey,"Desert Springs Cricket Ground, Almeria",1422.95,1590.81,-167.86,0.0,1.0,0.2,0.7,107.6,112.0,0.0,2,114.79,0.4286,14,0
1283037,2021-10-21,Uganda,Ghana,Gahanga International Cricket Stadium. Rwanda,1558.98,1519.05,39.93,1.0,1.0,0.8,0.6,98.6,114.4,1.0,1,135.7,0.3,10,1
1283091,2021-10-21,Nigeria,Sierra Leone,University of Lagos Cricket Oval,1378.65,1511.09,-132.43,0.2,1.0,0.1,1.0,114.6,100.0,0.0,1,99.0,0.0,1,1
1273722,2021-10-22,Ireland,Namibia,Sharjah Cricket Stadium,1461.52,1622.16,-160.64,0.4,0.8,0.5,0.7,115.0,152.6,1.0,1,146.0,1.0,1,0
1273723,2021-10-22,Netherlands,Sri Lanka,Sharjah Cricket Stadium,1525.48,1461.06,64.42,0.4,0.4,0.6,0.4,153.2,125.8,0.0,1,135.5,0.5,2,0
1282273,2021-10-22,Gibraltar,Switzerland,Marsa Sports Club,1403.41,1500.0,-96.59,0.0,0.5,0.0,0.5,139.2,151.89,0.5,0,129.33,0.3333,6,0
1282275,2021-10-22,Bulgaria,Switzerland,Marsa Sports Club,1440.94,1511.66,-70.72,0.0,1.0,0.1667,1.0,110.0,134.0,0.5,0,129.86,0.2857,7,0
1283038,2021-10-22,Swaziland,Rwanda,Gahanga International Cricket Stadium. Rwanda,1440.95,1470.61,-29.67,0.0,0.2,0.0,0.4286,92.75,99.0,0.5,0,139.36,0.3636,11,0
1283040,2021-10-22,Malawi,Rwanda,Gahanga International Cricket Stadium. Rwanda,1500.96,1485.25,15.71,0.5,0.4,0.5,0.5,108.5,108.8,0.5,0,134.17,0.3333,12,1
1283041,2021-10-22,Uganda,Seychelles,Integrated Polytechnic Regional Centre,1573.15,1497.51,75.64,1.0,0.5,0.9,0.5,109.8,119.5,0.5,0,91.14,0.2857,7,1
1273724,2021-10-23,South Africa,Australia,"Zayed Cricket Stadium, Abu Dhabi",1613.27,1507.26,106.01,1.0,0.2,0.9,0.2,147.4,102.6,0.381,21,134.25,0.25,4,0
1273725,2021-10-23,West Indies,England,Dubai International Cricket Stadium,1525.75,1700.34,-174.58,0.6,0.8,0.5,0.6,174.4,168.8,0.6111,18,146.42,0.6226,53,0
1282276,2021-10-23,Switzerland,Malta,Marsa Sports Club,1524.45,1514.43,10.02,1.0,0.6,1.0,0.5,108.0,171.8,0.5,0,123.75,0.25,8,1
1283092,2021-10-23,Sierra Leone,Nigeria,University of Lagos Cricket Oval,1489.27,1400.47,88.8,0.5,0.4,0.5,0.2,77.5,119.2,0.5,2,111.5,0.5,2,0
1284489,2021-10-23,Maldives,Saudi Arabia,"West End Park International Cricket Stadium, Doha",1463.73,1483.58,-19.84,0.2,0.0,0.3333,0.0,114.6,138.0,0.5,0,151.54,0.5019,0,0
1273726,2021-10-24,Bangladesh,Sri Lanka,Sharjah Cricket Stadium,1550.65,1480.0,70.65,0.6,0.6,0.6,0.5,139.6,107.8,0.3636,11,105.0,0.3333,3,0
1273727,2021-10-24,India,Pakistan,Dubai International Cricket Stadium,1662.87,1639.37,23.5,0.6,0.6,0.5,0.6,157.2,172.6,0.8571,7,144.72,0.6111,54,0
1282278,2021-10-24,Gibraltar,Bulgaria,Marsa Sports Club,1391.74,1428.15,-36.41,0.0,0.0,0.0,0.1429,146.8,107.0,0.5,0,126.67,0.3333,9,0
1282279,2021-10-24,Malta,Switzerland,Marsa Sports Club,1498.89,1539.99,-41.1,0.4,1.0,0.5,1.0,160.8,122.0,0.0,1,131.7,0.3,10,1
1283093,2021-10-24,Nigeria,Sierra Leone,University of Lagos Cricket Oval,1420.47,1469.26,-48.79,0.6,0.3333,0.3,0.3333,111.6,79.67,0.6667,3,102.33,0.3333,3,1
1284490,2021-10-24,Bahrain,Kuwait,"West End Park International Cricket Stadium, Doha",1499.19,1500.94,-1.75,0.5,0.6,0.5,0.5,116.0,150.8,0.0,1,98.0,0.0,1,0
1284491,2021-10-24,Qatar,Maldives,"West End Park International Cricket Stadium, Doha",1467.58,1448.65,18.94,0.4,0.2,0.3333,0.2857,131.6,103.6,0.5,0,111.0,0.0,2,1
1273729,2021-10-26,West Indies,South Africa,Dubai International Cricket Stadium,1517.18,1592.54,-75.36,0.4,0.8,0.5,0.8,146.2,139.2,0.4,15,144.84,0.6,55,0
1273730,2021-10-26,New Zealand,Pakistan,Sharjah Cricket Stadium,1609.83,1656.45,-46.62,0.4,0.6,0.6,0.7,115.8,170.0,0.4167,24,121.5,0.25,4,0
1283094,2021-10-26,Nigeria,Sierra Leone,University of Lagos Cricket Oval,1438.71,1451.03,-12.33,0.8,0.25,0.4,0.25,106.2,77.5,0.75,4,99.25,0.5,4,1
1273731,2021-10-27,Bangladesh,England,"Zayed Cricket Stadium, Abu Dhabi",1531.44,1708.91,-177.47,0.4,0.8,0.6,0.7,154.6,158.4,0.5,0,131.0,0.2,5,0
1273732,2021-10-27,Scotland,Namibia,"Zayed Cricket Stadium, Abu Dhabi",1563.33,1631.24,-67.91,0.8,0.8,0.7,0.7,144.2,140.0,0.0,2,129.83,0.1667,6,0
1284493,2021-10-27,Maldives,Bahrain,"West End Park International Cricket Stadium, Doha",1433.52,1483.27,-49.75,0.2,0.3333,0.25,0.3333,99.0,118.67,0.5,0,125.33,0.3333,3,0
1273733,2021-10-28,Sri Lanka,Australia,Dubai International Cricket Stadium,1499.21,1528.0,-28.79,0.8,0.4,0.6,0.3,121.6,105.2,0.5,16,144.8,0.5893,56,0
1284495,2021-10-28,Maldives,Kuwait,"West End Park International Cricket Stadium, Doha",1419.79,1516.86,-97.07,0.0,0.6,0.2222,0.5714,93.0,137.2,0.5,0,116.0,0.25,4,0
1284496,2021-10-28,Bahrain,Saudi Arabia,"West End Park International Cricket Stadium, Doha",1496.99,1498.66,-1.67,0.5,0.5,0.5,0.5,112.25,119.5,0.5,0,113.4,0.2,5,1
1273734,2021-10-29,West Indies,Bangladesh,Sharjah Cricket Stadium,1504.6,1522.97,-18.37,0.2,0.4,0.5,0.5,146.4,152.6,0.5455,11,124.0,0.2,5,1
1284497,2021-10-29,Kuwait,Qatar,"West End Park International Cricket Stadium, Doha",1528.5,1482.71,45.79,0.8,0.4,0.625,0.4286,130.4,137.6,1.0,1,124.33,0.3333,6,0
1273736,2021-10-30,Sri Lanka,South Africa,Sharjah Cricket Stadium,1484.53,1605.12,-120.59,0.8,0.8,0.6,0.8,128.4,130.2,0.3333,15,127.0,0.3333,6,0
1273737,2021-10-30,Australia,England,Dubai International Cricket Stadium,1542.67,1717.38,-174.71,0.6,0.8,0.4,0.7,112.0,147.6,0.5556,18,144.96,0.5789,57,0
1273739,2021-10-31,India,New Zealand,Dubai International Cricket Stadium,1645.79,1595.97,49.82,0.4,0.4,0.4,0.6,150.4,130.6,0.4286,14,144.62,0.569,58,0
1273740,2021-11-01,England,Sri Lanka,Sharjah Cricket Stadium,1725.95,1473.87,252.08,1.0,0.6,0.8,0.5,132.6,136.8,0.6667,12,129.14,0.2857,7,1
1273741,2021-11-02,Bangladesh,South Africa,"Zayed Cricket Stadium, Abu Dhabi",1506.13,1615.78,-109.65,0.4,0.8,0.4,0.9,153.6,126.8,0.0,6,126.86,0.1429,7,0
1273742,2021-11-02,Pakistan,Namibia,"Zayed Cricket Stadium, Abu Dhabi",1670.31,1644.16,26.16,0.6,0.8,0.7,0.8,150.6,135.4,0.5,0,121.5,0.125,8,1
1283042,2021-11-02,Botswana,Sierra Leone,Gahanga International Cricket Stadium. Rwanda,1413.35,1434.46,-21.11,0.0,0.2,0.0,0.2,88.6,81.6,0.5,0,134.54,0.3846,13,1
1283043,2021-11-02,Tanzania,Mozambique,Gahanga International Cricket Stadium. Rwanda,1500.0,1500.0,0.0,0.5,0.5,0.5,0.5,151.18,151.18,0.5,0,136.14,0.4286,14,1
1273743,2021-11-03,New Zealand,Scotland,Dubai International Cricket Stadium,1614.24,1550.42,63.83,0.6,0.6,0.6,0.6,125.4,134.8,1.0,1,144.03,0.5593,59,1
1283044,2021-11-03,Mozambique,Cameroon,Gahanga International Cricket Stadium. Rwanda,1484.0,1500.0,-16.0,0.0,0.5,0.0,0.5,155.0,151.28,0.5,0,143.2,0.4667,15,1
1283045,2021-11-03,Sierra Leone,Tanzania,Gahanga International Cricket Stadium. Rwanda,1417.49,1516.0,-98.51,0.0,1.0,0.1667,1.0,78.6,242.0,0.5,0,147.31,0.5,16,0
1273745,2021-11-04,Bangladesh,Australia,Dubai International Cricket Stadium,1495.01,1534.1,-39.09,0.2,0.6,0.3,0.4,139.8,113.6,0.4444,9,144.5,0.5667,60,0
1273746,2021-11-04,Sri Lanka,West Indies,"Zayed Cricket Stadium, Abu Dhabi",1467.8,1521.44,-53.65,0.4,0.4,0.4,0.5,130.0,137.8,0.5,14,129.0,0.2222,9,1
1273747,2021-11-05,New Zealand,Namibia,Sharjah Cricket Stadium,1627.34,1629.36,-2.02,0.6,0.6,0.6,0.8,134.2,129.4,0.5,0,133.38,0.375,8,1
1273748,2021-11-05,Scotland,India,Dubai International Cricket Stadium,1537.32,1627.51,-90.19,0.6,0.2,0.5,0.4,138.6,127.6,0.5,0,143.33,0.5574,61,0
1283046,2021-11-05,Cameroon,Botswana,Gahanga International Cricket Stadium. Rwanda,1483.26,1430.32,52.94,0.0,0.2,0.0,0.125,38.0,110.8,0.5,0,144.47,0.4706,17,0
1283047,2021-11-05,Mozambique,Sierra Leone,Gahanga International Cricket Stadium. Rwanda,1500.74,1405.91,94.82,0.5,0.0,0.5,0.1429,182.0,87.4,0.5,0,139.28,0.4444,18,0
1273749,2021-11-06,West Indies,Australia,"Zayed Cricket Stadium, Abu Dhabi",1502.99,1548.31,-45.32,0.2,0.6,0.5,0.4,131.8,108.2,0.625,16,135.0,0.3,10,0
1273750,2021-11-06,South Africa,England,Sharjah Cricket Stadium,1626.89,1732.03,-105.14,0.8,1.0,0.9,0.9,123.0,125.2,0.45,20,136.67,0.4444,9,1
1283048,2021-11-06,Botswana,Mozambique,Gahanga International Cricket Stadium. Rwanda,1448.74,1480.47,-31.73,0.4,0.3333,0.2222,0.3333,101.6,153.33,0.5,0,137.0,0.4211,19,1
1283049,2021-11-06,Tanzania,Cameroon,Gahanga International Cricket Stadium. Rwanda,1527.58,1464.84,62.74,1.0,0.0,1.0,0.0,173.0,44.5,0.5,0,137.75,0.45,20,1
1273752,2021-11-07,Pakistan,Scotland,Sharjah Cricket Stadium,1685.11,1525.39,159.72,0.8,0.4,0.7,0.4,157.4,127.6,1.0,3,141.9,0.5,10,1
1283050,2021-11-07,Cameroon,Sierra Leone,Gahanga International Cricket Stadium. Rwanda,1451.7,1426.17,25.53,0.0,0.2,0.0,0.25,50.33,90.0,0.5,0,142.62,0.4762,21,0
1283051,2021-11-07,Tanzania,Botswana,Gahanga International Cricket Stadium. Rwanda,1540.72,1466.2,74.53,1.0,0.6,1.0,0.3,195.33,108.8,0.5,0,140.18,0.4545,22,1
1286667,2021-11-07,Belize,United States of America,"Coolidge Cricket Ground, Antigua",1500.0,1447.92,52.08,0.5,0.4,0.5,0.2857,151.15,114.6,0.5,0,140.67,0.3333,3,0
1273753,2021-11-08,Namibia,India,Dubai International Cricket Stadium,1613.26,1639.45,-26.18,0.6,0.2,0.7,0.5,132.4,112.6,0.5,0,142.39,0.5484,62,0
1286670,2021-11-08,Canada,Belize,"Coolidge Cricket Ground, Antigua",1467.96,1481.62,-13.66,0.4,0.0,0.7,0.0,143.4,64.0,0.5,0,121.5,0.25,4,1
1286671,2021-11-08,Bahamas,Argentina,"Sir Vivian Richards Stadium, North Sound, Antigua",1500.0,1500.0,0.0,0.5,0.5,0.5,0.5,151.13,151.13,0.5,0,151.13,0.4991,0,1
1286672,2021-11-08,Belize,Panama,"Coolidge Cricket Ground, Antigua",1464.99,1500.0,-35.01,0.0,0.5,0.0,0.5,76.5,151.1,0.5,0,144.0,0.4,5,1
1286673,2021-11-08,United States of America,Bermuda,"Sir Vivian Richards Stadium, North Sound, Antigua",1466.3,1446.27,20.02,0.4,0.0,0.375,0.4,116.2,124.0,0.0,2,121.0,1.0,1,1
1273754,2021-11-10,England,New Zealand,"Zayed Cricket Stadium, Abu Dhabi",1711.33,1643.43,67.9,0.8,0.8,0.8,0.6,130.0,148.2,0.6316,19,137.0,0.2727,11,0
1286675,2021-11-10,Argentina,Belize,"Sir Vivian Richards Stadium, North Sound, Antigua",1484.0,1482.6,1.4,0.0,0.3333,0.0,0.3333,109.0,98.67,0.5,0,146.5,1.0,2,1
1286677,2021-11-10,Bermuda,Bahamas,"Coolidge Cricket Ground, Antigua",1431.2,1516.0,-84.8,0.0,1.0,0.3,1.0,124.0,121.0,0.5,0,143.83,0.5,6,1
1273755,2021-11-11,Pakistan,Australia,Dubai International Cricket Stadium,1694.23,1562.24,132.0,1.0,0.8,0.7,0.5,164.4,128.0,0.5714,21,142.22,0.5397,63,0
1286681,2021-11-11,Argentina,United States of America,"Sir Vivian Richards Stadium, North Sound, Antigua",1499.94,1481.38,18.56,0.5,0.6,0.5,0.4444,140.0,121.8,0.5,0,154.67,1.0,3,0
1286682,2021-11-13,Bahamas,United States of America,"Coolidge Cricket Ground, Antigua",1496.17,1498.23,-2.06,0.5,0.8,0.5,0.5,110.0,112.4,0.5,0,157.43,0.5714,7,0
1286683,2021-11-13,Belize,Bermuda,"Sir Vivian Richards Stadium, North Sound, Antigua",1466.66,1451.03,15.64,0.25,0.2,0.25,0.3,102.0,153.2,0.5,0,138.5,0.75,4,0
1286684,2021-11-13,Panama,Bahamas,"Coolidge Cricket Ground, Antigua",1482.39,1480.27,2.13,0.0,0.3333,0.0,0.3333,131.0,103.33,0.5,0,149.0,0.5,8,1
1286685,2021-11-13,Argentina,Canada,"Sir Vivian Richards Stadium, North Sound, Antigua",1483.08,1484.59,-1.51,0.3333,0.4,0.3333,0.7,123.33,158.4,0.5,0,127.8,0.6,5,0
1273756,2021-11-14,New Zealand,Australia,Dubai International Cricket Stadium,1662.52,1584.04,78.48,0.8,0.8,0.6,0.6,149.4,139.2,0.3077,13,142.75,0.5312,64,0
1286686,2021-11-14,Canada,Panama,"Coolidge Cricket Ground, Antigua",1500.52,1498.3,2.22,0.4,0.5,0.7,0.5,150.2,135.0,0.5,0,147.89,0.5556,9,1
1278671,2021-11-17,New Zealand,India,"Sawai Mansingh Stadium, Jaipur",1642.96,1654.24,-11.28,0.8,0.4,0.6,0.5,157.0,113.4,0.6,15,151.13,0.4991,0,0
1289042,2021-11-17,Nigeria,Tanzania,Gahanga International Cricket Stadium. Rwanda,1455.27,1553.34,-98.07,0.8,1.0,0.5,1.0,106.4,182.25,0.5,0,140.3,0.4783,23,0
1289043,2021-11-17,Kenya,Uganda,Integrated Polytechnic Regional Centre,1471.88,1585.72,-113.84,0.6,1.0,0.5,1.0,128.4,122.4,0.6667,3,100.25,0.375,8,1
1289044,2021-11-17,Uganda,Nigeria,Gahanga International Cricket Stadium. Rwanda,1564.66,1443.67,120.98,0.8,0.8,0.9,0.5,120.6,109.4,1.0,3,139.21,0.4583,24,1
1289045,2021-11-17,Tanzania,Kenya,Integrated Polytechnic Regional Centre,1564.94,1492.94,72.0,1.0,0.6,1.0,0.6,169.2,130.4,0.5,0,107.0,0.4444,9,1
1289046,2021-11-18,Tanzania,Uganda,Gahanga International Cricket Stadium. Rwanda,1577.67,1575.3,2.37,1.0,0.8,1.0,0.9,158.2,144.6,0.5,0,139.52,0.48,25,0
1289047,2021-11-18,Nigeria,Kenya,Integrated Polytechnic Regional Centre,1433.03,1480.21,-47.18,0.6,0.4,0.5,0.5,94.6,136.4,0.3333,3,115.0,0.5,10,0
1289048,2021-11-18,Tanzania,Kenya,Gahanga International Cricket Stadium. Rwanda,1561.56,1494.05,67.51,0.8,0.4,0.8571,0.5,165.4,131.2,1.0,1,139.54,0.4615,26,0
1289049,2021-11-18,Nigeria,Uganda,Integrated Polytechnic Regional Centre,1419.19,1591.41,-172.22,0.4,0.8,0.5,0.9,103.6,157.6,0.0,4,116.36,0.4545,11,0
1277974,2021-11-19,Bangladesh,Pakistan,"Shere Bangla National Stadium, Mirpur",1480.81,1672.43,-191.63,0.0,0.8,0.3,0.7,118.2,168.2,0.1667,12,140.31,0.5625,16,0
1278672,2021-11-19,New Zealand,India,"JSCA International Stadium Complex, Ranchi",1627.48,1669.73,-42.24,0.6,0.6,0.6,0.6,167.6,130.4,0.5625,16,151.02,0.4973,0,0
1277975,2021-11-20,Bangladesh,Pakistan,"Shere Bangla National Stadium, Mirpur",1472.83,1680.4,-207.57,0.0,0.8,0.2,0.7,109.4,164.2,0.1538,13,139.53,0.5294,17,0
1289050,2021-11-20,Tanzania,Uganda,Gahanga International Cricket Stadium. Rwanda,1542.49,1600.07,-57.58,0.6,0.8,0.75,0.9,137.6,145.2,0.0,1,138.11,0.4444,27,0
1289051,2021-11-20,Kenya,Nigeria,Integrated Polytechnic Regional Centre,1513.12,1410.53,102.59,0.6,0.2,0.6,0.5,130.6,108.0,0.75,4,116.0,0.4167,12,1
1289052,2021-11-20,Kenya,Uganda,Gahanga International Cricket Stadium. Rwanda,1524.53,1613.44,-88.91,0.8,0.8,0.7,0.9,141.4,127.2,0.75,4,135.61,0.4286,28,0
1289053,2021-11-20,Tanzania,Nigeria,Integrated Polytechnic Regional Centre,1529.12,1399.12,130.0,0.4,0.0,0.6667,0.4,122.6,102.8,1.0,1,120.0,0.4615,13,1
1278673,2021-11-21,India,New Zealand,"Eden Gardens, Kolkata",1683.79,1613.42,70.37,0.8,0.4,0.6,0.5,131.2,163.8,0.4706,17,150.89,0.4965,0,1
1277976,2021-11-22,Bangladesh,Pakistan,"Shere Bangla National Stadium, Mirpur",1465.4,1687.84,-222.44,0.0,0.8,0.2,0.7,106.2,159.0,0.1429,14,137.78,0.5,18,0
1287773,2021-12-13,Pakistan,West Indies,"National Stadium, Karachi",1694.8,1489.07,205.73,0.8,0.2,0.8,0.4,146.6,133.2,0.8,15,150.89,0.4965,0,1
1287774,2021-12-14,Pakistan,West Indies,"National Stadium, Karachi",1702.3,1481.57,220.73,0.8,0.2,0.9,0.3,148.8,149.6,0.8125,16,200.0,1.0,1,1
1287775,2021-12-16,West Indies,Pakistan,"National Stadium, Karachi",1474.56,1709.31,-234.75,0.2,1.0,0.2,0.9,153.6,148.0,0.1765,17,186.0,1.0,2,0
1291187,2021-12-22,United States of America,Ireland,"Central Broward Regional Park Stadium Turf Ground, Lauderhill",1514.13,1452.43,61.7,0.8,0.2,0.6,0.5,116.6,115.2,0.5,0,151.0,0.4969,0,1
1291188,2021-12-23,Ireland,United States of America,"Central Broward Regional Park Stadium Turf Ground, Lauderhill",1439.24,1527.32,-88.08,0.2,1.0,0.4,0.7,125.8,122.6,0.0,1,188.0,1.0,1,1
1256720,2022-01-22,England,West Indies,"Kensington Oval, Bridgetown, Barbados",1692.24,1467.98,224.26,0.6,0.0,0.7,0.2,152.0,166.6,0.4211,19,151.03,0.4978,0,0
1256721,2022-01-23,England,West Indies,"Kensington Oval, Bridgetown, Barbados",1667.14,1493.07,174.07,0.4,0.2,0.6,0.2,147.4,153.6,0.4,20,103.0,0.0,1,1
1256722,2022-01-26,West Indies,England,"Kensington Oval, Bridgetown, Barbados",1484.48,1675.74,-191.26,0.2,0.4,0.2,0.7,156.2,156.4,0.5714,21,137.0,0.5,2,1
1256723,2022-01-29,England,West Indies,"Kensington Oval, Bridgetown, Barbados",1651.72,1508.49,143.23,0.2,0.4,0.6,0.3,164.6,173.6,0.4091,22,166.0,0.6667,3,1
1256724,2022-01-30,West Indies,England,"Kensington Oval, Bridgetown, Barbados",1498.74,1661.48,-162.74,0.4,0.4,0.3,0.6,172.8,167.4,0.5652,23,172.75,0.75,4,1
1263471,2022-02-11,Australia,Sri Lanka,Sydney Cricket Ground,1603.59,1486.25,117.34,0.8,0.4,0.7,0.5,142.8,158.8,0.5294,17,170.88,0.375,8,1
1299593,2022-02-11,Oman,Nepal,Al Amerat Cricket Ground Oman Cricket (Ministry Turf 1),1494.78,1546.14,-51.35,0.4,0.8,0.5,0.8,135.8,183.0,1.0,1,151.16,0.44,25,0
1299594,2022-02-12,Oman,Ireland,Al Amerat Cricket Ground Oman Cricket (Ministry Turf 1),1481.13,1459.22,21.92,0.4,0.4,0.4,0.4,129.4,129.0,0.5,4,150.54,0.4231,26,0
1299638,2022-02-12,United Arab Emirates,Nepal,Al Amerat Cricket Ground Oman Cricket (Ministry Turf 1),1546.36,1559.79,-13.43,0.8,0.8,0.7,0.8,149.2,182.2,0.3333,3,150.04,0.4074,27,1
1299592,2022-02-13,United Arab Emirates,Ireland,Al Amerat Cricket Ground Oman Cricket (Ministry Turf 1),1562.98,1476.22,86.75,0.8,0.4,0.7,0.4,163.2,135.6,0.5,8,151.54,0.4286,28,1
1299595,2022-02-14,United Arab Emirates,Oman,Al Amerat Cricket Ground Oman Cricket (Ministry Turf 1),1575.06,1464.12,110.94,0.8,0.2,0.7,0.3,159.0,130.4,0.6667,3,152.45,0.4483,29,0
1299596,2022-02-14,Ireland,Nepal,Al Amerat Cricket Ground Oman Cricket (Ministry Turf 1),1464.14,1543.17,-79.03,0.4,0.6,0.4,0.7,148.4,193.0,1.0,2,152.83,0.4333,30,1
1263473,2022-02-15,Sri Lanka,Australia,"Manuka Oval, Canberra",1475.45,1614.38,-138.93,0.2,1.0,0.5,0.8,148.8,147.6,0.4444,18,151.15,0.4996,0,0
1278679,2022-02-16,West Indies,India,"Eden Gardens, Kolkata",1521.73,1696.59,-174.86,0.6,1.0,0.3,0.6,167.2,146.0,0.375,16,184.0,1.0,1,0
1263474,2022-02-18,Sri Lanka,Australia,Melbourne Cricket Ground,1465.53,1624.31,-158.77,0.2,1.0,0.5,0.8,142.2,156.8,0.4211,19,140.33,0.4167,12,0
1278680,2022-02-18,India,West Indies,"Eden Gardens, Kolkata",1705.16,1513.17,191.99,1.0,0.4,0.6,0.3,160.6,177.8,0.6471,17,170.5,0.5,2,1
1299566,2022-02-18,Nepal,Oman,Al Amerat Cricket Ground Oman Cricket (Ministry Turf 1),1523.59,1485.07,38.53,0.6,0.2,0.6,0.4,174.0,137.2,0.5,2,152.0,0.4516,31,1
1299567,2022-02-18,Canada,Philippines,Al Amerat Cricket Ground Oman Cricket (Ministry Turf 2),1516.42,1484.14,32.28,0.6,0.3333,0.7,0.3333,175.6,74.0,0.5,0,126.67,0.6667,3,1
1299568,2022-02-18,United Arab Emirates,Ireland,Al Amerat Cricket Ground Oman Cricket (Ministry Turf 1),1554.12,1483.72,70.41,0.8,0.6,0.7,0.4,167.2,148.8,0.5556,9,150.91,0.4688,32,1
1299569,2022-02-18,Germany,Bahrain,Al Amerat Cricket Ground Oman Cricket (Ministry Turf 2),1539.79,1513.07,26.72,0.6,0.6,0.5,0.6,107.2,125.6,0.5,0,149.0,0.75,4,0
1299570,2022-02-19,Canada,Oman,Al Amerat Cricket Ground Oman Cricket (Ministry Turf 1),1530.93,1470.83,60.1,0.8,0.2,0.7,0.4,190.0,127.4,0.0,1,151.09,0.4848,33,0
1299571,2022-02-19,Nepal,Philippines,Al Amerat Cricket Ground Oman Cricket (Ministry Turf 2),1537.82,1469.62,68.21,0.6,0.25,0.7,0.25,154.0,80.0,0.5,0,140.4,0.6,5,1
1299572,2022-02-19,United Arab Emirates,Germany,Al Amerat Cricket Ground Oman Cricket (Ministry Turf 1),1566.92,1522.56,44.36,0.8,0.4,0.8,0.4,166.0,106.0,0.5,0,151.21,0.4706,34,1
1299573,2022-02-19,Ireland,Bahrain,Al Amerat Cricket Ground Oman Cricket (Ministry Turf 2),1470.91,1530.3,-59.39,0.6,0.6,0.4,0.6667,144.2,125.2,0.5,0,153.33,0.6667,6,1
1263475,2022-02-20,Australia,Sri Lanka,Melbourne Cricket Ground,1633.46,1456.37,177.09,1.0,0.2,0.9,0.4,153.2,141.6,0.6,20,140.23,0.3846,13,0
1278681,2022-02-20,India,West Indies,"Eden Gardens, Kolkata",1713.12,1505.21,207.91,1.0,0.4,0.7,0.3,170.6,179.4,0.6667,18,175.67,0.6667,3,1
1299574,2022-02-21,Germany,Ireland,Al Amerat Cricket Ground Oman Cricket (Ministry Turf 1),1508.6,1489.62,18.97,0.2,0.6,0.3,0.5,118.6,145.8,0.5,0,152.34,0.4857,35,0
1299575,2022-02-21,Bahrain,United Arab Emirates,Al Amerat Cricket Ground Oman Cricket (Ministry Turf 2),1511.59,1580.89,-69.3,0.6,0.8,0.5714,0.8,128.0,176.4,0.5,0,154.0,0.7143,7,1
1299576,2022-02-21,Canada,Nepal,Al Amerat Cricket Ground Oman Cricket (Ministry Turf 1),1512.19,1550.72,-38.53,0.8,0.6,0.6,0.7,193.0,150.0,0.5,0,151.08,0.4722,36,0
1299577,2022-02-21,Philippines,Oman,Al Amerat Cricket Ground Oman Cricket (Ministry Turf 2),1456.72,1489.57,-32.85,0.2,0.4,0.2,0.4,80.4,134.8,0.5,0,156.25,0.75,8,0
1299578,2022-02-22,Germany,Canada,Al Amerat Cricket Ground Oman Cricket (Ministry Turf 1),1491.72,1497.96,-6.24,0.2,0.6,0.3,0.5,123.0,162.2,0.5,0,149.16,0.4595,37,0
1299579,2022-02-22,Bahrain,Philippines,Al Amerat Cricket Ground Oman Cricket (Ministry Turf 2),1530.74,1442.23,88.51,0.8,0.2,0.625,0.1667,137.6,71.0,0.5,0,142.89,0.6667,9,1
1299580,2022-02-22,United Arab Emirates,Nepal,Al Amerat Cricket Ground Oman Cricket (Ministry Turf 1),1561.74,1564.96,-3.21,0.6,0.6,0.7,0.7,172.0,138.8,0.5,4,148.68,0.4474,38,1
1299581,2022-02-22,Ireland,Oman,Al Amerat Cricket Ground Oman Cricket (Ministry Turf 2),1506.5,1504.06,2.43,0.6,0.6,0.5,0.5,140.0,115.8,0.6,5,147.7,0.7,10,1
1278684,2022-02-24,India,Sri Lanka,"Bharat Ratna Shri Atal Bihari Vajpayee Ekana Cricket Stadium, Lucknow",1720.54,1479.89,240.65,1.0,0.4,0.8,0.4,174.2,145.2,0.6667,21,151.15,0.5004,0,1
1299582,2022-02-24,Bahrain,Canada,Al Amerat Cricket Ground Oman Cricket (Ministry Turf 1),1542.75,1513.67,29.08,0.8,0.6,0.6667,0.5,157.2,165.6,0.5,0,149.36,0.4615,39,0
1299583,2022-02-24,Philippines,Germany,Al Amerat Cricket Ground Oman Cricket (Ministry Turf 2),1430.22,1476.01,-45.79,0.2,0.0,0.1429,0.3,72.4,125.4,0.5,0,149.27,0.7273,11,0
1299584,2022-02-24,Oman,Nepal,Al Amerat Cricket Ground Oman Cricket (Ministry Turf 2),1488.18,1548.81,-60.63,0.6,0.6,0.4,0.6,110.2,126.8,0.3333,3,145.92,0.6667,12,0
1299585,2022-02-24,Ireland,United Arab Emirates,Al Amerat Cricket Ground Oman Cricket (Ministry Turf 1),1522.38,1577.89,-55.51,0.8,0.6,0.6,0.7,140.0,171.4,0.4,10,148.9,0.45,40,0
1278685,2022-02-26,Sri Lanka,India,"Himachal Pradesh Cricket Association Stadium, Dharamsala",1473.48,1726.95,-253.46,0.2,1.0,0.3,0.9,134.8,183.0,0.3182,22,151.09,0.4992,0,0
1278686,2022-02-27,Sri Lanka,India,"Himachal Pradesh Cricket Association Stadium, Dharamsala",1467.45,1732.98,-265.53,0.2,1.0,0.2,1.0,147.0,183.4,0.3043,23,183.0,0.0,1,0
1305498,2022-03-28,Nepal,Papua New Guinea,"Tribhuvan University International Cricket Ground, Kirtipur",1562.04,1495.49,66.56,0.8,0.0,0.7,0.4,122.6,137.6,0.0,1,182.83,0.5,6,1
1305499,2022-03-29,Malaysia,Papua New Guinea,"Tribhuvan University International Cricket Ground, Kirtipur",1445.5,1482.51,-37.01,0.0,0.0,0.5,0.3,135.2,140.4,0.5,0,182.86,0.5714,7,1
1305500,2022-03-30,Malaysia,Nepal,"Tribhuvan University International Cricket Ground, Kirtipur",1463.2,1575.02,-111.81,0.2,0.8,0.5,0.7,149.0,135.8,0.0,5,182.5,0.625,8,0
1305501,2022-03-31,Nepal,Papua New Guinea,"Tribhuvan University International Cricket Ground, Kirtipur",1586.04,1464.82,121.22,0.8,0.0,0.7,0.2,115.6,142.8,0.5,2,174.89,0.5556,9,1
1305502,2022-04-01,Malaysia,Papua New Guinea,"Tribhuvan University International Cricket Ground, Kirtipur",1452.18,1454.18,-2.0,0.2,0.0,0.4,0.1,145.4,150.2,1.0,1,177.7,0.6,10,0
1305503,2022-04-02,Nepal,Malaysia,"Tribhuvan University International Cricket Ground, Kirtipur",1596.67,1436.27,160.4,0.8,0.2,0.7,0.3,140.0,149.4,1.0,6,179.36,0.5455,11,1
1305504,2022-04-04,Nepal,Papua New Guinea,"Tribhuvan University International Cricket Ground, Kirtipur",1605.77,1470.09,135.68,1.0,0.2,0.8,0.1,163.2,160.4,0.6667,3,183.0,0.5833,12,1
1288316,2022-04-05,Pakistan,Australia,"Gaddafi Stadium, Lahore",1715.89,1609.95,105.94,1.0,0.8,0.9,0.8,163.2,148.6,0.5455,22,151.29,0.4996,0,0
1309701,2022-04-08,Uganda,Namibia,"United Cricket Club Ground, Windhoek",1625.43,1598.47,26.97,1.0,0.4,0.9,0.6,118.8,125.6,0.0,4,151.29,0.4992,0,0
1309702,2022-04-09,Namibia,Uganda,"United Cricket Club Ground, Windhoek",1615.71,1608.2,7.51,0.4,0.8,0.6,0.8,126.0,114.8,1.0,5,127.0,0.0,1,0
1309703,2022-04-10,Namibia,Uganda,"United Cricket Club Ground, Windhoek",1599.36,1624.54,-25.18,0.2,0.8,0.5,0.8,138.4,122.2,0.8333,6,152.0,0.0,2,1
1310161,2022-04-29,Norway,Guernsey,"Desert Springs Cricket Ground, Almeria",1446.28,1516.7,-70.42,0.4,0.6,0.2222,0.6,126.2,108.4,0.0,1,115.8,0.4,15,1
1310162,2022-04-30,Spain,Norway,"Desert Springs Cricket Ground, Almeria",1575.07,1465.48,109.6,0.6,0.6,0.7778,0.3,125.6,138.4,0.5,0,117.12,0.4375,16,1
1310163,2022-04-30,Norway,Guernsey,"Desert Springs Cricket Ground, Almeria",1454.36,1497.5,-43.14,0.6,0.6,0.3,0.5,131.6,105.0,0.5,2,117.82,0.4706,17,0
1310164,2022-04-30,Guernsey,Spain,"Desert Springs Cricket Ground, Almeria",1511.52,1586.19,-74.66,0.8,0.6,0.5714,0.8,108.2,123.0,0.5,0,117.94,0.4444,18,0
1310165,2022-05-01,Spain,Guernsey,"Desert Springs Cricket Ground, Almeria",1598.8,1498.91,99.89,0.8,0.6,0.8,0.5,114.6,104.6,1.0,1,115.84,0.4211,19,0
1310166,2022-05-01,Spain,Norway,"Desert Springs Cricket Ground, Almeria",1578.32,1440.34,137.98,0.8,0.4,0.7,0.3,110.4,129.4,1.0,1,115.4,0.4,20,1
1310167,2022-05-07,Denmark,Finland,"Svanholm Park, Brondby",1414.13,1494.24,-80.11,0.0,0.5,0.2,0.5,113.6,141.75,0.5,0,128.5,0.0,2,0
1310168,2022-05-07,Denmark,Finland,"Svanholm Park, Brondby",1401.75,1506.62,-104.86,0.0,0.6,0.2,0.6,119.0,141.8,0.0,1,131.33,0.0,3,1
1310169,2022-05-08,Denmark,Finland,"Svanholm Park, Brondby",1422.44,1485.93,-63.49,0.2,0.4,0.2,0.5,135.4,120.6,0.5,2,141.25,0.25,4,1
1310170,2022-05-10,Gibraltar,Malta,Marsa Sports Club,1377.41,1516.78,-139.36,0.0,0.4,0.0,0.6,152.6,173.4,0.0,3,135.73,0.3636,11,0
1310171,2022-05-10,Malta,Hungary,Marsa Sports Club,1526.68,1502.69,23.99,0.6,0.5,0.6,0.5,167.2,175.0,0.0,1,135.42,0.3333,12,1
1310172,2022-05-10,Gibraltar,Hungary,Marsa Sports Club,1367.51,1487.79,-120.28,0.0,0.4,0.0,0.4,140.4,172.2,0.5,0,140.85,0.3846,13,0
1310173,2022-05-11,Romania,Malta,Marsa Sports Club,1619.74,1541.58,78.16,1.0,0.8,1.0,0.7,176.0,174.4,1.0,1,140.57,0.3571,14,0
1310174,2022-05-11,Czech Republic,Gibraltar,Marsa Sports Club,1428.19,1356.84,71.35,0.0,0.0,0.1429,0.0,147.4,146.2,0.5,0,142.2,0.3333,15,1
1310175,2022-05-11,Hungary,Bulgaria,Marsa Sports Club,1498.46,1442.48,55.98,0.4,0.2,0.5,0.25,166.8,130.6,0.5,0,144.81,0.375,16,1
1310176,2022-05-12,Malta,Czech Republic,Marsa Sports Club,1561.12,1440.95,120.17,0.8,0.2,0.7,0.25,165.0,167.4,0.5,0,145.59,0.4118,17,1
1310177,2022-05-12,Czech Republic,Bulgaria,Marsa Sports Club,1430.27,1429.04,1.24,0.2,0.2,0.2222,0.2222,167.6,129.8,0.5,0,146.61,0.4444,18,1
1310178,2022-05-12,Romania,Hungary,Marsa Sports Club,1600.2,1511.91,88.29,0.8,0.6,0.9,0.5714,185.8,161.0,1.0,1,152.47,0.4737,19,0
1310179,2022-05-13,Gibraltar,Bulgaria,Marsa Sports Club,1344.08,1413.09,-69.02,0.0,0.2,0.0,0.2,144.6,138.8,0.0,1,152.75,0.45,20,1
1310180,2022-05-13,Romania,Czech Republic,Marsa Sports Club,1580.22,1446.21,134.01,0.6,0.4,0.8,0.3,175.2,188.0,1.0,1,155.62,0.4762,21,1
1310181,2022-05-13,Bulgaria,Romania,Marsa Sports Club,1393.96,1590.34,-196.38,0.2,0.6,0.1,0.8,154.8,174.8,0.25,4,157.32,0.5,22,0
1310182,2022-05-14,Hungary,Czech Republic,Marsa Sports Club,1531.89,1436.1,95.79,0.8,0.4,0.625,0.3,158.0,189.4,1.0,1,156.17,0.4783,23,0
1310183,2022-05-14,Gibraltar,Romania,Marsa Sports Club,1363.21,1598.15,-234.93,0.2,0.6,0.1,0.8,160.6,160.8,0.5,0,156.71,0.4583,24,0
1310184,2022-05-14,Bulgaria,Malta,Marsa Sports Club,1386.15,1571.8,-185.65,0.2,1.0,0.1,0.7,164.8,169.4,0.0,1,156.08,0.44,25,0
1310185,2022-05-15,Gibraltar,Bulgaria,Marsa Sports Club,1356.64,1377.96,-21.33,0.2,0.0,0.1,0.1,153.4,170.0,0.5,2,157.92,0.4231,26,0
1310186,2022-05-15,Czech Republic,Hungary,Marsa Sports Club,1456.4,1511.59,-55.19,0.6,0.6,0.3,0.5556,189.2,157.6,0.5,2,158.37,0.4074,27,1
1310187,2022-05-15,Romania,Malta,Marsa Sports Club,1604.72,1579.98,24.75,0.6,1.0,0.8,0.7,158.0,175.2,0.5,2,160.61,0.4286,28,1
1310938,2022-05-17,Zimbabwe,Namibia,"Queens Sports Club, Bulawayo",1409.52,1616.52,-207.0,0.6,0.4,0.5,0.5,136.8,146.6,0.5,0,151.54,0.4992,0,1
1310939,2022-05-19,Zimbabwe,Namibia,"Queens Sports Club, Bulawayo",1434.07,1591.97,-157.91,0.8,0.4,0.5,0.5,145.4,153.6,1.0,1,153.0,1.0,1,0
1310188,2022-05-20,Jersey,Guernsey,"College Field, St Peter Port",1599.63,1519.39,80.24,1.0,0.6,0.8,0.5556,110.8,103.2,0.5,0,151.51,0.4992,0,1
1310940,2022-05-21,Namibia,Zimbabwe,"Queens Sports Club, Bulawayo",1601.17,1424.88,176.29,0.6,0.6,0.5,0.5,152.0,145.0,0.5,2,137.5,0.5,2,0
1310941,2022-05-22,Zimbabwe,Namibia,"Queens Sports Club, Bulawayo",1448.36,1577.68,-129.31,0.8,0.4,0.5,0.4,144.0,152.0,0.6667,3,134.33,0.3333,3,0
1310942,2022-05-24,Namibia,Zimbabwe,"Queens Sports Club, Bulawayo",1587.98,1438.06,149.93,0.6,0.6,0.4,0.5,148.8,148.2,0.5,4,140.0,0.25,4,1
1307293,2022-06-07,Sri Lanka,Australia,"R Premadasa Stadium, Colombo",1461.75,1630.68,-168.94,0.2,0.8,0.2,0.8,152.0,146.6,0.4286,21,127.17,0.3333,6,0
1307294,2022-06-08,Sri Lanka,Australia,"R Premadasa Stadium, Colombo",1452.97,1639.46,-186.5,0.2,0.8,0.2,0.9,149.8,143.6,0.4091,22,127.29,0.2857,7,0
1278687,2022-06-09,India,South Africa,"Arun Jaitley Stadium, Delhi",1738.69,1647.59,91.1,1.0,0.8,1.0,0.9,180.6,136.6,0.6,15,151.46,0.4984,0,0
1318357,2022-06-09,Germany,Austria,Bayer Uerdingen Cricket Ground,1489.91,1512.56,-22.65,0.2,0.6667,0.4,0.6667,125.2,167.33,0.5,0,127.0,0.4286,7,1
1318358,2022-06-09,Sweden,Germany,Bayer Uerdingen Cricket Ground,1503.08,1506.95,-3.87,0.4,0.4,0.5,0.4,131.4,131.0,0.5,0,128.0,0.5,8,0
1318359,2022-06-10,Austria,Germany,Bayer Uerdingen Cricket Ground,1495.52,1522.78,-27.26,0.5,0.6,0.5,0.4,145.75,116.6,0.0,1,124.11,0.4444,9,1
1318360,2022-06-10,Austria,Sweden,Bayer Uerdingen Cricket Ground,1512.77,1487.26,25.51,0.6,0.4,0.6,0.4286,144.8,125.6,0.5,0,125.8,0.5,10,1
1307295,2022-06-11,Australia,Sri Lanka,Pallekele International Cricket Stadium,1647.61,1444.81,202.8,0.8,0.0,0.9,0.2,144.0,143.6,0.6087,23,174.05,0.6316,19,0
1318361,2022-06-11,Austria,Sweden,Bayer Uerdingen Cricket Ground,1527.6,1472.44,55.16,0.6,0.4,0.6667,0.375,137.2,122.8,1.0,1,125.64,0.5455,11,1
1318362,2022-06-11,Germany,Sweden,Bayer Uerdingen Cricket Ground,1505.52,1458.95,46.57,0.6,0.4,0.4,0.3333,115.8,121.0,1.0,1,126.25,0.5833,12,1
1278688,2022-06-12,India,South Africa,"Barabati Stadium, Cuttack",1718.58,1667.69,50.89,0.8,1.0,0.9,0.9,185.6,155.4,0.5625,16,151.42,0.4992,0,0
1278689,2022-06-14,India,South Africa,"Dr. Y.S. Rajasekhara Reddy ACA-VDCA Cricket Stadium, Visakhapatnam",1700.26,1686.02,14.24,0.6,1.0,0.8,0.9,178.4,156.4,0.5294,17,151.42,0.4988,0,1
1278690,2022-06-17,India,South Africa,"Saurashtra Cricket Association Stadium, Rajkot",1715.6,1670.67,44.93,0.6,0.8,0.8,0.8,174.4,153.4,0.5556,18,151.44,0.4992,0,1
1317136,2022-06-24,Serbia,Bulgaria,"National Sports Academy, Sofia",1458.19,1392.98,65.2,0.0,0.2,0.0,0.2,119.67,173.6,0.5,0,152.8,0.2,5,0
1317137,2022-06-25,Serbia,Bulgaria,"National Sports Academy, Sofia",1439.22,1411.95,27.27,0.0,0.4,0.0,0.3,146.0,185.4,0.0,1,164.83,0.1667,6,0
1317138,2022-06-25,Serbia,Bulgaria,"National Sports Academy, Sofia",1421.97,1429.21,-7.24,0.0,0.6,0.0,0.4,155.6,186.8,0.0,2,169.0,0.1429,7,0
1303307,2022-06-26,Ireland,India,"The Village, Malahide, Dublin",1508.92,1729.54,-220.63,0.6,0.6,0.6,0.8,146.4,171.0,0.0,3,165.0,1.0,1,0
1317139,2022-06-26,Serbia,Bulgaria,"National Sports Academy, Sofia",1406.3,1444.87,-38.57,0.0,0.8,0.0,0.5,163.8,185.0,0.0,3,171.0,0.125,8,0
1303308,2022-06-28,India,Ireland,"The Village, Malahide, Dublin",1736.56,1501.9,234.66,0.6,0.6,0.8,0.6,163.6,140.2,1.0,4,136.5,0.5,2,1
1320969,2022-06-28,Gibraltar,Belgium,"Meersen, Gent",1341.62,1552.28,-210.66,0.2,0.6,0.1,0.75,161.0,113.2,0.5,0,151.67,0.498,0,0
1321311,2022-06-28,Malaysia,Singapore,"Indian Association Ground, Singapore",1427.17,1524.39,-97.22,0.2,0.6,0.2,0.5,155.2,157.4,0.0,2,151.66,0.4976,0,0
1320973,2022-06-29,Portugal,Malta,"Meersen, Gent",1499.49,1565.11,-65.62,0.5,0.8,0.5,0.7,133.75,180.6,0.5,0,139.0,0.0,1,1
1320974,2022-06-29,Denmark,Gibraltar,"Royal Brussels Cricket Club Ground, Waterloo",1441.33,1334.28,107.05,0.4,0.2,0.3,0.1,141.8,161.4,0.5,0,151.65,0.4976,0,1
1320975,2022-06-29,Israel,Spain,"Meersen, Gent",1500.0,1588.28,-88.28,0.5,0.8,0.5,0.7,151.73,112.2,0.5,0,146.5,0.5,2,0
1320976,2022-06-29,Hungary,Belgium,"Royal Brussels Cricket Club Ground, Waterloo",1493.07,1559.62,-66.55,0.6,0.8,0.5,0.7778,155.6,121.8,0.5,0,256.0,1.0,1,0
1321312,2022-06-29,Malaysia,Singapore,"Indian Association Ground, Singapore",1415.54,1536.03,-120.49,0.2,0.8,0.1,0.6,153.0,157.6,0.0,3,137.0,0.0,1,1
1321313,2022-06-30,Singapore,Malaysia,"Indian Association Ground, Singapore",1514.69,1436.88,77.82,0.8,0.2,0.5,0.2,167.6,152.4,0.75,4,157.0,0.5,2,0
1320977,2022-07-01,Portugal,Spain,"Meersen, Gent",1518.48,1600.3,-81.82,0.6,0.8,0.6,0.7,137.8,111.2,0.0,2,135.67,0.3333,3,0
1320978,2022-07-01,Hungary,Gibraltar,"Royal Brussels Cricket Club Ground, Waterloo",1480.09,1323.06,157.03,0.4,0.2,0.4,0.1,152.0,157.4,1.0,1,188.0,0.5,2,0
1320979,2022-07-01,Malta,Israel,"Meersen, Gent",1546.13,1487.98,58.15,0.6,0.0,0.7,0.0,168.0,114.0,0.5,0,121.0,0.25,4,1
1320980,2022-07-01,Belgium,Denmark,"Royal Brussels Cricket Club Ground, Waterloo",1572.59,1452.55,120.03,0.8,0.6,0.8,0.3,136.0,171.6,0.5,0,170.0,0.3333,3,1
1320982,2022-07-02,Belgium,Portugal,"Royal Brussels Cricket Club Ground, Waterloo",1583.27,1506.18,77.09,0.8,0.6,0.8,0.5,145.2,135.8,0.5,0,167.75,0.5,4,0
1320984,2022-07-02,Denmark,Spain,"Royal Brussels Cricket Club Ground, Waterloo",1441.87,1612.6,-170.73,0.6,0.8,0.3,0.7,175.4,101.0,0.5,0,156.8,0.4,5,1
1321998,2022-07-02,Malaysia,Bhutan,"UKM-YSD Cricket Oval, Bangi",1456.4,1465.73,-9.33,0.4,0.0,0.3,0.0,154.6,106.0,0.5,0,151.57,0.4972,0,1
1322011,2022-07-02,Singapore,Papua New Guinea,"Indian Association Ground, Singapore",1495.17,1460.04,35.13,0.6,0.2,0.4,0.1,164.2,164.6,0.0,1,145.33,0.3333,3,1
1317150,2022-07-03,West Indies,Bangladesh,"Windsor Park, Roseau, Dominica",1497.78,1458.44,39.34,0.2,0.0,0.3,0.2,168.0,103.2,0.5833,12,151.63,0.498,0,1
1320985,2022-07-03,Israel,Hungary,"Royal Brussels Cricket Club Ground, Waterloo",1474.63,1457.32,17.32,0.0,0.2,0.0,0.4,117.0,147.2,0.5,0,156.33,0.5,6,1
1320987,2022-07-03,Gibraltar,Malta,"Royal Brussels Cricket Club Ground, Waterloo",1345.84,1559.47,-213.63,0.2,0.6,0.2,0.7,141.8,162.0,0.0,4,157.71,0.5714,7,0
1322012,2022-07-03,Singapore,Papua New Guinea,"Indian Association Ground, Singapore",1509.55,1445.65,63.9,0.6,0.2,0.5,0.1,150.0,161.0,0.5,2,151.0,0.5,4,0
1320986,2022-07-04,Spain,Belgium,"Royal Brussels Cricket Club Ground, Waterloo",1589.32,1563.78,25.54,0.6,0.8,0.7,0.7,107.6,142.2,0.5,0,161.75,0.5,8,0
1320988,2022-07-04,Portugal,Denmark,"Royal Brussels Cricket Club Ground, Waterloo",1525.67,1465.16,60.52,0.6,0.8,0.5714,0.4,135.4,178.8,0.5,0,159.89,0.4444,9,0
1322001,2022-07-04,Thailand,Malaysia,"UKM-YSD Cricket Oval, Bangi",1411.84,1472.83,-60.99,0.2,0.6,0.125,0.4,95.6,158.0,0.0,3,213.0,1.0,1,0
1322002,2022-07-04,Bhutan,Maldives,"UKM-YSD Cricket Oval, Bangi",1449.3,1408.15,41.15,0.0,0.0,0.0,0.2,90.0,94.8,0.0,1,121.5,0.5,2,1
1322003,2022-07-06,Thailand,Bhutan,"UKM-YSD Cricket Oval, Bangi",1398.62,1463.42,-64.8,0.0,0.25,0.1111,0.25,70.8,95.0,0.5,0,117.67,0.6667,3,0
1322004,2022-07-06,Maldives,Malaysia,"UKM-YSD Cricket Oval, Bangi",1394.04,1486.05,-92.01,0.0,0.8,0.1,0.5,89.8,137.2,0.5,0,100.5,0.5,4,0
1276904,2022-07-07,India,England,"The Rose Bowl, Southampton",1743.14,1638.49,104.66,0.8,0.4,0.8,0.5,166.4,166.6,0.5263,19,180.0,1.0,1,1
1317151,2022-07-07,Bangladesh,West Indies,"Providence Stadium, Guyana",1444.24,1511.98,-67.73,0.0,0.4,0.1,0.4,118.0,174.8,0.3846,13,151.5,0.5,2,0
1322005,2022-07-07,Bhutan,Maldives,"UKM-YSD Cricket Oval, Bangi",1476.47,1382.18,94.29,0.4,0.0,0.4,0.1,86.0,81.6,0.5,2,91.8,0.4,5,1
1322006,2022-07-07,Thailand,Malaysia,"UKM-YSD Cricket Oval, Bangi",1385.57,1497.91,-112.34,0.0,1.0,0.1,0.6,61.4,121.6,0.0,4,94.83,0.5,6,0
1321305,2022-07-08,Luxembourg,Austria,"Scott Page Field, Vinor",1508.92,1541.08,-32.16,0.8,0.8,0.5,0.7143,166.8,128.0,1.0,1,156.8,0.2,5,0
1321306,2022-07-08,Luxembourg,Czech Republic,"Scott Page Field, Vinor",1494.39,1474.92,19.47,0.6,0.6,0.4444,0.4,157.6,196.6,0.5,2,150.5,0.1667,6,0
1322007,2022-07-08,Maldives,Thailand,"UKM-YSD Cricket Oval, Bangi",1370.42,1374.57,-4.15,0.0,0.0,0.1,0.1,92.0,59.0,0.5,2,91.71,0.4286,7,1
1323550,2022-07-08,Bulgaria,Serbia,Lisicji Jarak Cricket Ground,1459.1,1392.07,67.03,1.0,0.0,0.5,0.0,193.4,192.2,1.0,4,151.27,0.4961,0,0
1276905,2022-07-09,India,England,"Edgbaston, Birmingham",1754.47,1627.16,127.3,1.0,0.4,0.8,0.4,176.4,175.6,0.55,20,151.27,0.4957,0,1
1321307,2022-07-09,Czech Republic,Austria,"Scott Page Field, Vinor",1491.82,1555.6,-63.79,0.8,0.8,0.5,0.75,187.2,120.4,0.0,2,145.0,0.1429,7,0
1321308,2022-07-09,Austria,Luxembourg,"Scott Page Field, Vinor",1568.7,1477.5,91.2,1.0,0.4,0.7778,0.4,140.8,144.0,0.5,2,149.62,0.125,8,1
1322009,2022-07-09,Bhutan,Thailand,"UKM-YSD Cricket Oval, Bangi",1488.23,1358.38,129.85,0.6,0.0,0.5,0.1,89.0,54.8,1.0,1,92.38,0.5,8,1
1323551,2022-07-09,Bulgaria,Serbia,Lisicji Jarak Cricket Ground,1440.05,1411.12,28.93,0.8,0.2,0.5,0.125,189.6,200.2,0.8,5,152.0,0.0,1,0
1323552,2022-07-09,Bulgaria,Serbia,Lisicji Jarak Cricket Ground,1422.72,1428.45,-5.72,0.6,0.4,0.5,0.2222,174.6,186.6,0.6667,6,153.0,0.0,2,1
1276906,2022-07-10,England,India,"Trent Bridge, Nottingham",1616.78,1764.85,-148.07,0.2,1.0,0.3,0.8,165.6,174.6,0.4286,21,232.0,1.0,1,1
1321309,2022-07-10,Czech Republic,Luxembourg,"Scott Page Field, Vinor",1478.72,1465.61,13.12,0.6,0.2,0.5,0.4,172.0,123.4,0.6667,3,145.78,0.2222,9,1
1321310,2022-07-10,Austria,Czech Republic,"Scott Page Field, Vinor",1580.59,1494.12,86.47,1.0,0.8,0.8,0.6,135.6,180.4,1.0,3,152.1,0.3,10,0
1321465,2022-07-11,Zimbabwe,Singapore,"Queens Sports Club, Bulawayo",1428.56,1490.64,-62.08,0.4,0.4,0.5,0.5,131.2,157.0,0.5,2,137.4,0.4,5,1
1321466,2022-07-11,Jersey,United States of America,Bulawayo Athletic Club,1612.0,1507.35,104.65,1.0,0.8,0.8,0.6,118.6,137.2,0.5,0,151.47,0.4973,0,0
1321467,2022-07-11,Netherlands,Papua New Guinea,"Queens Sports Club, Bulawayo",1506.55,1464.56,41.99,0.2,0.4,0.5,0.2,123.8,167.8,0.5,2,153.83,0.5,6,1
1321468,2022-07-11,Hong Kong,Uganda,Bulawayo Athletic Club,1404.54,1607.38,-202.84,0.6,0.6,0.3,0.7,137.6,126.0,0.5,0,154.0,0.0,1,0
1322010,2022-07-11,Bhutan,Malaysia,"UKM-YSD Cricket Oval, Bangi",1498.51,1508.91,-10.39,0.8,1.0,0.5714,0.6,92.6,101.0,0.0,1,97.11,0.5556,9,0
1321258,2022-07-12,Cyprus,Isle of Man,Kerava National Cricket Ground,1510.69,1544.34,-33.65,0.6,0.8,0.6,0.8,127.4,107.6,0.0,2,140.5,0.0,4,0
1321259,2022-07-12,Finland,Sweden,Tikkurila Cricket Ground,1467.04,1445.09,21.95,0.2,0.2,0.4286,0.3,114.0,122.8,0.5,4,151.36,0.4961,0,1
1321260,2022-07-12,Romania,Turkey,Kerava National Cricket Ground,1619.59,1500.0,119.59,0.8,0.5,0.8,0.5,159.2,151.33,0.5,0,136.4,0.0,5,1
1321469,2022-07-12,Zimbabwe,Jersey,"Queens Sports Club, Bulawayo",1447.39,1591.32,-143.93,0.4,0.8,0.6,0.8,147.8,130.6,0.5,0,155.14,0.5714,7,1
1321470,2022-07-12,United States of America,Singapore,Bulawayo Athletic Club,1528.03,1471.82,56.21,0.8,0.2,0.7,0.5,134.6,154.4,0.5,0,120.5,0.0,2,1
1321471,2022-07-12,Hong Kong,Netherlands,"Queens Sports Club, Bulawayo",1396.95,1520.63,-123.68,0.6,0.2,0.3,0.5,120.8,114.6,0.5,2,154.0,0.625,8,0
1321472,2022-07-12,Uganda,Papua New Guinea,Bulawayo Athletic Club,1614.98,1450.49,164.49,0.6,0.4,0.7,0.2,128.8,156.8,0.5,0,147.33,0.3333,3,0
1321261,2022-07-13,Cyprus,Romania,Tikkurila Cricket Ground,1496.24,1630.29,-134.05,0.4,1.0,0.5,0.8,130.4,157.0,0.5,0,115.0,1.0,1,1
1321262,2022-07-13,Croatia,Sweden,Kerava National Cricket Ground,1500.0,1430.1,69.9,0.5,0.0,0.5,0.2,151.34,114.2,0.5,0,138.17,0.1667,6,0
1321263,2022-07-13,Isle of Man,Serbia,Tikkurila Cricket Ground,1558.8,1412.19,146.61,1.0,0.4,0.8333,0.2,112.0,170.0,0.5,0,134.5,1.0,2,1
1321264,2022-07-13,Finland,Italy,Kerava National Cricket Ground,1482.03,1504.94,-22.92,0.4,0.4,0.5,0.5,108.8,111.8,0.5,0,128.29,0.1429,7,0
1321473,2022-07-14,Netherlands,Uganda,"Queens Sports Club, Bulawayo",1531.16,1591.92,-60.76,0.4,0.4,0.5,0.7,118.8,137.2,0.5,0,149.78,0.5556,9,1
1321474,2022-07-14,Papua New Guinea,Hong Kong,Bulawayo Athletic Club,1473.54,1386.41,87.13,0.4,0.4,0.3,0.3,149.2,113.2,0.5,0,150.5,0.25,4,0
1321475,2022-07-14,Zimbabwe,United States of America,"Queens Sports Club, Bulawayo",1469.67,1541.46,-71.8,0.6,0.8,0.6,0.8,152.6,156.0,0.5,0,153.5,0.6,10,1
1321265,2022-07-15,Italy,Sweden,Tikkurila Cricket Ground,1519.89,1449.27,70.62,0.6,0.2,0.5,0.3,121.0,109.6,0.5,0,144.67,1.0,3,1
1321266,2022-07-15,Turkey,Serbia,Kerava National Cricket Ground,1489.3,1402.56,86.74,0.0,0.4,0.0,0.2,96.0,152.4,0.5,0,129.88,0.125,8,0
1321267,2022-07-15,Croatia,Greece,Tikkurila Cricket Ground,1480.82,1501.5,-20.67,0.0,0.5,0.0,0.5,69.0,152.0,0.5,0,150.75,1.0,4,1
1321268,2022-07-15,Romania,Isle of Man,Kerava National Cricket Ground,1608.4,1568.42,39.98,0.8,1.0,0.7,0.8571,145.2,126.4,0.5,0,122.89,0.1111,9,0
1321477,2022-07-15,Uganda,Jersey,"Queens Sports Club, Bulawayo",1573.15,1569.05,4.1,0.4,0.6,0.6,0.8,129.8,138.0,0.5,0,156.36,0.6364,11,1
1321478,2022-07-15,Singapore,Hong Kong,Bulawayo Athletic Club,1458.38,1406.35,52.04,0.2,0.4,0.5,0.4,137.4,134.8,1.0,1,157.4,0.2,5,0
1321479,2022-07-15,Zimbabwe,Papua New Guinea,"Queens Sports Club, Bulawayo",1488.93,1453.61,35.32,0.6,0.4,0.7,0.3,163.8,162.6,0.5,0,152.5,0.6667,12,1
1321480,2022-07-15,United States of America,Netherlands,Bulawayo Athletic Club,1522.2,1549.93,-27.73,0.6,0.6,0.7,0.5,165.6,135.0,0.5,0,155.5,0.1667,6,0
1321269,2022-07-16,Romania,Serbia,Tikkurila Cricket Ground,1590.57,1422.48,168.09,0.6,0.6,0.6,0.3,142.8,117.6,1.0,2,141.4,1.0,5,1
1321270,2022-07-16,Finland,Greece,Kerava National Cricket Ground,1467.08,1484.55,-17.46,0.4,0.3333,0.4444,0.3333,108.0,135.0,0.5,0,122.6,0.1,10,1
1321271,2022-07-16,Cyprus,Turkey,Tikkurila Cricket Ground,1518.12,1469.39,48.73,0.4,0.0,0.5714,0.0,135.0,81.5,0.5,0,140.0,1.0,6,1
1321272,2022-07-16,Italy,Croatia,Kerava National Cricket Ground,1532.68,1497.77,34.91,0.8,0.5,0.5,0.5,134.2,86.5,0.5,0,128.09,0.1818,11,1
1321481,2022-07-17,Uganda,Hong Kong,"Queens Sports Club, Bulawayo",1588.96,1424.72,164.24,0.4,0.6,0.6,0.5,116.2,133.8,1.0,1,156.08,0.6923,13,1
1321482,2022-07-17,Singapore,Jersey,Bulawayo Athletic Club,1440.0,1553.24,-113.23,0.2,0.4,0.4,0.7,142.2,138.2,0.5,0,153.0,0.1429,7,0
1321483,2022-07-17,Papua New Guinea,United States of America,Bulawayo Athletic Club,1439.23,1507.48,-68.25,0.4,0.4,0.3,0.7,167.0,155.6,0.5,0,151.38,0.125,8,1
1321484,2022-07-17,Zimbabwe,Netherlands,"Queens Sports Club, Bulawayo",1503.31,1564.66,-61.35,0.8,0.8,0.7,0.6,172.2,130.0,0.5,2,152.21,0.7143,14,1
1303312,2022-07-18,New Zealand,Ireland,"Civil Service Cricket Club, Stormont, Belfast",1600.62,1495.32,105.3,0.2,0.4,0.5,0.5,153.4,152.8,1.0,1,174.0,1.0,2,1
1321273,2022-07-18,Sweden,Greece,Tikkurila Cricket Ground,1436.48,1467.74,-31.26,0.2,0.25,0.3,0.25,101.0,137.75,0.5,0,146.14,1.0,7,1
1321274,2022-07-18,Cyprus,Serbia,Kerava National Cricket Ground,1531.89,1413.66,118.22,0.6,0.4,0.625,0.3,153.2,107.0,0.5,0,134.92,0.25,12,0
1321275,2022-07-18,Croatia,Finland,Tikkurila Cricket Ground,1483.38,1483.89,-0.51,0.3333,0.4,0.3333,0.5,72.33,116.2,0.5,0,146.62,1.0,8,0
1321276,2022-07-18,Isle of Man,Turkey,Kerava National Cricket Ground,1586.25,1455.62,130.64,1.0,0.0,0.875,0.0,126.2,70.33,0.5,0,134.15,0.2308,13,1
1321277,2022-07-19,Serbia,Croatia,Tikkurila Cricket Ground,1434.91,1467.4,-32.49,0.4,0.25,0.4,0.25,100.8,75.5,0.5,0,139.78,0.8889,9,0
1321278,2022-07-19,Finland,Cyprus,Kerava National Cricket Ground,1499.86,1510.65,-10.78,0.6,0.6,0.5,0.5556,127.0,148.4,0.5,0,136.79,0.2857,14,1
1321279,2022-07-19,Romania,Sweden,Tikkurila Cricket Ground,1599.38,1453.92,145.46,0.6,0.4,0.6,0.4,141.0,104.6,0.5,0,134.8,0.8,10,0
1321280,2022-07-19,Isle of Man,Italy,Kerava National Cricket Ground,1596.51,1547.08,49.43,1.0,0.8,0.8889,0.6,130.2,148.0,0.5,0,138.27,0.3333,15,0
1303313,2022-07-20,New Zealand,Ireland,"Civil Service Cricket Club, Stormont, Belfast",1611.91,1484.02,127.89,0.2,0.2,0.5,0.4,154.6,159.0,1.0,2,173.67,1.0,3,1
1303314,2022-07-22,Ireland,New Zealand,"Civil Service Cricket Club, Stormont, Belfast",1473.66,1622.27,-148.61,0.0,0.4,0.4,0.6,144.2,156.0,0.0,3,175.0,1.0,4,0
1321281,2022-07-24,Austria,Luxembourg,Tikkurila Cricket Ground,1560.69,1450.21,110.48,0.8,0.0,0.7,0.4,140.0,122.2,0.6667,3,132.0,0.7273,11,1
1321282,2022-07-24,Estonia,Norway,Kerava National Cricket Ground,1429.0,1430.38,-1.38,0.0,0.2,0.0,0.3,108.4,109.2,0.5,0,135.94,0.3125,16,0
1321283,2022-07-24,Guernsey,Bulgaria,Tikkurila Cricket Ground,1507.02,1438.99,68.03,0.4,0.6,0.5,0.6,111.2,176.0,0.5,0,132.58,0.75,12,1
1321284,2022-07-24,France,Czech Republic,Kerava National Cricket Ground,1467.12,1514.02,-46.9,0.25,0.8,0.25,0.7,112.75,175.4,0.5,0,133.88,0.2941,17,1
1321286,2022-07-25,Austria,Slovenia,Kerava National Cricket Ground,1571.77,1500.0,71.77,0.8,0.5,0.8,0.5,141.2,151.04,0.5,0,134.94,0.3333,18,1
1321287,2022-07-25,France,Switzerland,Tikkurila Cricket Ground,1485.27,1522.11,-36.84,0.4,0.75,0.4,0.75,120.8,134.0,0.5,0,132.38,0.7692,13,0
1321288,2022-07-25,Guernsey,Luxembourg,Kerava National Cricket Ground,1519.92,1439.13,80.79,0.6,0.0,0.6,0.4,117.2,118.2,0.5,0,139.11,0.3684,19,1
1276913,2022-07-27,England,South Africa,"County Ground, Bristol",1639.21,1656.73,-17.52,0.4,0.6,0.3,0.7,167.8,153.6,0.5238,21,151.08,0.5004,0,1
1307477,2022-07-27,New Zealand,Scotland,"Grange Cricket Club Ground, Raeburn Place, Edinburgh",1631.82,1516.27,115.55,0.6,0.2,0.6,0.4,159.2,118.0,1.0,2,151.33,0.6667,3,1
1321289,2022-07-27,Guernsey,Austria,Tikkurila Cricket Ground,1532.27,1584.51,-52.24,0.6,0.8,0.7,0.8,118.2,159.4,0.5,0,134.14,0.7143,14,0
1321290,2022-07-27,Switzerland,Estonia,Kerava National Cricket Ground,1536.42,1413.06,123.35,0.8,0.0,0.8,0.0,138.8,108.2,0.5,0,138.7,0.4,20,1
1321291,2022-07-27,Slovenia,Bulgaria,Tikkurila Cricket Ground,1487.26,1426.08,61.18,0.0,0.4,0.0,0.6,73.0,167.2,0.5,0,134.47,0.6667,15,0
1321292,2022-07-27,France,Norway,Kerava National Cricket Ground,1470.96,1446.32,24.64,0.2,0.4,0.3333,0.4,129.6,104.2,0.5,2,140.33,0.4286,21,1
1276914,2022-07-28,South Africa,England,"Sophia Gardens, Cardiff",1639.92,1656.02,-16.09,0.4,0.4,0.6,0.4,154.4,176.0,0.4545,22,120.0,0.0,2,1
1321293,2022-07-28,Norway,Switzerland,Tikkurila Cricket Ground,1431.45,1546.96,-115.51,0.2,0.8,0.4,0.8333,106.2,146.6,0.5,0,134.81,0.625,16,1
1321294,2022-07-28,Luxembourg,Bulgaria,Kerava National Cricket Ground,1426.79,1444.87,-18.08,0.0,0.4,0.3,0.7,117.2,146.6,1.0,1,141.14,0.4545,22,1
1321295,2022-07-28,Czech Republic,Estonia,Tikkurila Cricket Ground,1495.87,1402.52,93.35,0.6,0.0,0.6,0.0,151.6,110.6,0.5,0,137.12,0.6471,17,1
1321296,2022-07-28,Slovenia,Guernsey,Kerava National Cricket Ground,1468.47,1518.66,-50.19,0.0,0.6,0.0,0.6,106.5,130.4,0.5,0,142.13,0.4783,23,0
1307478,2022-07-29,New Zealand,Scotland,"Grange Cricket Club Ground, Raeburn Place, Edinburgh",1642.69,1505.4,137.29,0.8,0.0,0.6,0.4,173.6,124.8,1.0,3,169.75,0.75,4,1
1317903,2022-07-29,India,West Indies,"Brian Lara Stadium, Tarouba, Trinidad",1742.42,1524.9,217.52,0.8,0.4,0.7,0.5,180.4,172.8,0.6842,19,151.26,0.5026,0,1
1321298,2022-07-30,Switzerland,Czech Republic,Kerava National Cricket Ground,1525.83,1507.67,18.16,0.6,0.6,0.7143,0.7,135.2,155.6,0.5,0,138.5,0.4583,24,0
1321299,2022-07-30,Luxembourg,Slovenia,Tikkurila Cricket Ground,1443.62,1454.77,-11.15,0.2,0.0,0.3,0.0,127.6,89.33,0.5,0,137.0,0.6667,18,1
1323295,2022-07-30,Zimbabwe,Bangladesh,Harare Sports Club,1522.1,1431.32,90.78,1.0,0.0,0.7,0.0,179.6,136.0,0.3333,15,158.62,0.6552,29,1
1276915,2022-07-31,South Africa,England,"The Rose Bowl, Southampton",1656.67,1639.28,17.39,0.4,0.4,0.7,0.4,153.4,173.4,0.4783,23,189.0,1.0,2,1
1321301,2022-07-31,Bulgaria,Czech Republic,Tikkurila Cricket Ground,1428.04,1524.51,-96.47,0.4,0.8,0.6,0.7,130.8,156.0,0.0,1,136.58,0.6842,19,0
1321302,2022-07-31,Guernsey,France,Kerava National Cricket Ground,1532.36,1485.82,46.54,0.6,0.4,0.6,0.4286,120.2,142.4,0.5,0,140.28,0.44,25,1
1321303,2022-07-31,Luxembourg,Switzerland,Tikkurila Cricket Ground,1460.13,1508.99,-48.86,0.4,0.4,0.3,0.625,136.6,141.8,0.5,0,135.6,0.65,20,1
1321304,2022-07-31,Norway,Austria,Kerava National Cricket Ground,1452.58,1598.12,-145.54,0.4,0.8,0.5,0.9,125.4,151.0,0.5,0,140.77,0.4615,26,0
1323296,2022-07-31,Zimbabwe,Bangladesh,Harare Sports Club,1534.01,1419.41,114.6,1.0,0.0,0.7,0.0,173.4,148.2,0.375,16,160.17,0.6667,30,0
1317904,2022-08-01,India,West Indies,"Warner Park, Basseterre, St Kitts",1749.53,1517.78,231.75,0.8,0.4,0.7,0.4,196.2,165.8,0.7,20,151.25,0.5033,0,0
1317905,2022-08-02,West Indies,India,"Warner Park, Basseterre, St Kitts",1543.11,1724.2,-181.09,0.6,0.6,0.5,0.7,158.4,178.8,0.3333,21,138.0,0.0,1,0
1323297,2022-08-02,Zimbabwe,Bangladesh,Harare Sports Club,1512.92,1440.5,72.42,0.8,0.2,0.7,0.1,171.2,153.8,0.3529,17,159.35,0.6452,31,1
1303315,2022-08-03,South Africa,Ireland,"County Ground, Bristol",1671.87,1464.12,207.75,0.4,0.0,0.7,0.3,161.8,147.2,1.0,3,234.0,1.0,1,1
1310901,2022-08-04,New Zealand,Netherlands,"Sportpark Westvliet, The Hague",1652.67,1545.86,106.81,1.0,0.8,0.6,0.5,202.2,140.2,1.0,1,151.29,0.5033,0,1
1303316,2022-08-05,South Africa,Ireland,"County Ground, Bristol",1679.3,1456.69,222.61,0.6,0.0,0.7,0.3,177.8,163.6,1.0,4,222.5,1.0,2,1
1310902,2022-08-05,Netherlands,New Zealand,"Sportpark Westvliet, The Hague",1534.63,1663.9,-129.27,0.6,1.0,0.4,0.6,134.0,197.2,0.0,2,148.0,1.0,1,0
1317906,2022-08-06,India,West Indies,"Central Broward Regional Park Stadium Turf Ground, Lauderhill",1732.55,1534.77,197.78,0.6,0.6,0.8,0.4,172.2,157.8,0.6818,22,169.0,1.0,2,1
1317907,2022-08-07,India,West Indies,"Central Broward Regional Park Stadium Turf Ground, Lauderhill",1740.31,1527.0,213.3,0.6,0.4,0.8,0.4,176.4,145.6,0.6957,23,176.33,1.0,3,1
1317908,2022-08-10,New Zealand,West Indies,"Sabina Park, Kingston, Jamaica",1674.21,1519.76,154.45,1.0,0.2,0.7,0.3,191.2,131.8,0.7273,11,151.36,0.5044,0,1
1317909,2022-08-12,New Zealand,West Indies,"Sabina Park, Kingston, Jamaica",1683.53,1510.43,173.1,1.0,0.2,0.8,0.3,192.2,141.8,0.75,12,185.0,1.0,1,1
1328470,2022-08-13,Kuwait,Bahrain,Al Amerat Cricket Ground Oman Cricket (Ministry Turf 1),1510.41,1525.41,-15.01,0.6,0.6,0.5556,0.6,133.8,147.6,1.0,2,149.15,0.439,41,1
1317910,2022-08-14,New Zealand,West Indies,"Sabina Park, Kingston, Jamaica",1692.16,1501.81,190.35,1.0,0.0,0.9,0.3,190.2,138.6,0.7692,13,200.0,1.0,2,0
1328471,2022-08-14,Bahrain,Kuwait,Al Amerat Cricket Ground Oman Cricket (Ministry Turf 1),1508.72,1527.1,-18.37,0.4,0.6,0.5,0.6,164.0,133.6,0.0,3,150.57,0.4524,42,0
1328473,2022-08-17,Kuwait,Bahrain,Al Amerat Cricket Ground Oman Cricket (Ministry Turf 1),1542.25,1493.57,48.68,0.8,0.4,0.7,0.5,145.0,167.2,1.0,4,150.63,0.4419,43,1
1328849,2022-08-20,Hong Kong,Singapore,Al Amerat Cricket Ground Oman Cricket (Ministry Turf 1),1415.77,1429.04,-13.27,0.4,0.0,0.5,0.3,126.8,136.6,0.5,2,151.43,0.4545,44,1
1328850,2022-08-21,United Arab Emirates,Kuwait,Al Amerat Cricket Ground Oman Cricket (Ministry Turf 1),1591.35,1556.02,35.33,0.8,0.8,0.8,0.7,170.6,156.4,1.0,1,151.36,0.4667,45,0
1328851,2022-08-22,United Arab Emirates,Singapore,Al Amerat Cricket Ground Oman Cricket (Ministry Turf 1),1573.73,1412.43,161.3,0.6,0.0,0.7,0.2,173.8,124.0,0.5,0,151.83,0.4565,46,1
1328852,2022-08-23,Kuwait,Hong Kong,Al Amerat Cricket Ground Oman Cricket (Ministry Turf 1),1573.65,1432.38,141.26,0.8,0.6,0.8,0.6,170.4,139.0,0.5,0,152.0,0.4681,47,0
1328853,2022-08-24,Singapore,Kuwait,Al Amerat Cricket Ground Oman Cricket (Ministry Turf 1),1403.37,1551.48,-148.11,0.0,0.8,0.1,0.7,121.6,175.4,0.5,0,151.98,0.4583,48,0
1328854,2022-08-24,United Arab Emirates,Hong Kong,Al Amerat Cricket Ground Oman Cricket (Ministry Turf 1),1582.8,1454.55,128.25,0.6,0.8,0.7,0.6,167.6,146.4,1.0,2,151.0,0.449,49,0
1328474,2022-08-25,Kenya,Nepal,"Gymkhana Club Ground, Nairobi",1512.54,1615.82,-103.28,0.6,1.0,0.6,0.9,133.8,178.8,0.5,0,151.48,0.5043,0,0
1327270,2022-08-28,Pakistan,India,Dubai International Cricket Stadium,1695.16,1747.56,-52.4,0.8,0.8,0.8,0.8,173.8,174.4,0.25,8,143.2,0.5231,65,0
1328476,2022-08-28,Kenya,Nepal,"Gymkhana Club Ground, Nairobi",1501.16,1627.2,-126.04,0.6,1.0,0.5,0.9,132.2,168.8,0.0,1,130.0,0.0,1,0
1328477,2022-08-29,Kenya,Nepal,"Gymkhana Club Ground, Nairobi",1490.72,1637.64,-146.91,0.4,1.0,0.4,0.9,136.2,177.4,0.0,2,143.0,0.0,2,1
1328478,2022-08-30,Nepal,Kenya,"Gymkhana Club Ground, Nairobi",1615.25,1513.11,102.14,0.8,0.4,0.8,0.5,155.6,135.6,0.6667,3,129.0,0.3333,3,1
1327272,2022-08-31,India,Hong Kong,Dubai International Cricket Stadium,1761.16,1476.2,284.96,0.8,0.8,0.8,0.6,166.0,139.0,0.5,0,143.26,0.5152,66,1
1327273,2022-09-01,Bangladesh,Sri Lanka,Dubai International Cricket Stadium,1427.79,1469.22,-41.43,0.2,0.2,0.1,0.2,158.2,151.6,0.3333,12,143.99,0.5224,67,0
1327274,2022-09-02,Pakistan,Hong Kong,Sharjah Cricket Stadium,1681.55,1471.0,210.55,0.6,0.6,0.7,0.6,177.8,140.0,0.5,0,146.18,0.5455,11,1
1327276,2022-09-04,India,Pakistan,Dubai International Cricket Stadium,1766.36,1688.89,77.47,1.0,0.6,0.8,0.7,176.8,176.4,0.7778,9,144.56,0.5147,68,0
1327277,2022-09-06,India,Sri Lanka,Dubai International Cricket Stadium,1746.85,1483.32,263.53,0.8,0.4,0.7,0.3,180.0,151.8,0.7083,24,145.09,0.5072,69,0
1327280,2022-09-09,Pakistan,Sri Lanka,Dubai International Cricket Stadium,1708.4,1509.56,198.84,0.6,0.6,0.8,0.4,178.4,157.4,0.619,21,145.49,0.5,70,0
1333920,2022-09-10,Cook Islands,Fiji,"Independence Park, Port Vila",1500.0,1500.0,0.0,0.5,0.5,0.5,0.5,151.54,151.54,0.5,0,151.54,0.5032,0,0
1333921,2022-09-10,Samoa,Vanuatu,"Independence Park, Port Vila",1500.0,1473.55,26.45,0.5,0.6,0.5,0.4444,151.54,155.2,0.5,0,142.0,0.0,1,0
1327281,2022-09-11,Sri Lanka,Pakistan,Dubai International Cricket Stadium,1533.84,1684.13,-150.29,0.8,0.4,0.5,0.7,156.6,161.0,0.4091,22,145.14,0.493,71,1
1333922,2022-09-11,Vanuatu,Cook Islands,"Independence Park, Port Vila",1490.76,1484.0,6.76,0.6,0.0,0.5,0.0,149.6,142.0,0.5,0,132.0,0.0,2,0
1333923,2022-09-11,Samoa,Fiji,"Independence Park, Port Vila",1482.78,1516.0,-33.22,0.0,1.0,0.0,1.0,122.0,143.0,0.5,0,130.33,0.0,3,0
1333924,2022-09-13,Samoa,Cook Islands,"Independence Park, Port Vila",1468.31,1500.31,-32.0,0.0,0.5,0.0,0.5,132.0,135.0,0.5,0,133.25,0.0,4,0
1333925,2022-09-13,Vanuatu,Fiji,"Independence Park, Port Vila",1474.45,1530.47,-56.02,0.4,1.0,0.5,1.0,137.4,144.0,0.5,0,138.0,0.0,5,1
1333926,2022-09-14,Samoa,Vanuatu,"Independence Park, Port Vila",1453.78,1493.01,-39.23,0.0,0.6,0.0,0.5,140.33,149.2,0.0,1,142.83,0.1667,6,0
1333927,2022-09-14,Fiji,Cook Islands,"Independence Park, Port Vila",1511.92,1514.84,-2.92,0.6667,0.6667,0.6667,0.6667,145.67,142.67,1.0,1,139.57,0.1429,7,0
1332496,2022-09-15,Botswana,Uganda,"Willowmoore Park, Benoni",1453.58,1597.92,-144.34,0.6,0.6,0.3,0.6,117.6,110.0,0.0,1,151.49,0.5014,0,0
1333928,2022-09-15,Fiji,Samoa,"Independence Park, Port Vila",1496.05,1439.58,56.47,0.5,0.0,0.5,0.0,146.0,135.25,1.0,1,140.5,0.125,8,1
1333929,2022-09-15,Vanuatu,Cook Islands,"Independence Park, Port Vila",1507.21,1530.71,-23.5,0.6,0.75,0.6,0.75,144.6,144.5,0.0,1,141.22,0.2222,9,1
1332498,2022-09-16,Ghana,Mozambique,"Willowmoore Park, Benoni",1504.88,1463.02,41.86,0.8,0.25,0.6,0.25,104.2,140.0,0.5,0,103.0,0.0,1,1
1332497,2022-09-17,Kenya,Tanzania,"Willowmoore Park, Benoni",1501.68,1539.4,-37.72,0.2,0.4,0.5,0.7,130.8,126.4,0.5,2,128.5,0.5,2,0
1332503,2022-09-18,Uganda,Mozambique,"Willowmoore Park, Benoni",1607.63,1448.94,158.69,0.6,0.2,0.6,0.2,113.8,137.2,0.5,0,137.33,0.3333,3,1
1332507,2022-09-18,Botswana,Ghana,"Willowmoore Park, Benoni",1443.87,1518.96,-75.09,0.6,0.8,0.3,0.7,121.2,103.6,0.5,0,143.5,0.5,4,1
1332504,2022-09-19,Botswana,Mozambique,"Willowmoore Park, Benoni",1463.27,1439.77,23.5,0.6,0.2,0.4,0.1667,119.0,131.0,1.0,1,144.0,0.6,5,1
1332506,2022-09-19,Cameroon,Kenya,"Willowmoore Park, Benoni",1434.53,1487.41,-52.88,0.0,0.2,0.0,0.4,60.0,137.2,0.5,0,150.83,0.6667,6,0
1327228,2022-09-20,Pakistan,England,"National Stadium, Karachi",1661.61,1624.08,37.53,0.4,0.4,0.6,0.4,158.0,164.0,0.3158,19,193.0,0.6667,3,0
1327503,2022-09-20,India,Australia,"Punjab Cricket Association IS Bindra Stadium, Mohali, Chandigarh",1720.61,1623.21,97.4,0.6,0.6,0.6,0.8,176.4,150.6,0.5909,22,151.42,0.5021,0,0
1332501,2022-09-20,Ghana,Uganda,"Willowmoore Park, Benoni",1499.56,1616.79,-117.23,0.6,0.8,0.7,0.6,111.4,114.2,0.0,2,136.14,0.5714,7,0
1332505,2022-09-20,Tanzania,Malawi,"Willowmoore Park, Benoni",1553.67,1516.23,37.44,0.4,0.6,0.7,0.6,120.8,114.6,0.5,0,135.75,0.5,8,1
1332508,2022-09-21,Kenya,Uganda,"Willowmoore Park, Benoni",1501.0,1627.59,-126.59,0.4,1.0,0.5,0.7,121.2,123.2,0.6,5,139.56,0.5556,9,0
1332509,2022-09-21,Botswana,Tanzania,"Willowmoore Park, Benoni",1478.19,1567.95,-89.76,0.6,0.6,0.5,0.7,145.2,126.8,0.0,1,136.1,0.5,10,0
1327229,2022-09-22,England,Pakistan,"National Stadium, Karachi",1641.8,1643.89,-2.09,0.6,0.4,0.4,0.5,171.8,160.2,0.7,20,184.25,0.5,4,0
1332510,2022-09-22,Tanzania,Uganda,"Willowmoore Park, Benoni",1579.91,1638.0,-58.09,0.8,1.0,0.7,0.7,136.4,122.6,0.0,2,137.0,0.4545,11,0
1327230,2022-09-23,England,Pakistan,"National Stadium, Karachi",1625.9,1659.79,-33.9,0.4,0.4,0.4,0.5,168.6,162.2,0.6667,21,187.2,0.4,5,1
1327504,2022-09-23,Australia,India,"Vidarbha Cricket Association Stadium, Jamtha, Nagpur",1643.58,1700.24,-56.66,0.8,0.4,0.8,0.6,162.0,180.4,0.4348,23,151.53,0.5007,0,0
1327231,2022-09-25,Pakistan,England,"National Stadium, Karachi",1642.24,1643.45,-1.22,0.2,0.4,0.4,0.4,157.4,166.0,0.3182,22,192.83,0.5,6,1
1327505,2022-09-25,Australia,India,"Rajiv Gandhi International Stadium, Uppal, Hyderabad",1630.17,1713.65,-83.48,0.6,0.4,0.7,0.6,147.4,169.2,0.4167,24,151.49,0.5007,0,0
1336031,2022-09-25,Bangladesh,United Arab Emirates,Dubai International Cricket Stadium,1413.69,1561.14,-147.45,0.2,0.6,0.1,0.6,163.2,163.0,1.0,1,145.49,0.5,72,1
1336032,2022-09-27,Bangladesh,United Arab Emirates,Dubai International Cricket Stadium,1436.1,1538.73,-102.63,0.4,0.4,0.2,0.5,162.2,158.2,1.0,2,145.66,0.5068,73,1
1327232,2022-09-28,Pakistan,England,"Gaddafi Stadium, Lahore",1658.29,1627.4,30.9,0.4,0.4,0.4,0.4,166.4,168.8,0.3478,23,162.0,0.0,1,1
1327506,2022-09-28,South Africa,India,"Greenfield International Stadium, Thiruvananthapuram",1686.25,1725.88,-39.63,0.8,0.4,0.7,0.7,196.8,168.2,0.4211,19,151.53,0.5014,0,0
1327233,2022-09-30,Pakistan,England,"Gaddafi Stadium, Lahore",1672.87,1612.81,60.06,0.6,0.4,0.5,0.4,166.0,176.4,0.375,24,153.5,0.5,2,0
1327234,2022-10-02,England,Pakistan,"Gaddafi Stadium, Lahore",1631.55,1654.13,-22.58,0.4,0.6,0.5,0.5,178.4,168.2,0.64,25,158.67,0.3333,3,1
1327507,2022-10-02,India,South Africa,"Barsapara Cricket Stadium, Guwahati",1740.06,1672.07,67.99,0.6,0.8,0.7,0.6,154.0,179.4,0.6,20,151.55,0.501,0,1
1327508,2022-10-04,South Africa,India,"Holkar Cricket Stadium, Indore",1659.16,1752.97,-93.81,0.6,0.8,0.5,0.7,182.2,166.8,0.381,21,151.61,0.5014,0,1
1317482,2022-10-05,West Indies,Australia,Carrara Oval,1525.79,1617.94,-92.15,0.2,0.4,0.4,0.6,135.8,157.8,0.5882,17,108.0,1.0,1,0
1317483,2022-10-07,Australia,West Indies,"Brisbane Cricket Ground, Woolloongabba, Brisbane",1629.79,1513.94,115.86,0.4,0.2,0.6,0.3,161.8,138.4,0.4444,18,151.66,0.5014,0,1
1322334,2022-10-07,Pakistan,Bangladesh,"Hagley Oval, Christchurch",1637.1,1456.69,180.4,0.4,0.6,0.4,0.3,156.0,158.4,0.8667,15,151.68,0.5017,0,1
1322335,2022-10-08,New Zealand,Pakistan,"Hagley Oval, Christchurch",1668.18,1645.46,22.72,0.8,0.6,0.9,0.4,168.4,157.8,0.4,25,167.0,1.0,1,0
1317486,2022-10-09,England,Australia,Perth Stadium,1648.59,1640.65,7.95,0.6,0.6,0.5,0.6,180.4,162.2,0.4737,19,106.0,0.0,1,1
1322336,2022-10-09,Bangladesh,New Zealand,"Hagley Oval, Christchurch",1448.33,1651.13,-202.8,0.4,0.6,0.3,0.8,160.4,168.2,0.2,15,157.0,0.5,2,0
1333931,2022-10-10,Japan,Indonesia,Sano International Cricket Ground,1500.0,1500.0,0.0,0.5,0.5,0.5,0.5,151.71,151.71,0.5,0,151.71,0.5017,0,1
1322337,2022-10-11,Pakistan,New Zealand,"Hagley Oval, Christchurch",1662.51,1658.73,3.78,0.6,0.6,0.5,0.8,154.4,166.8,0.6154,26,150.33,0.3333,3,0
1333932,2022-10-11,Japan,Indonesia,Sano International Cricket Ground,1516.0,1484.0,32.0,1.0,0.0,1.0,0.0,179.0,104.0,1.0,1,179.0,1.0,1,0
1317487,2022-10-12,England,Australia,"Manuka Oval, Canberra",1664.23,1625.01,39.21,0.6,0.4,0.5,0.6,177.8,160.0,0.5,20,121.0,0.0,1,1
1322338,2022-10-12,New Zealand,Bangladesh,"Hagley Oval, Christchurch",1674.9,1440.73,234.17,0.6,0.4,0.8,0.3,156.0,158.6,0.8125,16,145.25,0.25,4,1
1322339,2022-10-13,Bangladesh,Pakistan,"Hagley Oval, Christchurch",1434.14,1646.33,-212.2,0.4,0.4,0.3,0.5,154.0,151.4,0.125,16,157.8,0.4,5,0
1322340,2022-10-14,New Zealand,Pakistan,"Hagley Oval, Christchurch",1681.5,1653.62,27.88,0.6,0.6,0.8,0.6,154.6,153.0,0.4074,27,160.33,0.3333,6,0
1336951,2022-10-15,Indonesia,South Korea,Sano International Cricket Ground,1501.47,1500.0,1.47,0.5,0.5,0.5,0.5,93.0,151.75,0.5,0,129.0,0.5,2,1
1336952,2022-10-15,Japan,South Korea,Sano International Cricket Ground,1498.53,1484.07,14.46,0.5,0.0,0.5,0.0,129.0,66.0,0.5,0,129.33,0.6667,3,1
1298135,2022-10-16,Namibia,Sri Lanka,"GMHBA Stadium, South Geelong, Victoria",1597.48,1556.36,41.12,0.6,1.0,0.5,0.5,137.2,165.8,0.0,1,151.78,0.5021,0,1
1298136,2022-10-16,United Arab Emirates,Netherlands,"GMHBA Stadium, South Geelong, Victoria",1518.14,1524.32,-6.18,0.2,0.4,0.5,0.4,153.6,140.0,0.3333,6,163.0,1.0,1,0
1336953,2022-10-16,Indonesia,Japan,Sano International Cricket Ground,1517.4,1513.86,3.54,0.6667,0.6667,0.6667,0.6667,105.33,158.67,0.5,2,151.5,0.75,4,0
1298137,2022-10-17,Scotland,West Indies,"Bellerive Oval, Hobart",1495.41,1503.08,-7.67,0.0,0.2,0.3,0.2,133.4,147.8,0.5,0,151.71,0.5017,0,1
1298138,2022-10-17,Zimbabwe,Ireland,"Bellerive Oval, Hobart",1525.63,1449.73,75.9,0.8,0.0,0.7,0.2,165.4,147.0,0.375,8,160.0,1.0,1,1
1298139,2022-10-18,Namibia,Netherlands,"GMHBA Stadium, South Geelong, Victoria",1611.59,1540.04,71.56,0.8,0.4,0.6,0.5,140.6,125.0,0.5,2,137.0,0.5,2,0
1298140,2022-10-18,Sri Lanka,United Arab Emirates,"GMHBA Stadium, South Geelong, Victoria",1542.24,1502.43,39.82,0.8,0.2,0.5,0.4,152.0,141.2,1.0,1,131.67,0.3333,3,1
1336955,2022-10-18,Japan,Indonesia,Sano International Cricket Ground,1530.03,1501.24,28.79,0.75,0.5,0.75,0.5,140.0,99.75,0.6667,3,137.8,0.6,5,0
1336956,2022-10-18,South Korea,Indonesia,Sano International Cricket Ground,1468.73,1518.56,-49.83,0.0,0.6,0.0,0.6,118.0,100.6,0.0,1,132.0,0.5,6,0
1298141,2022-10-19,Scotland,Ireland,"Bellerive Oval, Hobart",1511.76,1437.17,74.59,0.2,0.0,0.4,0.1,134.2,147.2,0.2857,7,167.0,1.0,2,0
1298142,2022-10-19,West Indies,Zimbabwe,"Bellerive Oval, Hobart",1486.73,1538.19,-51.46,0.2,0.8,0.2,0.8,137.0,160.4,0.6667,3,170.0,0.6667,3,1
1298143,2022-10-20,Sri Lanka,Netherlands,"GMHBA Stadium, South Geelong, Victoria",1556.42,1559.29,-2.87,0.8,0.4,0.6,0.6,145.6,121.6,1.0,2,136.75,0.5,4,1
1298144,2022-10-20,United Arab Emirates,Namibia,"GMHBA Stadium, South Geelong, Victoria",1488.25,1592.34,-104.09,0.0,0.6,0.3,0.6,123.8,140.0,0.5,0,141.8,0.6,5,1
1298145,2022-10-21,West Indies,Ireland,"Bellerive Oval, Hobart",1505.08,1456.56,48.52,0.4,0.2,0.2,0.1,142.6,165.0,0.6,5,165.75,0.75,4,0
1298146,2022-10-21,Scotland,Zimbabwe,"Bellerive Oval, Hobart",1492.38,1519.84,-27.46,0.2,0.6,0.3,0.8,152.4,158.4,0.25,4,161.8,0.6,5,0
1298147,2022-10-22,New Zealand,Australia,Sydney Cricket Ground,1664.22,1610.81,53.41,0.6,0.4,0.7,0.5,158.2,176.0,0.2857,14,168.44,0.4444,9,1
1298149,2022-10-23,Ireland,Sri Lanka,"Bellerive Oval, Hobart",1474.78,1572.55,-97.77,0.4,0.8,0.2,0.7,160.2,143.2,0.0,2,156.83,0.5,6,0
1298150,2022-10-23,Pakistan,India,Melbourne Cricket Ground,1670.9,1732.75,-61.85,0.8,0.8,0.6,0.6,158.2,160.8,0.3,10,141.21,0.3571,14,0
1298151,2022-10-24,Bangladesh,Netherlands,"Bellerive Oval, Hobart",1426.85,1543.16,-116.31,0.2,0.4,0.3,0.6,157.0,131.8,0.6667,3,152.71,0.4286,7,1
1298153,2022-10-25,Sri Lanka,Australia,Perth Stadium,1584.16,1597.25,-13.09,0.8,0.4,0.8,0.4,145.0,161.0,0.4167,24,157.0,0.5,2,0
1298154,2022-10-26,Ireland,England,Melbourne Cricket Ground,1463.16,1678.43,-215.26,0.4,0.8,0.2,0.6,147.8,180.8,0.5,0,142.4,0.3333,15,1
1298156,2022-10-27,South Africa,Bangladesh,Sydney Cricket Ground,1679.38,1448.01,231.36,0.6,0.2,0.5,0.4,189.4,152.0,1.0,7,171.6,0.5,10,1
1298157,2022-10-27,India,Netherlands,Sydney Cricket Ground,1745.93,1521.99,223.94,0.8,0.4,0.6,0.5,174.4,132.4,0.5,0,174.64,0.5455,11,1
1298158,2022-10-27,Zimbabwe,Pakistan,Perth Stadium,1534.58,1657.72,-123.14,0.6,0.6,0.8,0.6,144.0,156.6,0.0625,16,157.0,0.3333,3,1
1298161,2022-10-29,New Zealand,Sri Lanka,Sydney Cricket Ground,1677.78,1568.76,109.01,0.8,0.6,0.7,0.8,168.8,142.4,0.5882,17,175.0,0.5833,12,1
1298162,2022-10-30,Bangladesh,Zimbabwe,"Brisbane Cricket Ground, Woolloongabba, Brisbane",1441.33,1556.02,-114.69,0.2,0.8,0.3,0.8,143.0,143.0,0.6111,18,178.0,1.0,1,1
1298163,2022-10-30,Netherlands,Pakistan,Perth Stadium,1515.08,1636.27,-121.19,0.4,0.4,0.4,0.5,127.6,152.6,0.0,1,150.25,0.5,4,0
1298164,2022-10-30,India,South Africa,Perth Stadium,1752.84,1686.06,66.78,0.8,0.6,0.6,0.6,172.8,188.2,0.5909,22,138.4,0.4,5,0
1298165,2022-10-31,Australia,Ireland,"Brisbane Cricket Ground, Woolloongabba, Brisbane",1612.65,1487.98,124.67,0.4,0.6,0.4,0.3,163.4,151.6,1.0,1,164.0,1.0,2,1
1298167,2022-11-01,England,New Zealand,"Brisbane Cricket Ground, Woolloongabba, Brisbane",1653.61,1688.92,-35.3,0.8,0.8,0.6,0.7,174.0,173.8,0.6,20,169.0,1.0,3,1
1298168,2022-11-02,Zimbabwe,Netherlands,Adelaide Oval,1534.92,1504.44,30.48,0.6,0.2,0.7,0.3,141.2,123.4,0.6667,3,181.8,0.6,5,0
1298169,2022-11-02,India,Bangladesh,Adelaide Oval,1733.81,1462.43,271.38,0.6,0.4,0.6,0.4,177.4,145.6,0.9091,11,171.0,0.5,6,1
1298170,2022-11-03,Pakistan,South Africa,Sydney Cricket Ground,1646.91,1705.1,-58.19,0.6,0.6,0.5,0.7,145.6,179.2,0.55,20,174.38,0.6154,13,1
1298171,2022-11-04,New Zealand,Ireland,Adelaide Oval,1671.3,1477.48,193.81,0.6,0.6,0.6,0.3,179.4,150.4,1.0,4,172.86,0.5714,7,1
1339205,2022-11-04,Italy,Germany,"Desert Springs Cricket Ground, Almeria",1565.34,1519.39,45.95,1.0,0.8,0.7,0.4,148.4,119.8,0.6667,3,115.86,0.4286,21,0
1339206,2022-11-04,Italy,Germany,"Desert Springs Cricket Ground, Almeria",1547.24,1537.5,9.74,0.8,0.8,0.6,0.5,146.4,118.6,0.5,4,115.45,0.4091,22,0
1298173,2022-11-05,Sri Lanka,England,Sydney Cricket Ground,1557.63,1671.23,-113.61,0.6,0.8,0.7,0.6,141.2,175.8,0.3077,13,175.14,0.6429,14,0
1339207,2022-11-05,Italy,Spain,"Desert Springs Cricket Ground, Almeria",1530.79,1572.14,-41.35,0.6,0.6,0.6,0.7,146.8,115.2,0.5,0,116.78,0.3913,23,0
1339208,2022-11-05,Germany,Spain,"Desert Springs Cricket Ground, Almeria",1553.94,1586.25,-32.3,0.8,0.6,0.6,0.7,121.4,123.2,0.4,5,118.62,0.375,24,1
1298174,2022-11-06,Netherlands,South Africa,Adelaide Oval,1521.84,1686.44,-164.6,0.2,0.6,0.3,0.7,123.0,179.6,0.0,1,174.38,0.625,8,1
1298175,2022-11-06,Bangladesh,Pakistan,Adelaide Oval,1456.88,1665.56,-208.68,0.4,0.6,0.4,0.6,142.6,147.2,0.1176,17,172.56,0.6667,9,0
1298176,2022-11-06,India,Zimbabwe,Melbourne Cricket Ground,1739.35,1517.52,221.83,0.6,0.4,0.7,0.6,166.8,129.8,0.7143,7,143.31,0.375,16,1
1339209,2022-11-06,Spain,Germany,"Desert Springs Cricket Ground, Almeria",1568.76,1571.43,-2.66,0.4,0.8,0.6,0.7,119.2,128.6,0.5,6,119.12,0.4,25,1
1339210,2022-11-06,Italy,Spain,"Desert Springs Cricket Ground, Almeria",1516.68,1584.89,-68.2,0.4,0.4,0.6,0.6,145.2,130.0,0.0,1,119.62,0.4231,26,1
1298177,2022-11-09,New Zealand,Pakistan,Sydney Cricket Ground,1679.19,1672.96,6.23,0.6,0.6,0.6,0.7,174.8,139.2,0.3929,28,172.87,0.6,15,0
1298178,2022-11-10,India,England,Adelaide Oval,1746.33,1682.18,64.15,0.8,0.8,0.8,0.7,168.4,162.8,0.5455,22,168.0,0.6,10,0
1298179,2022-11-13,Pakistan,England,Melbourne Cricket Ground,1689.25,1701.1,-11.85,0.8,0.8,0.7,0.7,138.0,155.2,0.3462,26,145.82,0.4118,17,0
1344782,2022-11-14,Saudi Arabia,Oman,Al Amerat Cricket Ground Oman Cricket (Ministry Turf 1),1482.59,1474.94,7.65,0.3333,0.4,0.3333,0.3,133.33,94.6,0.5,0,150.92,0.44,50,0
1344783,2022-11-14,Bahrain,Canada,Al Amerat Cricket Ground Oman Cricket (Ministry Turf 1),1479.8,1531.01,-51.21,0.2,0.6,0.5,0.6,149.6,143.0,0.0,1,149.65,0.4314,51,0
1344784,2022-11-15,Canada,Saudi Arabia,Al Amerat Cricket Ground Oman Cricket (Ministry Turf 1),1544.67,1466.23,78.43,0.6,0.25,0.7,0.25,139.6,121.5,0.5,0,150.52,0.4231,52,1
1344785,2022-11-15,Oman,Bahrain,Al Amerat Cricket Ground Oman Cricket (Ministry Turf 1),1491.29,1466.14,25.15,0.6,0.0,0.4,0.4,97.0,150.4,0.5,0,151.34,0.434,53,0
1344786,2022-11-16,Bahrain,Saudi Arabia,Al Amerat Cricket Ground Oman Cricket (Ministry Turf 1),1483.29,1453.79,29.51,0.2,0.2,0.4,0.2,152.0,122.8,1.0,1,151.02,0.4259,54,1
1344787,2022-11-16,Canada,Oman,Al Amerat Cricket Ground Oman Cricket (Ministry Turf 1),1557.12,1474.14,82.98,0.8,0.4,0.8,0.4,147.4,92.0,0.0,2,151.36,0.4364,55,1
1343740,2022-11-17,Botswana,Rwanda,Gahanga International Cricket Stadium. Rwanda,1466.24,1469.97,-3.74,0.4,0.4,0.5,0.4444,144.0,102.4,0.5,0,135.17,0.4138,29,0
1343741,2022-11-17,Lesotho,Mali,Integrated Polytechnic Regional Centre,1452.72,1500.0,-47.28,0.0,0.5,0.0,0.5,79.0,151.71,0.5,0,121.14,0.5,14,1
1344788,2022-11-17,Saudi Arabia,Oman,Al Amerat Cricket Ground Oman Cricket (Ministry Turf 1),1439.14,1461.89,-22.74,0.2,0.2,0.1667,0.4,118.6,122.0,0.0,1,152.07,0.4464,56,0
1344789,2022-11-17,Canada,Bahrain,Al Amerat Cricket Ground Oman Cricket (Ministry Turf 1),1569.37,1497.94,71.43,1.0,0.4,0.8,0.4,169.6,148.2,1.0,2,151.4,0.4386,57,0
1343744,2022-11-18,Rwanda,St Helena,Gahanga International Cricket Stadium. Rwanda,1485.8,1500.0,-14.2,0.6,0.5,0.5,0.5,93.4,151.68,0.5,0,134.2,0.4,30,1
1343745,2022-11-18,Lesotho,Botswana,Integrated Polytechnic Regional Centre,1470.89,1450.41,20.48,0.25,0.4,0.25,0.5,93.75,137.2,0.5,0,122.27,0.5333,15,0
1344790,2022-11-19,Canada,Saudi Arabia,Al Amerat Cricket Ground Oman Cricket (Ministry Turf 1),1550.12,1424.19,125.93,0.8,0.0,0.7,0.1429,175.2,121.2,1.0,1,151.55,0.431,58,1
1344791,2022-11-19,Oman,Bahrain,Al Amerat Cricket Ground Oman Cricket (Ministry Turf 1),1476.84,1517.18,-40.34,0.4,0.6,0.5,0.5,123.8,150.4,0.0,1,151.88,0.4407,59,1
1322276,2022-11-20,India,New Zealand,"Bay Oval, Mount Maunganui",1727.41,1662.91,64.5,0.6,0.6,0.7,0.6,170.0,172.6,0.5,18,151.68,0.503,0,1
1343749,2022-11-20,Mali,Kenya,Integrated Polytechnic Regional Centre,1481.84,1490.58,-8.74,0.0,0.4,0.0,0.4,107.0,111.0,0.5,0,120.31,0.5,16,0
1343750,2022-11-20,Rwanda,Kenya,Gahanga International Cricket Stadium. Rwanda,1502.45,1506.18,-3.72,0.8,0.4,0.5,0.4,106.8,97.6,0.5,0,134.06,0.4194,31,0
1344792,2022-11-20,Oman,Canada,Al Amerat Cricket Ground Oman Cricket (Ministry Turf 1),1494.69,1560.56,-65.87,0.6,0.8,0.5,0.7,150.4,183.0,0.6667,3,153.02,0.45,60,0
1344793,2022-11-20,Bahrain,Saudi Arabia,Al Amerat Cricket Ground Oman Cricket (Ministry Turf 1),1499.33,1413.75,85.59,0.6,0.0,0.4,0.125,156.4,114.2,1.0,2,153.28,0.4426,61,0
1343753,2022-11-21,Kenya,Lesotho,Integrated Polytechnic Regional Centre,1522.01,1453.94,68.06,0.6,0.2,0.4,0.2,86.8,93.2,0.5,0,115.0,0.4706,17,1
1344794,2022-11-21,Saudi Arabia,Bahrain,Al Amerat Cricket Ground Oman Cricket (Ministry Turf 1),1433.61,1479.47,-45.86,0.2,0.6,0.2222,0.3,120.0,139.8,0.3333,3,152.61,0.4355,62,1
1344795,2022-11-21,Oman,Canada,Al Amerat Cricket Ground Oman Cricket (Ministry Turf 1),1481.69,1573.57,-91.88,0.4,0.8,0.5,0.7,166.2,177.2,0.5,4,152.65,0.4444,63,0
1343756,2022-11-22,Mali,Botswana,Gahanga International Cricket Stadium. Rwanda,1466.24,1467.35,-1.11,0.0,0.6,0.0,0.6,68.5,136.0,0.5,0,132.59,0.4062,32,0
1343757,2022-11-22,St Helena,Lesotho,Integrated Polytechnic Regional Centre,1483.35,1441.04,42.31,0.0,0.2,0.0,0.1667,76.0,81.0,0.5,0,121.78,0.5,18,1
1343760,2022-11-24,St Helena,Malawi,Gahanga International Cricket Stadium. Rwanda,1497.41,1501.95,-4.54,0.5,0.6,0.5,0.5,101.0,120.2,0.5,0,129.7,0.3939,33,0
1343761,2022-11-24,Rwanda,Seychelles,Integrated Polytechnic Regional Centre,1486.63,1484.94,1.69,0.6,0.4,0.4,0.4,103.8,109.4,0.5,0,122.0,0.5263,19,1
1343762,2022-11-24,Botswana,Kenya,Gahanga International Cricket Stadium. Rwanda,1483.3,1534.91,-51.61,0.6,0.8,0.6,0.5,114.4,103.2,0.5,0,126.97,0.3824,34,0
1343763,2022-11-24,Mali,Rwanda,Integrated Polytechnic Regional Centre,1450.29,1502.55,-52.26,0.0,0.6,0.0,0.5,58.0,112.4,0.5,0,122.0,0.55,20,0
1343764,2022-11-25,Seychelles,Kenya,Gahanga International Cricket Stadium. Rwanda,1469.02,1548.55,-79.54,0.4,0.8,0.3333,0.6,99.8,117.6,0.5,0,126.66,0.3714,35,0
1343768,2022-12-01,Sierra Leone,Tanzania,Gahanga International Cricket Stadium. Rwanda,1443.35,1566.56,-123.21,0.4,0.8,0.3333,0.6,93.8,157.6,0.0,1,125.75,0.3611,36,0
1343770,2022-12-01,Mozambique,Nigeria,Gahanga International Cricket Stadium. Rwanda,1424.86,1388.84,36.01,0.0,0.0,0.1429,0.4,107.8,93.4,0.5,0,123.89,0.3514,37,0
1343771,2022-12-01,Gambia,Eswatini,Integrated Polytechnic Regional Centre,1500.0,1500.0,0.0,0.5,0.5,0.5,0.5,151.19,151.19,0.5,0,117.62,0.5238,21,0
1343772,2022-12-02,Sierra Leone,Nigeria,Gahanga International Cricket Stadium. Rwanda,1432.79,1406.5,26.3,0.4,0.2,0.3,0.4,85.6,100.8,0.2,5,122.89,0.3421,38,0
1343773,2022-12-02,Ghana,Mozambique,Integrated Polytechnic Regional Centre,1488.76,1407.2,81.56,0.4,0.0,0.7,0.125,118.8,105.8,1.0,1,117.82,0.5,22,0
1343774,2022-12-02,Cameroon,Sierra Leone,Gahanga International Cricket Stadium. Rwanda,1420.95,1415.59,5.36,0.0,0.4,0.0,0.2,57.6,81.0,0.0,1,121.33,0.3333,39,0
1343775,2022-12-02,Eswatini,Mozambique,Integrated Polytechnic Regional Centre,1516.0,1426.89,89.11,1.0,0.2,1.0,0.2222,123.0,108.8,0.5,0,117.52,0.4783,23,0
1343776,2022-12-04,Cameroon,Mozambique,Gahanga International Cricket Stadium. Rwanda,1404.7,1446.91,-42.21,0.0,0.4,0.0,0.3,79.2,113.8,0.0,1,121.95,0.325,40,0
1343777,2022-12-04,Nigeria,Eswatini,Integrated Polytechnic Regional Centre,1423.7,1495.98,-72.28,0.4,0.5,0.4,0.5,87.4,136.5,0.5,0,118.88,0.4583,24,1
1343778,2022-12-04,Ghana,Tanzania,Gahanga International Cricket Stadium. Rwanda,1469.07,1577.11,-108.04,0.2,0.8,0.6,0.6,126.0,139.8,0.5,0,121.29,0.3171,41,0
1343780,2022-12-05,Mozambique,Tanzania,Gahanga International Cricket Stadium. Rwanda,1460.97,1588.29,-127.32,0.6,0.8,0.4,0.6,108.6,132.4,0.0,1,121.29,0.3095,42,0
1343781,2022-12-05,Sierra Leone,Eswatini,Integrated Polytechnic Regional Centre,1431.83,1476.7,-44.87,0.6,0.3333,0.3,0.3333,91.2,125.33,0.5,0,122.96,0.48,25,1
1343782,2022-12-05,Cameroon,Nigeria,Gahanga International Cricket Stadium. Rwanda,1390.63,1442.99,-52.35,0.0,0.6,0.0,0.4,88.0,109.2,0.5,0,120.35,0.3023,43,0
1343783,2022-12-05,Ghana,Sierra Leone,Integrated Polytechnic Regional Centre,1457.89,1449.89,8.0,0.2,0.6,0.5,0.4,130.8,82.2,0.5,0,120.23,0.5,26,0
1343784,2022-12-06,Tanzania,Eswatini,Gahanga International Cricket Stadium. Rwanda,1598.68,1458.65,140.03,0.8,0.25,0.7,0.25,114.8,106.0,0.5,0,119.25,0.2955,44,1
1343785,2022-12-06,Gambia,Sierra Leone,Integrated Polytechnic Regional Centre,1484.0,1466.26,17.74,0.0,0.6,0.0,0.5,122.0,76.4,0.5,0,120.78,0.4815,27,0
1343786,2022-12-06,Gambia,Tanzania,Gahanga International Cricket Stadium. Rwanda,1467.18,1608.55,-141.37,0.0,0.8,0.0,0.8,101.5,122.2,0.5,0,120.73,0.3111,45,0
1343788,2022-12-08,Ghana,Gambia,Gahanga International Cricket Stadium. Rwanda,1441.52,1457.36,-15.83,0.0,0.0,0.4,0.0,127.0,87.33,0.5,0,119.39,0.3043,46,1
1343791,2022-12-08,Mozambique,Gambia,Integrated Polytechnic Regional Centre,1450.59,1440.63,9.96,0.6,0.0,0.3,0.0,106.2,82.75,0.5,0,119.36,0.4643,28,1
1343793,2022-12-09,Gambia,Cameroon,Integrated Polytechnic Regional Centre,1425.09,1377.03,48.06,0.0,0.0,0.0,0.0,80.2,90.0,0.5,0,119.62,0.4828,29,1
1343794,2022-12-09,Ghana,Nigeria,Gahanga International Cricket Stadium. Rwanda,1458.25,1456.59,1.66,0.2,0.8,0.4,0.4,143.0,93.8,0.0,1,121.43,0.3191,47,0
1343795,2022-12-09,Tanzania,Cameroon,Integrated Polytechnic Regional Centre,1618.38,1363.23,255.16,1.0,0.0,0.9,0.0,99.6,93.0,1.0,1,119.47,0.5,30,1
1349124,2022-12-13,Tanzania,Rwanda,"Gahanga International Cricket Stadium, Rwanda",1624.37,1516.16,108.21,1.0,0.8,0.9,0.6,133.8,96.2,0.5,0,150.84,0.4987,0,1
1349126,2022-12-14,Uganda,Rwanda,"Gahanga International Cricket Stadium, Rwanda",1651.35,1504.99,146.36,1.0,0.6,0.8,0.6,137.2,90.8,1.0,1,147.0,1.0,1,1
1349128,2022-12-15,Uganda,Rwanda,"Gahanga International Cricket Stadium, Rwanda",1660.98,1495.35,165.63,1.0,0.4,0.8,0.6,152.8,84.8,1.0,2,166.0,1.0,2,1
1349129,2022-12-15,Uganda,Tanzania,"Gahanga International Cricket Stadium, Rwanda",1669.88,1635.54,34.34,1.0,1.0,0.9,0.9,154.0,138.8,1.0,3,166.67,1.0,3,1
1349379,2022-12-15,Singapore,Qatar,"UKM-YSD Cricket Oval, Bangi",1393.8,1500.81,-107.01,0.0,0.6,0.1,0.5,128.6,125.6,1.0,1,95.6,0.5,10,0
1349131,2022-12-16,Rwanda,Tanzania,"Gahanga International Cricket Stadium, Rwanda",1486.45,1621.12,-134.67,0.4,0.8,0.5,0.8,74.4,153.6,0.0,1,167.25,1.0,4,1
1349380,2022-12-16,Qatar,Malaysia,"UKM-YSD Cricket Oval, Bangi",1512.03,1524.43,-12.4,0.6,1.0,0.5556,0.7,123.0,92.8,1.0,1,98.73,0.4545,11,0
1349132,2022-12-18,Uganda,Tanzania,"Gahanga International Cricket Stadium, Rwanda",1684.31,1599.21,85.1,1.0,0.6,1.0,0.7,160.8,142.6,1.0,4,159.4,1.0,5,1
1349133,2022-12-18,Rwanda,Tanzania,"Gahanga International Cricket Stadium, Rwanda",1508.36,1587.05,-78.69,0.4,0.4,0.5,0.7,75.6,151.4,0.5,2,150.67,1.0,6,0
1349382,2022-12-18,Bahrain,Qatar,"UKM-YSD Cricket Oval, Bangi",1461.37,1496.6,-35.23,0.4,0.6,0.3,0.5,136.6,127.0,1.0,1,101.0,0.4167,12,1
1349383,2022-12-18,Malaysia,Singapore,"UKM-YSD Cricket Oval, Bangi",1539.86,1382.58,157.28,1.0,0.0,0.8,0.1,75.6,125.4,0.4,5,105.85,0.4615,13,1
1349134,2022-12-19,Uganda,Tanzania,"Gahanga International Cricket Stadium, Rwanda",1696.47,1599.49,96.98,1.0,0.4,1.0,0.7,160.8,132.4,1.0,5,146.0,0.8571,7,0
1349384,2022-12-19,Singapore,Qatar,"UKM-YSD Cricket Oval, Bangi",1373.37,1478.98,-105.62,0.0,0.6,0.0,0.5,114.8,138.4,0.5,2,113.07,0.5,14,0
1349385,2022-12-19,Bahrain,Malaysia,"UKM-YSD Cricket Oval, Bangi",1478.99,1549.07,-70.09,0.4,1.0,0.4,0.9,135.4,110.2,0.5,0,114.87,0.4667,15,0
1349136,2022-12-20,Tanzania,Rwanda,"Gahanga International Cricket Stadium, Rwanda",1619.84,1495.92,123.92,0.4,0.2,0.7,0.5,130.4,92.4,0.6667,3,144.25,0.75,8,1
1349137,2022-12-20,Rwanda,Uganda,"Gahanga International Cricket Stadium, Rwanda",1485.4,1676.11,-190.71,0.2,0.8,0.4,0.9,96.8,152.2,0.0,3,143.11,0.7778,9,0
1349386,2022-12-21,Singapore,Bahrain,"UKM-YSD Cricket Oval, Bangi",1362.09,1466.17,-104.09,0.0,0.2,0.0,0.4,114.8,138.4,0.5,0,118.88,0.4375,16,0
1349138,2022-12-22,Tanzania,Rwanda,"Gahanga International Cricket Stadium, Rwanda",1630.37,1477.4,152.97,0.6,0.2,0.7,0.3,126.0,90.2,0.75,4,135.5,0.7,10,1
1349139,2022-12-22,Uganda,Tanzania,"Gahanga International Cricket Stadium, Rwanda",1684.12,1639.74,44.37,0.8,0.8,0.9,0.7,128.8,127.0,0.8333,6,135.55,0.7273,11,1
1349388,2022-12-22,Malaysia,Singapore,"UKM-YSD Cricket Oval, Bangi",1561.89,1350.74,211.15,1.0,0.0,1.0,0.0,134.8,125.8,0.5,6,121.76,0.4118,17,1
1349140,2022-12-23,Uganda,Rwanda,"Gahanga International Cricket Stadium, Rwanda",1698.08,1468.02,230.07,0.8,0.2,0.9,0.3,131.8,104.8,1.0,4,139.5,0.75,12,1
1349390,2022-12-23,Singapore,Qatar,"UKM-YSD Cricket Oval, Bangi",1343.42,1490.26,-146.84,0.0,0.6,0.0,0.5,121.0,135.8,0.3333,3,127.39,0.4444,18,0
1349391,2022-12-23,Malaysia,Bahrain,"UKM-YSD Cricket Oval, Bangi",1569.21,1477.52,91.69,1.0,0.4,1.0,0.5,164.6,150.0,1.0,1,129.32,0.4211,19,0
1348640,2023-01-03,India,Sri Lanka,"Wankhede Stadium, Mumbai",1740.47,1546.68,193.79,0.6,0.4,0.7,0.6,172.4,139.0,0.68,25,150.82,0.4997,0,1
1348641,2023-01-05,Sri Lanka,India,"Maharashtra Cricket Association Stadium, Pune",1538.78,1748.37,-209.59,0.2,0.8,0.5,0.7,138.6,178.2,0.3077,26,150.83,0.5,0,1
1348642,2023-01-07,India,Sri Lanka,"Saurashtra Cricket Association Stadium, Rajkot",1723.74,1563.41,160.33,0.6,0.2,0.6,0.5,179.4,153.2,0.6667,27,169.0,1.0,1,1
1348323,2023-01-12,Ireland,Zimbabwe,Harare Sports Club,1469.59,1510.55,-40.96,0.4,0.4,0.3,0.5,144.4,128.4,0.5556,9,159.25,0.6562,32,0
1348324,2023-01-14,Zimbabwe,Ireland,Harare Sports Club,1524.67,1455.46,69.2,0.4,0.2,0.5,0.3,125.4,137.2,0.5,10,157.88,0.6364,33,0
1348325,2023-01-15,Ireland,Zimbabwe,Harare Sports Club,1474.61,1505.52,-30.91,0.4,0.2,0.4,0.5,141.6,128.2,0.5455,11,157.47,0.6176,34,0
1348649,2023-01-27,New Zealand,India,"JSCA International Stadium Complex, Ranchi",1649.84,1732.84,-83.0,0.4,0.6,0.6,0.7,157.8,187.8,0.4737,19,153.0,0.0,1,1
1348650,2023-01-29,New Zealand,India,"Bharat Ratna Shri Atal Bihari Vajpayee Ekana Cricket Stadium, Lucknow",1669.59,1713.09,-43.5,0.4,0.6,0.6,0.6,159.6,185.2,0.5,20,199.0,1.0,1,0
1348651,2023-02-01,India,New Zealand,"Narendra Modi Stadium, Ahmedabad",1727.1,1655.59,71.51,0.6,0.4,0.6,0.5,167.2,147.6,0.5238,21,150.86,0.4997,0,1
1359786,2023-02-21,Argentina,Bermuda,"St Albans Club, Buenos Aires",1467.15,1467.74,-0.59,0.25,0.4,0.25,0.3,119.75,149.8,0.5,0,150.92,0.5,0,0
1359787,2023-02-22,Bermuda,Argentina,"Belgrano Athletic Club Ground, Buenos Aires",1483.72,1451.18,32.54,0.6,0.2,0.3,0.2,133.8,111.2,1.0,1,150.87,0.4997,0,1
1354800,2023-02-25,Isle of Man,Spain,La Manga Club Bottom Ground,1578.24,1565.79,12.46,0.8,0.4,0.8,0.5,136.0,132.8,0.5,0,107.2,0.2,5,0
1354801,2023-02-25,Isle of Man,Spain,La Manga Club Bottom Ground,1561.67,1582.36,-20.69,0.6,0.6,0.8,0.6,124.8,117.8,0.0,1,100.33,0.1667,6,0
1359794,2023-02-25,Panama,Argentina,"Hurlingham Club Ground, Buenos Aires",1482.4,1436.67,45.73,0.3333,0.2,0.3333,0.1667,102.33,113.2,0.5,0,150.84,0.4994,0,1
1359795,2023-02-25,Bermuda,Cayman Islands,"St Albans Club, Buenos Aires",1498.22,1405.45,92.78,0.8,0.0,0.4,0.0,156.2,91.0,1.0,2,77.0,0.0,1,1
1354802,2023-02-26,Isle of Man,Spain,La Manga Club Bottom Ground,1546.62,1597.41,-50.78,0.4,0.6,0.7,0.6,115.0,108.8,0.0,2,102.57,0.1429,7,0
1354803,2023-02-26,Isle of Man,Spain,La Manga Club Bottom Ground,1532.94,1611.09,-78.14,0.2,0.8,0.6,0.6,117.2,116.8,0.0,3,106.25,0.125,8,0
1359792,2023-02-26,Panama,Bahamas,"Hurlingham Club Ground, Buenos Aires",1496.3,1464.36,31.94,0.5,0.25,0.5,0.25,111.5,105.75,1.0,1,139.0,1.0,1,0
1359793,2023-02-26,Bermuda,Argentina,"Belgrano Athletic Club Ground, Buenos Aires",1510.05,1422.77,87.28,1.0,0.0,0.5,0.1429,161.0,96.2,1.0,2,226.0,1.0,1,1
1359788,2023-02-28,Cayman Islands,Bahamas,"St Albans Club, Buenos Aires",1393.62,1481.83,-88.21,0.0,0.4,0.0,0.4,92.8,105.6,0.5,0,125.0,0.5,2,1
1359789,2023-02-28,Bermuda,Panama,"Belgrano Athletic Club Ground, Buenos Aires",1522.11,1478.84,43.28,1.0,0.4,0.6,0.4,157.2,109.4,0.5,0,223.0,1.0,2,1
1359798,2023-03-02,Argentina,Bahamas,"St Albans Club, Buenos Aires",1410.7,1461.85,-51.15,0.0,0.2,0.125,0.3333,100.2,100.2,0.0,1,125.0,0.6667,3,1
1359799,2023-03-02,Cayman Islands,Panama,"Hurlingham Club Ground, Buenos Aires",1413.6,1464.82,-51.22,0.2,0.4,0.125,0.3333,94.6,110.4,0.5,0,120.0,0.5,2,1
1359800,2023-03-04,Bahamas,Bermuda,"Hurlingham Club Ground, Buenos Aires",1443.51,1536.13,-92.62,0.2,1.0,0.2857,0.7,95.2,178.6,0.0,1,126.0,0.6667,3,0
1359802,2023-03-04,Argentina,Cayman Islands,"Belgrano Athletic Club Ground, Buenos Aires",1429.04,1431.94,-2.9,0.2,0.4,0.2222,0.2222,101.8,104.0,0.5,0,214.0,1.0,3,0
1361770,2023-03-08,Kuwait,Malaysia,"Mission Road Ground, Mong Kok, Hong Kong",1561.04,1549.08,11.96,0.8,0.8,0.7,0.9,154.6,178.4,0.0,1,150.68,0.5,0,0
1361771,2023-03-08,Hong Kong,Bahrain,"Mission Road Ground, Mong Kok, Hong Kong",1463.67,1497.64,-33.98,0.6,0.6,0.5,0.6,128.0,158.8,0.5,0,158.0,0.0,1,1
1351400,2023-03-09,England,Bangladesh,"Zahur Ahmed Chowdhury Stadium, Chattogram",1716.56,1449.48,267.07,0.8,0.4,0.8,0.3,147.2,133.4,1.0,1,150.68,0.5,0,0
1361772,2023-03-09,Malaysia,Bahrain,"Mission Road Ground, Mong Kok, Hong Kong",1565.63,1480.08,85.55,0.8,0.6,0.9,0.5,185.6,161.8,0.5,2,155.5,0.5,2,1
1361773,2023-03-09,Hong Kong,Kuwait,"Mission Road Ground, Mong Kok, Hong Kong",1481.23,1544.49,-63.26,0.6,0.6,0.6,0.7,129.0,155.4,1.0,1,170.33,0.6667,3,1
1361774,2023-03-11,Kuwait,Bahrain,"Mission Road Ground, Mong Kok, Hong Kong",1525.61,1467.95,57.66,0.4,0.4,0.6,0.4,148.2,158.4,1.0,5,168.0,0.75,4,0
1361775,2023-03-11,Malaysia,Hong Kong,"Mission Road Ground, Mong Kok, Hong Kong",1577.77,1500.11,77.66,0.8,0.6,0.9,0.7,184.2,130.6,0.8333,6,165.6,0.6,5,0
1351401,2023-03-12,England,Bangladesh,"Shere Bangla National Stadium, Mirpur",1690.22,1475.82,214.4,0.8,0.4,0.8,0.3,157.4,136.2,0.5,2,137.05,0.4737,19,0
1361776,2023-03-12,Bahrain,Kuwait,"Mission Road Ground, Mong Kok, Hong Kong",1486.58,1506.98,-20.4,0.6,0.2,0.4,0.5,154.4,144.0,0.1667,6,153.83,0.5,6,0
1362242,2023-03-12,Hong Kong,Malaysia,"Mission Road Ground, Mong Kok, Hong Kong",1519.62,1558.25,-38.63,0.6,0.6,0.7,0.8,120.4,166.8,0.2857,7,151.14,0.4286,7,1
1351402,2023-03-14,Bangladesh,England,"Shere Bangla National Stadium, Mirpur",1500.61,1665.43,-164.83,0.6,0.6,0.4,0.7,140.0,145.0,0.6667,3,136.05,0.45,20,1
1339604,2023-03-25,South Africa,West Indies,"SuperSport Park, Centurion",1663.38,1486.86,176.52,0.6,0.2,0.6,0.2,164.4,141.8,0.625,16,173.5,0.0,2,0
1339605,2023-03-26,West Indies,South Africa,"SuperSport Park, Centurion",1510.36,1639.89,-129.53,0.4,0.4,0.3,0.5,139.2,145.2,0.4118,17,159.33,0.0,3,0
1355720,2023-03-27,Bangladesh,Ireland,"Zahur Ahmed Chowdhury Stadium, Chattogram",1523.67,1460.03,63.65,0.6,0.2,0.5,0.4,141.6,138.4,0.5,2,156.0,0.0,1,1
1339606,2023-03-28,West Indies,South Africa,"The Wanderers Stadium, Johannesburg",1500.06,1650.19,-150.13,0.4,0.4,0.3,0.5,161.4,156.0,0.3889,18,164.0,0.0,2,1
1355721,2023-03-29,Bangladesh,Ireland,"Zahur Ahmed Chowdhury Stadium, Chattogram",1536.78,1446.93,89.85,0.8,0.2,0.6,0.4,154.0,127.2,0.6667,3,181.5,0.5,2,1
1355722,2023-03-31,Bangladesh,Ireland,"Zahur Ahmed Chowdhury Stadium, Chattogram",1548.73,1434.98,113.75,1.0,0.2,0.7,0.3,169.0,122.2,0.75,4,188.33,0.6667,3,0
1322363,2023-04-05,Sri Lanka,New Zealand,"University Oval, Dunedin",1554.31,1642.83,-88.52,0.2,0.2,0.4,0.4,149.2,123.8,0.3889,18,150.83,0.4997,0,0
1322364,2023-04-08,Sri Lanka,New Zealand,"John Davies Oval, Queenstown",1542.3,1654.84,-112.54,0.2,0.4,0.4,0.5,157.0,122.6,0.3684,19,150.83,0.4994,0,0
1367722,2023-04-10,Portugal,Gibraltar,Santarem Cricket Ground,1506.91,1338.6,168.31,0.6,0.2,0.5,0.2,134.6,151.6,1.0,2,150.85,0.4991,0,1
1367723,2023-04-11,Gibraltar,Portugal,Santarem Cricket Ground,1329.8,1515.72,-185.92,0.2,0.6,0.2,0.5556,134.4,132.6,0.0,3,208.0,1.0,1,0
1367724,2023-04-11,Gibraltar,Portugal,Santarem Cricket Ground,1321.63,1523.89,-202.26,0.2,0.6,0.2,0.6,139.8,135.2,0.0,4,187.0,0.5,2,0
1339614,2023-04-14,Pakistan,New Zealand,"Gaddafi Stadium, Lahore",1673.8,1665.84,7.96,0.8,0.6,0.6,0.5,139.6,134.0,0.6207,29,171.25,0.5,4,1
1339615,2023-04-15,Pakistan,New Zealand,"Gaddafi Stadium, Lahore",1689.43,1650.2,39.23,0.8,0.4,0.7,0.4,157.0,117.6,0.6333,30,173.4,0.6,5,1
1339616,2023-04-17,New Zealand,Pakistan,"Gaddafi Stadium, Lahore",1636.0,1703.63,-67.63,0.4,0.8,0.4,0.7,128.6,158.4,0.3548,31,176.5,0.6667,6,1
1339618,2023-04-24,Pakistan,New Zealand,Rawalpindi Cricket Stadium,1684.55,1655.08,29.48,0.6,0.6,0.6,0.4,164.6,148.0,0.625,32,139.67,0.0,3,0
1367725,2023-05-04,Gibraltar,Portugal,Europa Sports Complex,1314.01,1531.5,-217.49,0.2,0.8,0.2,0.7,140.6,145.6,0.0,5,150.96,0.4994,0,0
1367726,2023-05-04,Portugal,Malta,Europa Sports Complex,1538.62,1566.71,-28.1,0.8,0.6,0.7,0.8,157.6,168.4,1.0,1,171.0,0.0,1,1
1367727,2023-05-05,Gibraltar,Malta,Europa Sports Complex,1306.9,1549.42,-242.52,0.0,0.4,0.1,0.7,147.8,142.6,0.0,5,165.5,0.5,2,1
1367729,2023-05-05,Portugal,Malta,Europa Sports Complex,1555.91,1523.77,32.13,1.0,0.4,0.8,0.6,167.6,136.8,1.0,2,169.0,0.6667,3,1
1367728,2023-05-06,Gibraltar,Portugal,Europa Sports Complex,1332.55,1570.43,-237.88,0.2,1.0,0.2,0.8,145.0,158.4,0.0,6,167.25,0.75,4,0
1367730,2023-05-06,Gibraltar,Malta,Europa Sports Complex,1326.06,1509.25,-183.19,0.2,0.4,0.2,0.5,146.2,137.2,0.1667,6,151.8,0.6,5,1
1367733,2023-05-06,Malta,Portugal,Europa Sports Complex,1485.52,1576.92,-91.4,0.2,1.0,0.4,0.8,122.6,143.6,0.0,3,150.33,0.6667,6,0
1367731,2023-05-07,Malta,Gibraltar,Europa Sports Complex,1473.63,1349.79,123.84,0.0,0.4,0.3,0.3,114.6,141.6,0.7143,7,151.14,0.5714,7,1
1367732,2023-05-07,Gibraltar,Portugal,Europa Sports Complex,1339.27,1588.8,-249.54,0.4,1.0,0.3,0.9,148.8,149.2,0.0,7,152.88,0.625,8,0
1370782,2023-05-18,Norway,Denmark,"Svanholm Park, Brondby",1442.92,1483.92,-41.0,0.4,0.8,0.4,0.5,116.8,166.8,0.0,1,145.8,0.4,5,0
1370783,2023-05-18,Denmark,Finland,"Svanholm Park, Brondby",1498.04,1516.36,-18.32,0.8,0.8,0.6,0.5,154.0,137.0,0.6667,3,138.0,0.3333,6,1
1370785,2023-05-19,Denmark,Sweden,"Svanholm Park, Brondby",1514.88,1476.25,38.63,0.8,0.6,0.7,0.4,137.8,101.4,0.5,2,143.29,0.4286,7,0
1370787,2023-05-19,Finland,Denmark,"Svanholm Park, Brondby",1499.52,1497.11,2.41,0.6,0.8,0.5,0.7,134.6,129.8,0.25,4,139.0,0.375,8,0
1370790,2023-05-20,Finland,Norway,"Solvangs Park, Glostrup",1483.4,1428.8,54.61,0.6,0.4,0.5,0.3,124.8,119.8,0.5,0,150.87,0.4991,0,0
1379577,2023-06-10,Kenya,Uganda,"Gymkhana Club Ground, Nairobi",1560.95,1704.81,-143.86,1.0,0.8,0.7,0.9,113.0,119.6,0.5,6,140.5,0.5,4,1
1380583,2023-06-10,Belgium,Germany,Bayer Uerdingen Cricket Ground,1580.95,1555.3,25.65,0.8,0.8,0.7,0.7,137.6,133.4,0.5,0,128.15,0.6154,13,0
1379578,2023-06-11,Rwanda,Uganda,"Gymkhana Club Ground, Nairobi",1461.3,1682.54,-221.24,0.0,0.6,0.2,0.8,100.2,117.6,0.0,5,149.4,0.6,5,0
1379580,2023-06-11,Botswana,Kenya,"Gymkhana Club Ground, Nairobi",1469.66,1583.22,-113.56,0.4,1.0,0.5,0.7,100.6,143.2,0.0,1,138.0,0.5,6,0
1380584,2023-06-11,Belgium,Germany,Bayer Uerdingen Cricket Ground,1563.77,1572.48,-8.71,0.6,0.8,0.7,0.8,142.0,136.6,0.0,1,130.71,0.5714,14,0
1380587,2023-06-11,Hungary,Czech Republic,"Scott Page Field, Vinor",1442.11,1536.18,-94.06,0.0,0.8,0.4,0.8,145.6,137.8,0.3333,3,151.55,0.2727,11,0
1379586,2023-06-13,Rwanda,Botswana,"Gymkhana Club Ground, Nairobi",1454.3,1458.71,-4.41,0.0,0.4,0.1,0.4,92.8,89.8,1.0,1,131.43,0.4286,7,1
1379589,2023-06-13,Uganda,Kenya,"Gymkhana Club Ground, Nairobi",1689.53,1594.17,95.36,0.8,1.0,0.8,0.8,107.6,144.8,0.4286,7,134.75,0.5,8,1
1379582,2023-06-14,Rwanda,Kenya,"Gymkhana Club Ground, Nairobi",1470.5,1582.46,-111.95,0.2,0.8,0.2,0.8,103.8,123.0,0.0,1,139.22,0.5556,9,0
1379583,2023-06-14,Uganda,Botswana,"Gymkhana Club Ground, Nairobi",1701.25,1442.51,258.74,0.8,0.4,0.8,0.4,129.0,94.8,1.0,2,134.5,0.5,10,1
1379584,2023-06-15,Rwanda,Uganda,"Gymkhana Club Ground, Nairobi",1459.49,1707.14,-247.65,0.2,0.8,0.2,0.8,108.8,123.0,0.0,6,136.18,0.5455,11,0
1379590,2023-06-15,Botswana,Kenya,"Gymkhana Club Ground, Nairobi",1436.62,1593.47,-156.85,0.2,0.8,0.4,0.8,93.2,118.2,0.0,2,131.92,0.5,12,1
1379575,2023-06-17,Botswana,Uganda,"Gymkhana Club Ground, Nairobi",1459.39,1713.34,-253.95,0.2,0.8,0.4,0.8,114.6,118.8,0.0,3,132.92,0.5385,13,0
1379576,2023-06-17,Rwanda,Kenya,"Gymkhana Club Ground, Nairobi",1453.28,1570.7,-117.42,0.2,0.6,0.2,0.8,104.2,124.8,0.0,2,128.0,0.5,14,0
1379579,2023-06-18,Botswana,Rwanda,"Gymkhana Club Ground, Nairobi",1453.37,1442.5,10.87,0.2,0.2,0.3,0.1,104.2,103.0,0.0,2,126.07,0.4667,15,0
1379581,2023-06-18,Kenya,Uganda,"Gymkhana Club Ground, Nairobi",1581.49,1719.36,-137.87,0.6,1.0,0.8,0.8,107.8,112.4,0.5,8,124.31,0.4375,16,0
1379585,2023-06-19,Botswana,Kenya,"Gymkhana Club Ground, Nairobi",1436.87,1571.53,-134.66,0.2,0.4,0.3,0.7,105.4,111.6,0.3333,3,123.88,0.4118,17,0
1379587,2023-06-19,Uganda,Rwanda,"Gymkhana Club Ground, Nairobi",1729.32,1459.0,270.33,1.0,0.4,0.9,0.2,120.0,106.6,1.0,7,124.28,0.3889,18,1
1379592,2023-06-21,Uganda,Kenya,"Gymkhana Club Ground, Nairobi",1734.9,1581.62,153.28,1.0,0.6,0.9,0.7,115.6,112.6,0.5556,9,125.79,0.4211,19,1
1381453,2023-06-23,Serbia,Turkey,"National Sports Academy, Sofia",1420.4,1445.36,-24.96,0.4,0.0,0.4,0.0,96.6,77.0,1.0,1,178.89,0.1111,9,1
1381454,2023-06-23,Croatia,Bulgaria,"National Sports Academy, Sofia",1481.91,1416.37,65.54,0.4,0.4,0.4,0.5,79.2,123.4,0.5,0,179.1,0.2,10,0
1381455,2023-06-23,Bulgaria,Serbia,"National Sports Academy, Sofia",1435.35,1437.55,-2.2,0.4,0.6,0.5,0.5,97.4,113.4,0.7143,7,169.64,0.1818,11,0
1381456,2023-06-24,Croatia,Turkey,"National Sports Academy, Sofia",1462.93,1428.22,34.71,0.4,0.0,0.3333,0.0,80.4,83.8,0.5,0,169.33,0.1667,12,0
1381457,2023-06-24,Croatia,Serbia,"National Sports Academy, Sofia",1445.33,1453.45,-8.11,0.2,0.6,0.2857,0.6,76.2,133.4,1.0,1,162.69,0.1538,13,0
1381458,2023-06-24,Turkey,Bulgaria,"National Sports Academy, Sofia",1445.81,1419.45,26.36,0.2,0.4,0.1667,0.4,82.2,115.0,0.5,0,156.5,0.1429,14,0
1381451,2023-06-29,Austria,Germany,"Sportpark Het Schootsveld, Deventer",1607.78,1588.08,19.7,0.8,0.8,0.9,0.8,143.4,144.8,0.5,2,150.45,0.4961,0,0
1381452,2023-06-30,Austria,Germany,"Sportpark Het Schootsveld, Deventer",1590.88,1604.99,-14.11,0.8,0.8,0.8,0.8,137.0,138.0,0.3333,3,114.0,0.0,1,0
1384582,2023-07-10,France,Malta,Marsa Sports Club,1471.95,1484.16,-12.2,0.4,0.2,0.375,0.3,138.6,132.4,0.5,0,160.97,0.4483,29,1
1384583,2023-07-10,Malta,France,Marsa Sports Club,1467.6,1488.52,-20.92,0.2,0.6,0.3,0.4444,127.0,136.0,0.0,1,159.43,0.4667,30,1
1384584,2023-07-11,Malta,Luxembourg,Marsa Sports Club,1484.56,1478.37,6.19,0.4,0.6,0.4,0.3,123.0,125.0,0.5,0,158.32,0.4839,31,1
1384585,2023-07-11,France,Luxembourg,Marsa Sports Club,1471.55,1462.65,8.9,0.4,0.6,0.4,0.3,129.6,131.8,0.5,0,158.97,0.5,32,1
1384586,2023-07-12,Malta,Luxembourg,Marsa Sports Club,1500.27,1447.06,53.21,0.6,0.6,0.4,0.3,146.2,134.2,1.0,1,159.52,0.5152,33,0
1384587,2023-07-12,Luxembourg,France,Marsa Sports Club,1465.49,1487.14,-21.65,0.6,0.6,0.4,0.4,134.2,133.6,0.0,1,159.62,0.5,34,0
1384588,2023-07-12,France,Malta,Marsa Sports Club,1502.15,1481.84,20.31,0.6,0.6,0.5,0.3,124.6,147.6,0.5,2,158.2,0.4857,35,1
1384589,2023-07-13,Luxembourg,Malta,Marsa Sports Club,1450.49,1466.78,-16.29,0.4,0.4,0.4,0.3,130.4,139.2,0.5,2,158.06,0.5,36,0
1384590,2023-07-13,Romania,Switzerland,Marsa Sports Club,1577.05,1490.76,86.29,0.4,0.4,0.6,0.5556,127.6,129.4,0.5,0,158.49,0.4865,37,0
1384591,2023-07-13,France,Romania,Marsa Sports Club,1517.21,1557.15,-39.94,0.8,0.2,0.6,0.6,135.8,125.0,0.5,0,157.84,0.4737,38,1
1384592,2023-07-14,Luxembourg,Switzerland,Marsa Sports Club,1435.24,1510.65,-75.41,0.2,0.4,0.4,0.6,142.2,125.6,1.0,1,158.69,0.4872,39,0
1384593,2023-07-14,Malta,Romania,Marsa Sports Club,1482.03,1539.32,-57.3,0.6,0.2,0.4,0.5,153.0,118.8,0.3333,3,157.68,0.475,40,1
1384594,2023-07-14,France,Switzerland,Marsa Sports Club,1535.05,1523.23,11.81,0.8,0.4,0.7,0.6,151.0,114.8,0.0,1,158.39,0.4878,41,0
1384595,2023-07-15,Romania,Luxembourg,Marsa Sports Club,1520.71,1422.66,98.05,0.2,0.2,0.4,0.4,124.0,138.4,1.0,1,158.14,0.4762,42,0
1384596,2023-07-15,Malta,Switzerland,Marsa Sports Club,1500.64,1539.78,-39.14,0.6,0.6,0.5,0.6,165.4,140.0,0.5,2,158.23,0.4651,43,0
1384597,2023-07-15,France,Luxembourg,Marsa Sports Club,1518.5,1443.06,75.44,0.8,0.4,0.6,0.5,156.4,145.8,1.0,2,158.18,0.4545,44,0
1384598,2023-07-16,France,Malta,Marsa Sports Club,1499.08,1486.44,12.64,0.6,0.4,0.6,0.5,158.4,160.8,0.6667,3,158.82,0.4444,45,0
1384599,2023-07-16,Luxembourg,Romania,Marsa Sports Club,1462.48,1500.31,-37.83,0.4,0.0,0.5,0.3,151.2,129.8,0.5,2,157.07,0.4348,46,0
1384600,2023-07-16,Malta,Switzerland,Marsa Sports Club,1503.02,1553.98,-50.96,0.6,0.8,0.6,0.6,144.6,134.8,0.3333,3,156.89,0.4255,47,0
1383068,2023-07-20,Austria,Jersey,"Grange Cricket Club Ground, Raeburn Place, Edinburgh",1575.53,1564.2,11.33,0.6,0.4,0.7,0.7,133.4,140.2,0.5,0,186.6,0.8,5,0
1383069,2023-07-20,Ireland,Italy,"Goldenacre, Edinburgh",1456.03,1535.79,-79.75,0.4,0.4,0.3,0.6,124.6,135.2,0.5,0,150.39,0.4937,0,1
1383070,2023-07-20,Scotland,Germany,"Goldenacre, Edinburgh",1477.64,1620.34,-142.7,0.2,0.8,0.2,0.8,155.4,136.4,0.5,0,158.0,1.0,1,1
1383071,2023-07-21,Denmark,Ireland,"Grange Cricket Club Ground, Raeburn Place, Edinburgh",1513.22,1475.64,37.57,0.8,0.4,0.8,0.4,117.8,126.2,0.5,0,172.83,0.6667,6,0
1383072,2023-07-21,Austria,Germany,"Goldenacre, Edinburgh",1559.01,1598.11,-39.11,0.4,0.8,0.6,0.8,111.4,124.0,0.25,4,196.0,1.0,2,0
1383073,2023-07-21,Scotland,Jersey,"Grange Cricket Club Ground, Raeburn Place, Edinburgh",1499.87,1580.72,-80.85,0.4,0.4,0.2,0.7,170.8,125.8,0.5,0,165.57,0.5714,7,1
1383089,2023-07-22,Japan,Philippines,"Amini Park, Port Moresby",1512.7,1416.31,96.39,0.6,0.0,0.6,0.125,132.6,85.0,0.5,0,150.39,0.4941,0,1
1383090,2023-07-22,Vanuatu,Papua New Guinea,"Amini Park, Port Moresby",1524.29,1458.33,65.96,0.8,0.4,0.7,0.4,139.8,145.2,0.0,2,166.0,1.0,1,0
1383074,2023-07-23,Ireland,Austria,"Grange Cricket Club Ground, Raeburn Place, Edinburgh",1493.37,1544.8,-51.43,0.6,0.2,0.4,0.5,122.6,99.8,0.5,0,163.5,0.625,8,1
1383075,2023-07-23,Italy,Jersey,"Goldenacre, Edinburgh",1516.18,1561.06,-44.89,0.2,0.4,0.6,0.6,145.0,122.0,0.0,3,158.33,0.6667,3,1
1383076,2023-07-23,Denmark,Germany,"Grange Cricket Club Ground, Raeburn Place, Edinburgh",1495.49,1612.32,-116.83,0.6,0.8,0.7,0.8,120.0,107.8,0.0,3,170.44,0.6667,9,0
1383091,2023-07-23,Japan,Vanuatu,"Amini Park, Port Moresby",1524.38,1505.29,19.09,0.6,0.6,0.6667,0.6,130.0,129.4,0.5,0,118.5,0.5,2,1
1383077,2023-07-24,Scotland,Italy,"Grange Cricket Club Ground, Raeburn Place, Edinburgh",1519.53,1534.23,-14.71,0.6,0.4,0.3,0.6,170.2,160.2,0.5,0,165.8,0.6,10,1
1383078,2023-07-24,Austria,Denmark,"Goldenacre, Edinburgh",1526.45,1484.68,41.77,0.0,0.4,0.4,0.6,104.0,124.8,0.5,0,164.5,0.75,4,0
1383079,2023-07-24,Jersey,Ireland,"Goldenacre, Edinburgh",1543.01,1511.72,31.29,0.4,0.8,0.5,0.5,129.0,151.6,0.0,1,151.0,0.6,5,0
1383080,2023-07-25,Italy,Denmark,"Grange Cricket Club Ground, Raeburn Place, Edinburgh",1517.55,1502.59,14.96,0.4,0.4,0.5,0.6,149.0,109.4,0.6667,3,173.0,0.6364,11,1
1383081,2023-07-25,Scotland,Austria,"Goldenacre, Edinburgh",1536.2,1508.53,27.67,0.6,0.0,0.4,0.4,187.2,100.6,0.5,0,138.83,0.5,6,1
1383082,2023-07-25,Jersey,Germany,"Grange Cricket Club Ground, Raeburn Place, Edinburgh",1525.57,1623.13,-97.56,0.4,0.8,0.4,0.8,123.6,103.0,0.6667,3,171.08,0.6667,12,1
1383093,2023-07-25,Vanuatu,Philippines,"Amini Park, Port Moresby",1490.17,1404.64,85.52,0.6,0.0,0.5,0.1111,126.0,88.0,0.5,2,122.67,0.6667,3,0
1383094,2023-07-25,Japan,Papua New Guinea,"Amini Park, Port Moresby",1539.5,1477.34,62.16,0.8,0.6,0.7143,0.5,140.4,138.0,0.5,0,116.25,0.5,4,0
1383095,2023-07-26,Papua New Guinea,Vanuatu,"Amini Park, Port Moresby",1496.17,1470.31,25.86,0.6,0.4,0.5,0.5,124.2,112.0,1.0,3,110.4,0.4,5,1
1383096,2023-07-26,Japan,Philippines,"Amini Park, Port Moresby",1520.67,1424.5,96.16,0.6,0.2,0.625,0.2,114.2,91.2,1.0,1,116.67,0.5,6,1
1383101,2023-07-26,China,Malaysia,"Bayuemas Oval, Kuala Lumpur",1500.0,1540.48,-40.48,0.5,0.4,0.5,0.7,150.36,150.8,0.5,0,150.36,0.4953,0,0
1383102,2023-07-26,Bhutan,Myanmar,"Bayuemas Oval, Kuala Lumpur",1482.99,1500.0,-17.01,0.8,0.5,0.5,0.5,97.4,150.28,0.5,0,23.0,0.0,1,1
1383083,2023-07-27,Scotland,Denmark,"Grange Cricket Club Ground, Raeburn Place, Edinburgh",1550.93,1487.28,63.65,0.8,0.4,0.5,0.6,198.4,112.4,0.5,0,172.54,0.6923,13,1
1383103,2023-07-27,China,Thailand,"Bayuemas Oval, Kuala Lumpur",1485.86,1348.09,137.76,0.0,0.0,0.0,0.1,23.0,63.0,0.5,0,64.0,0.5,2,0
1383104,2023-07-27,Malaysia,Bhutan,"Bayuemas Oval, Kuala Lumpur",1554.62,1499.77,54.85,0.6,0.8,0.7,0.5556,125.0,96.4,1.0,2,51.33,0.3333,3,1
1383086,2023-07-28,Germany,Italy,"Grange Cricket Club Ground, Raeburn Place, Edinburgh",1602.76,1532.87,69.89,0.6,0.6,0.7,0.5,107.8,146.8,0.6,5,171.57,0.7143,14,0
1383087,2023-07-28,Jersey,Denmark,"Goldenacre, Edinburgh",1545.95,1474.18,71.77,0.4,0.2,0.4,0.5,133.4,118.8,1.0,3,152.14,0.5714,7,1
1383088,2023-07-28,Scotland,Ireland,"Grange Cricket Club Ground, Raeburn Place, Edinburgh",1564.03,1529.16,34.88,1.0,1.0,0.6,0.6,203.8,142.6,0.25,8,169.53,0.6667,15,1
1383097,2023-07-28,Japan,Vanuatu,"Amini Park, Port Moresby",1532.35,1455.5,76.85,0.6,0.2,0.6667,0.4,122.8,109.4,1.0,1,118.14,0.5714,7,0
1383098,2023-07-28,Papua New Guinea,Philippines,"Amini Park, Port Moresby",1510.98,1412.82,98.16,0.8,0.2,0.6,0.2,116.8,102.8,1.0,1,120.38,0.5,8,1
1383105,2023-07-28,Thailand,Myanmar,"Bayuemas Oval, Kuala Lumpur",1370.13,1483.22,-113.09,0.2,0.0,0.1,0.0,62.4,74.0,0.5,0,83.5,0.5,4,1
1383099,2023-07-29,Philippines,Vanuatu,"Amini Park, Port Moresby",1401.23,1474.98,-73.75,0.2,0.2,0.2,0.5,108.6,104.8,0.6667,3,132.44,0.5556,9,0
1383100,2023-07-29,Japan,Papua New Guinea,"Amini Park, Port Moresby",1512.86,1522.58,-9.71,0.6,1.0,0.6,0.7,129.4,128.2,0.0,1,128.6,0.5,10,0
1383106,2023-07-30,Bhutan,China,"Bayuemas Oval, Kuala Lumpur",1486.28,1463.82,22.46,0.6,0.0,0.5,0.0,107.4,24.5,0.5,0,94.8,0.6,5,1
1383107,2023-07-30,Malaysia,Myanmar,"Bayuemas Oval, Kuala Lumpur",1568.12,1462.19,105.93,0.6,0.0,0.7,0.0,128.4,56.5,0.5,0,105.83,0.6667,6,1
1383108,2023-07-31,Bhutan,Thailand,"Bayuemas Oval, Kuala Lumpur",1501.25,1391.16,110.09,0.6,0.4,0.6,0.2,117.6,80.6,1.0,2,122.0,0.7143,7,0
1383109,2023-07-31,Myanmar,China,"Bayuemas Oval, Kuala Lumpur",1450.92,1448.86,2.06,0.0,0.0,0.0,0.0,49.33,32.33,0.5,0,117.12,0.625,8,0
1383110,2023-08-01,Thailand,Malaysia,"Bayuemas Oval, Kuala Lumpur",1412.06,1579.39,-167.32,0.6,0.6,0.3,0.7,82.8,132.2,0.0,5,112.67,0.5556,9,0
1381217,2023-08-03,West Indies,India,"Brian Lara Stadium, Tarouba, Trinidad",1522.57,1739.85,-217.28,0.6,0.6,0.4,0.7,181.8,181.6,0.2917,24,190.0,1.0,1,1
1390167,2023-08-05,Hungary,Croatia,"GB Oval, Szodliget",1430.34,1429.71,0.64,0.0,0.2,0.3,0.25,139.4,82.6,0.5,0,150.15,0.4956,0,1
1381218,2023-08-06,India,West Indies,"Providence Stadium, Guyana",1714.97,1547.45,167.52,0.6,0.6,0.6,0.5,172.6,181.0,0.68,25,155.33,0.3333,3,0
1390169,2023-08-06,Croatia,Hungary,"GB Oval, Szodliget",1413.74,1446.31,-32.58,0.2,0.2,0.2222,0.4,78.4,151.0,0.0,1,209.0,1.0,1,0
1381219,2023-08-08,West Indies,India,"Providence Stadium, Guyana",1570.62,1691.8,-121.19,0.8,0.4,0.5,0.5,182.8,157.4,0.3462,26,154.5,0.25,4,0
1381220,2023-08-12,West Indies,India,"Central Broward Regional Park Stadium Turf Ground, Lauderhill",1559.98,1702.44,-142.46,0.6,0.6,0.5,0.6,188.2,159.2,0.3333,27,179.25,1.0,4,0
1381221,2023-08-13,India,West Indies,"Central Broward Regional Park Stadium Turf Ground, Lauderhill",1712.22,1550.2,162.03,0.6,0.6,0.6,0.5,174.8,172.2,0.6786,28,179.0,0.8,5,0
1387243,2023-08-14,Guernsey,Germany,"Sportpark Het Schootsveld, Deventer",1546.23,1583.58,-37.35,0.8,0.4,0.6,0.6,122.6,111.4,0.0,1,117.5,0.0,2,0
1387244,2023-08-14,Germany,Guernsey,"Sportpark Het Schootsveld, Deventer",1597.87,1531.94,65.92,0.6,0.6,0.7,0.6,118.4,116.2,1.0,2,111.0,0.0,3,0
1387245,2023-08-15,Guernsey,Germany,"Sportpark Het Schootsveld, Deventer",1550.94,1578.87,-27.92,0.6,0.4,0.6,0.6,123.0,134.0,0.3333,3,124.25,0.0,4,1
1377727,2023-08-17,New Zealand,United Arab Emirates,Dubai International Cricket Stadium,1672.43,1508.91,163.52,0.6,0.2,0.5,0.4,157.6,124.0,0.5,0,145.97,0.5135,74,1
1384634,2023-08-18,Ireland,India,"Malahide, Dublin",1514.76,1689.26,-174.5,0.8,0.4,0.6,0.5,158.4,161.0,0.0,5,150.15,0.4945,0,0
1391332,2023-08-18,Romania,Malta,"Moara Vlasiei Cricket Ground, Ilfov County",1514.57,1489.35,25.23,0.2,0.6,0.3,0.5,139.2,152.8,0.5,4,175.22,0.7778,9,0
1377728,2023-08-19,New Zealand,United Arab Emirates,Dubai International Cricket Stadium,1681.41,1499.93,181.48,0.6,0.2,0.6,0.3,152.0,121.0,1.0,1,146.09,0.52,75,0
1391333,2023-08-19,Romania,Malta,"Moara Vlasiei Cricket Ground, Ilfov County",1497.41,1506.51,-9.09,0.2,0.6,0.2,0.6,144.8,150.4,0.4,5,173.9,0.7,10,0
1391335,2023-08-19,Malta,Romania,"Moara Vlasiei Cricket Ground, Ilfov County",1522.09,1481.83,40.26,0.6,0.2,0.6,0.2,143.2,153.6,0.6667,6,171.45,0.6364,11,0
1377729,2023-08-20,New Zealand,United Arab Emirates,Dubai International Cricket Stadium,1657.74,1523.6,134.14,0.6,0.4,0.5,0.3,161.6,122.4,0.5,2,146.04,0.5132,76,1
1384637,2023-08-20,India,Ireland,"Malahide, Dublin",1697.84,1506.18,191.66,0.6,0.6,0.6,0.5,141.4,154.6,1.0,6,139.0,0.0,1,1
1391336,2023-08-20,Malta,Romania,"Moara Vlasiei Cricket Ground, Ilfov County",1504.24,1499.68,4.57,0.6,0.4,0.5,0.3,135.0,147.6,0.5714,7,166.75,0.5833,12,0
1391337,2023-08-20,Romania,Malta,"Moara Vlasiei Cricket Ground, Ilfov County",1515.89,1488.03,27.85,0.6,0.4,0.3,0.5,147.0,149.8,0.5,8,165.92,0.5385,13,1
1393309,2023-08-20,Uganda,Rwanda,"Gahanga International Cricket Stadium, Rwanda",1744.26,1453.42,290.84,1.0,0.2,0.9,0.2,110.0,86.8,1.0,8,137.08,0.7692,13,1
1393310,2023-08-20,Tanzania,Uganda,"Gahanga International Cricket Stadium, Rwanda",1625.78,1749.32,-123.54,0.8,1.0,0.6,0.9,141.2,121.8,0.1429,7,137.71,0.7857,14,0
1393311,2023-08-21,Uganda,Tanzania,"Gahanga International Cricket Stadium, Rwanda",1759.86,1615.24,144.62,1.0,0.6,1.0,0.5,138.0,145.2,0.875,8,138.07,0.7333,15,0
1393312,2023-08-22,Uganda,Rwanda,"Gahanga International Cricket Stadium, Rwanda",1737.56,1448.37,289.19,0.8,0.2,0.9,0.2,149.2,89.6,1.0,9,140.44,0.6875,16,1
1393328,2023-08-22,Rwanda,Tanzania,"Gahanga International Cricket Stadium, Rwanda",1443.28,1637.54,-194.26,0.2,0.6,0.2,0.5,97.6,153.8,0.2,5,143.12,0.7059,17,0
1393313,2023-08-24,Uganda,Rwanda,"Gahanga International Cricket Stadium, Rwanda",1742.65,1435.39,307.25,0.8,0.2,0.9,0.2,155.8,108.6,1.0,10,143.72,0.6667,18,1
1393314,2023-08-24,Uganda,Tanzania,"Gahanga International Cricket Stadium, Rwanda",1747.31,1645.42,101.89,0.8,0.6,0.9,0.6,169.2,158.0,0.7778,9,146.26,0.6842,19,1
1393315,2023-08-25,Rwanda,Tanzania,"Gahanga International Cricket Stadium, Rwanda",1430.73,1633.98,-203.25,0.0,0.4,0.2,0.6,110.0,153.0,0.1667,6,147.5,0.7,20,0
1393329,2023-08-25,Uganda,Tanzania,"Gahanga International Cricket Stadium, Rwanda",1758.75,1641.56,117.19,0.8,0.6,0.9,0.7,174.2,144.6,0.8,10,146.81,0.6667,21,1
1393316,2023-08-27,Rwanda,Uganda,"Gahanga International Cricket Stadium, Rwanda",1423.15,1769.55,-346.39,0.0,0.8,0.1,0.9,124.8,177.2,0.0,11,147.45,0.6818,22,0
1393330,2023-08-27,Tanzania,Rwanda,"Gahanga International Cricket Stadium, Rwanda",1630.76,1419.32,211.44,0.6,0.0,0.6,0.1,144.4,128.8,0.8571,7,146.52,0.6522,23,1
1393317,2023-08-28,Uganda,Tanzania,"Gahanga International Cricket Stadium, Rwanda",1773.38,1638.07,135.31,1.0,0.6,0.9,0.6,167.4,138.8,0.8182,11,146.75,0.6667,24,1
1393318,2023-08-28,Rwanda,Uganda,"Gahanga International Cricket Stadium, Rwanda",1412.01,1783.45,-371.44,0.0,1.0,0.1,0.9,132.4,166.2,0.0,12,148.08,0.68,25,0
1336048,2023-08-30,New Zealand,England,"Riverside Ground, Chester-le-Street",1667.85,1642.36,25.49,0.8,0.4,0.6,0.6,164.0,144.6,0.381,21,150.23,0.494,0,0
1373568,2023-08-30,Australia,South Africa,"Kingsmead, Durban",1623.14,1627.67,-4.53,0.4,0.2,0.5,0.4,163.6,171.2,0.6364,22,150.22,0.4937,0,1
1393319,2023-08-30,Uganda,Tanzania,"Gahanga International Cricket Stadium, Rwanda",1786.82,1628.01,158.82,1.0,0.4,0.9,0.5,150.6,132.0,0.8333,12,146.62,0.6538,26,1
1393331,2023-08-30,Tanzania,Rwanda,"Gahanga International Cricket Stadium, Rwanda",1618.85,1408.63,210.22,0.4,0.0,0.4,0.1,134.2,123.6,0.875,8,146.41,0.6667,27,1
1393320,2023-08-31,Rwanda,Uganda,"Gahanga International Cricket Stadium, Rwanda",1401.28,1795.98,-394.69,0.0,1.0,0.0,0.9,122.0,144.6,0.0,13,146.86,0.6786,28,0
1393332,2023-08-31,Tanzania,Rwanda,"Gahanga International Cricket Stadium, Rwanda",1626.2,1398.29,227.91,0.4,0.0,0.5,0.0,139.2,121.6,0.8889,9,146.31,0.6552,29,1
1336049,2023-09-01,England,New Zealand,"Old Trafford, Manchester",1659.54,1650.68,8.86,0.4,0.6,0.6,0.6,139.2,159.2,0.6364,22,154.0,0.0,1,1
1373569,2023-09-01,South Africa,Australia,"Kingsmead, Durban",1611.46,1639.35,-27.89,0.2,0.6,0.4,0.5,172.6,168.8,0.3478,23,226.0,1.0,1,0
1336050,2023-09-03,New Zealand,England,"Edgbaston, Birmingham",1635.09,1675.13,-40.04,0.4,0.4,0.5,0.6,141.0,151.2,0.3478,23,170.0,1.0,1,1
1373570,2023-09-03,South Africa,Australia,"Kingsmead, Durban",1596.74,1654.07,-57.32,0.2,0.8,0.4,0.6,176.4,168.4,0.3333,24,195.0,0.5,2,0
1336051,2023-09-05,England,New Zealand,"Trent Bridge, Nottingham",1657.29,1652.92,4.37,0.4,0.4,0.6,0.5,145.6,150.4,0.625,24,223.5,1.0,2,0
1392802,2023-09-15,Saudi Arabia,Kuwait,"West End Park International Cricket Stadium, Doha",1451.71,1522.04,-70.33,0.4,0.4,0.3,0.6,125.4,141.0,0.5,0,124.57,0.2857,7,0
1392803,2023-09-15,Qatar,Bahrain,"West End Park International Cricket Stadium, Doha",1499.88,1471.52,28.36,0.6,0.4,0.6,0.4,143.4,147.0,0.0,2,126.75,0.25,8,1
1392805,2023-09-16,Bahrain,Kuwait,"West End Park International Cricket Stadium, Doha",1456.82,1534.84,-78.02,0.2,0.4,0.4,0.6,136.6,148.6,0.1429,7,128.0,0.3333,9,0
1392808,2023-09-18,Qatar,Kuwait,"West End Park International Cricket Stadium, Doha",1514.57,1547.31,-32.73,0.6,0.6,0.6,0.6,144.2,142.4,0.5,2,127.5,0.3,10,1
1392809,2023-09-18,Saudi Arabia,Bahrain,"West End Park International Cricket Stadium, Doha",1438.9,1444.35,-5.45,0.4,0.2,0.3,0.4,130.4,133.6,0.5,4,130.09,0.3636,11,0
1392811,2023-09-19,Bahrain,Oman,"West End Park International Cricket Stadium, Doha",1460.1,1469.82,-9.72,0.4,0.4,0.4,0.4,127.0,166.8,0.5,2,128.42,0.3333,12,1
1398295,2023-09-19,Malaysia,Hong Kong,"Bayuemas Oval, Kuala Lumpur",1588.23,1537.4,50.83,0.8,0.8,0.7,0.7,132.4,126.4,0.625,8,110.7,0.5,10,1
1392812,2023-09-20,United Arab Emirates,Qatar,"West End Park International Cricket Stadium, Doha",1513.49,1532.08,-18.59,0.4,0.8,0.3,0.7,127.0,150.2,1.0,1,128.0,0.3846,13,1
1398296,2023-09-20,Malaysia,Papua New Guinea,"Bayuemas Oval, Kuala Lumpur",1601.9,1538.13,63.77,1.0,1.0,0.7,0.7,140.0,130.6,0.5,2,117.09,0.5455,11,0
1397437,2023-09-22,Bahrain,United Arab Emirates,"West End Park International Cricket Stadium, Doha",1476.55,1530.34,-53.79,0.4,0.6,0.5,0.3,119.8,145.6,1.0,1,130.71,0.4286,14,1
1397438,2023-09-22,Oman,Kuwait,"West End Park International Cricket Stadium, Doha",1453.38,1529.81,-76.43,0.4,0.6,0.3,0.5,153.2,143.4,0.5,0,132.0,0.4667,15,1
1398298,2023-09-22,Malaysia,Hong Kong,"Bayuemas Oval, Kuala Lumpur",1583.0,1523.72,59.28,0.8,0.8,0.7,0.7,165.6,134.6,0.6667,9,120.0,0.5,12,1
1397439,2023-09-23,United Arab Emirates,Oman,"West End Park International Cricket Stadium, Doha",1511.88,1472.84,39.04,0.4,0.4,0.3,0.4,145.4,163.8,0.5,4,134.44,0.5,16,0
1398299,2023-09-23,Malaysia,Papua New Guinea,"Bayuemas Oval, Kuala Lumpur",1596.29,1557.03,39.26,0.8,1.0,0.7,0.8,159.4,137.2,0.3333,3,122.23,0.5385,13,0
1398300,2023-09-24,Hong Kong,Papua New Guinea,"Bayuemas Oval, Kuala Lumpur",1510.42,1574.83,-64.41,0.6,1.0,0.6,0.8,129.2,135.2,1.0,1,119.29,0.5,14,0
1399104,2023-09-27,Nepal,Mongolia,Zhejiang University of Technology Cricket Field,1626.67,1500.0,126.67,0.8,0.5,0.9,0.5,146.0,150.28,0.5,0,150.28,0.4947,0,1
1399138,2023-09-28,Qatar,Kuwait,"West End Park International Cricket Stadium, Doha",1515.22,1510.34,4.88,0.8,0.6,0.7,0.4,141.2,132.8,0.6667,3,136.12,0.4706,17,0
1399140,2023-09-29,Maldives,Kuwait,"West End Park International Cricket Stadium, Doha",1386.61,1526.57,-139.96,0.2,0.6,0.1,0.5,93.8,130.4,0.0,1,135.39,0.4444,18,0
1391338,2023-09-30,Estonia,Gibraltar,Europa Sports Complex,1390.72,1333.12,57.6,0.0,0.4,0.0,0.2,105.6,139.4,0.5,0,149.67,0.5556,9,0
1391339,2023-09-30,Gibraltar,Estonia,Europa Sports Complex,1351.75,1372.09,-20.34,0.4,0.0,0.3,0.0,134.4,111.2,1.0,1,149.6,0.5,10,0
1399150,2023-09-30,Bermuda,Canada,"White Hill Field, Sandys Parish",1547.96,1585.43,-37.47,1.0,0.8,0.8,0.8,177.8,166.2,0.5,0,130.12,0.375,8,1
1399151,2023-09-30,Panama,Cayman Islands,"White Hill Field, Sandys Parish",1446.48,1447.81,-1.33,0.2,0.6,0.2857,0.3,107.8,116.0,0.0,1,135.78,0.4444,9,0
1399142,2023-10-01,Maldives,Qatar,"West End Park International Cricket Stadium, Doha",1376.73,1499.0,-122.27,0.2,0.6,0.1,0.6,93.2,137.6,0.0,1,133.53,0.4211,19,0
1399143,2023-10-01,Kuwait,Saudi Arabia,"West End Park International Cricket Stadium, Doha",1536.45,1423.16,113.29,0.6,0.4,0.5,0.2,122.4,129.6,1.0,1,132.9,0.4,20,0
1399152,2023-10-01,Panama,Bermuda,"White Hill Field, Sandys Parish",1430.54,1565.68,-135.14,0.2,1.0,0.25,0.9,117.4,168.8,0.0,1,130.7,0.4,10,0
1399153,2023-10-01,Canada,Cayman Islands,"White Hill Field, Sandys Parish",1567.71,1463.75,103.97,0.6,0.8,0.8,0.4,147.0,110.8,1.0,2,127.0,0.3636,11,1
1399144,2023-10-02,Qatar,Kuwait,"West End Park International Cricket Stadium, Doha",1509.59,1515.41,-5.82,0.6,0.4,0.6,0.5,129.6,131.8,0.5,4,134.86,0.381,21,0
1399145,2023-10-02,Maldives,Saudi Arabia,"West End Park International Cricket Stadium, Doha",1366.13,1444.2,-78.06,0.2,0.6,0.1,0.3,96.6,139.4,0.0,1,134.59,0.3636,22,0
1399113,2023-10-03,India,Nepal,Zhejiang University of Technology Cricket Field,1705.81,1637.09,68.72,0.8,0.8,0.6,0.9,148.0,175.2,0.5,0,314.0,1.0,1,1
1399114,2023-10-03,Pakistan,Hong Kong,Zhejiang University of Technology Cricket Field,1667.2,1497.36,169.84,0.4,0.4,0.6,0.5,172.6,114.8,1.0,1,258.0,1.0,2,1
1399154,2023-10-03,Canada,Panama,"National Stadium, Hamilton",1579.06,1420.47,158.6,0.8,0.0,0.8,0.2222,153.8,107.6,1.0,1,150.28,0.4933,0,1
1399155,2023-10-03,Bermuda,Cayman Islands,"National Stadium, Hamilton",1575.75,1452.39,123.36,1.0,0.8,1.0,0.4,152.4,112.6,1.0,3,230.0,1.0,1,1
1399116,2023-10-04,Bangladesh,Malaysia,Zhejiang University of Technology Cricket Field,1527.67,1578.49,-50.82,0.8,0.6,0.6,0.6,162.2,131.8,0.5,0,225.33,1.0,3,1
1399146,2023-10-04,Maldives,Kuwait,"West End Park International Cricket Stadium, Doha",1353.67,1531.14,-177.47,0.2,0.6,0.1,0.6,100.4,126.8,0.0,2,132.04,0.3478,23,0
1399156,2023-10-04,Canada,Cayman Islands,"National Stadium, Hamilton",1588.23,1441.85,146.38,0.8,0.6,0.8,0.4,165.6,112.2,1.0,3,203.0,1.0,2,1
1399157,2023-10-04,Panama,Bermuda,"National Stadium, Hamilton",1411.3,1586.3,-175.0,0.0,1.0,0.2,1.0,100.8,143.6,0.0,2,200.67,1.0,3,0
1400972,2023-10-04,Nigeria,Rwanda,"Tafawa Balewa Square Cricket Oval, Lagos",1472.67,1391.5,81.17,1.0,0.0,0.5,0.0,106.6,122.4,0.5,0,150.27,0.4939,0,1
1400973,2023-10-04,Sierra Leone,Ghana,"Tafawa Balewa Square Cricket Oval, Lagos",1483.07,1442.18,40.9,0.8,0.2,0.6,0.3,81.8,141.8,1.0,1,127.0,1.0,1,0
1399148,2023-10-05,Qatar,Maldives,"West End Park International Cricket Stadium, Doha",1493.86,1345.2,148.66,0.4,0.2,0.5,0.1,127.8,95.4,1.0,2,130.0,0.3333,24,1
1399149,2023-10-05,Saudi Arabia,Kuwait,"West End Park International Cricket Stadium, Doha",1456.66,1539.61,-82.95,0.6,0.8,0.4,0.7,132.0,123.0,0.5,2,132.84,0.36,25,0
1400053,2023-10-05,Serbia,Gibraltar,Europa Sports Complex,1469.07,1336.68,132.39,0.8,0.4,0.6,0.3,128.4,148.2,0.5,0,150.45,0.4545,11,0
1400054,2023-10-05,Serbia,Gibraltar,Europa Sports Complex,1447.26,1358.5,88.75,0.6,0.4,0.5,0.4,124.6,141.2,0.0,1,146.83,0.4167,12,0
1400974,2023-10-05,Nigeria,Sierra Leone,"Tafawa Balewa Square Cricket Oval, Lagos",1485.0,1465.2,19.8,1.0,0.8,0.6,0.6,114.6,88.4,0.8333,6,111.0,0.5,2,1
1399117,2023-10-06,Bangladesh,India,Zhejiang University of Technology Cricket Field,1545.99,1718.69,-172.69,0.8,0.8,0.7,0.7,161.4,155.6,0.0833,12,198.0,1.0,4,0
1400976,2023-10-06,Nigeria,Ghana,"Tafawa Balewa Square Cricket Oval, Lagos",1500.09,1460.05,40.04,1.0,0.4,0.7,0.3,133.0,138.8,1.0,2,125.67,0.6667,3,1
1400977,2023-10-06,Rwanda,Sierra Leone,"Tafawa Balewa Square Cricket Oval, Lagos",1379.18,1450.11,-70.93,0.0,0.6,0.0,0.6,108.4,76.8,0.5,0,126.5,0.75,4,1
1399119,2023-10-07,Pakistan,Bangladesh,Zhejiang University of Technology Cricket Field,1675.95,1537.35,138.6,0.6,0.6,0.7,0.6,177.2,149.0,0.8889,18,177.6,0.8,5,0
1399161,2023-10-07,Canada,Bermuda,"National Stadium, Hamilton",1597.86,1594.86,3.0,0.8,1.0,0.8,1.0,170.8,122.2,0.0,1,172.0,0.75,4,1
1400978,2023-10-07,Rwanda,Nigeria,"Tafawa Balewa Square Cricket Oval, Lagos",1398.4,1514.25,-115.85,0.2,1.0,0.1,0.8,117.2,114.6,0.0,1,132.0,0.8,5,0
1400980,2023-10-08,Sierra Leone,Nigeria,"Tafawa Balewa Square Cricket Oval, Lagos",1430.89,1525.11,-94.22,0.4,1.0,0.5,0.9,90.6,128.6,0.1429,7,125.83,0.6667,6,0
1400981,2023-10-08,Rwanda,Ghana,"Tafawa Balewa Square Cricket Oval, Lagos",1387.54,1445.89,-58.34,0.2,0.4,0.1,0.3,116.6,133.4,0.4,5,114.86,0.5714,7,1
1400982,2023-10-10,Nigeria,Ghana,"Tafawa Balewa Square Cricket Oval, Lagos",1536.87,1427.22,109.65,1.0,0.4,1.0,0.2,112.4,118.4,1.0,3,113.88,0.625,8,1
1400983,2023-10-10,Sierra Leone,Rwanda,"Tafawa Balewa Square Cricket Oval, Lagos",1419.12,1406.2,12.92,0.2,0.4,0.4,0.2,88.2,111.8,0.0,1,117.0,0.6667,9,1
1400984,2023-10-11,Ghana,Nigeria,"Tafawa Balewa Square Cricket Oval, Lagos",1416.11,1547.98,-131.87,0.2,1.0,0.2,1.0,87.4,115.4,0.0,4,116.2,0.7,10,0
1400985,2023-10-11,Sierra Leone,Rwanda,"Tafawa Balewa Square Cricket Oval, Lagos",1434.53,1390.8,43.73,0.2,0.4,0.5,0.2,93.2,107.2,0.5,2,115.55,0.6364,11,0
1400986,2023-10-12,Ghana,Rwanda,"Tafawa Balewa Square Cricket Oval, Lagos",1405.91,1408.8,-2.89,0.2,0.6,0.2,0.3,83.8,108.2,0.5,6,112.33,0.5833,12,0
1400987,2023-10-12,Nigeria,Sierra Leone,"Tafawa Balewa Square Cricket Oval, Lagos",1558.18,1416.52,141.66,1.0,0.2,1.0,0.5,106.4,89.6,0.875,8,107.85,0.5385,13,1
1400988,2023-10-14,Rwanda,Nigeria,"Tafawa Balewa Square Cricket Oval, Lagos",1424.67,1568.0,-143.33,0.6,1.0,0.4,1.0,89.0,101.8,0.0,2,107.71,0.5714,14,0
1400989,2023-10-14,Ghana,Sierra Leone,"Tafawa Balewa Square Cricket Oval, Lagos",1390.04,1406.71,-16.67,0.0,0.2,0.2,0.4,75.4,81.8,0.5,2,102.13,0.5333,15,1
1400055,2023-10-15,Gibraltar,Luxembourg,Europa Sports Complex,1378.5,1448.21,-69.71,0.6,0.4,0.5,0.4,125.0,159.0,0.5,0,141.85,0.3846,13,1
1400056,2023-10-15,Luxembourg,Gibraltar,Europa Sports Complex,1429.05,1397.67,31.38,0.4,0.8,0.3,0.6,153.8,134.6,0.0,1,144.0,0.4286,14,1
1400990,2023-10-15,Ghana,Sierra Leone,"Tafawa Balewa Square Cricket Oval, Lagos",1406.81,1389.94,16.87,0.2,0.2,0.3,0.3,79.0,79.0,0.6667,3,102.75,0.5625,16,0
1400991,2023-10-15,Nigeria,Rwanda,"Tafawa Balewa Square Cricket Oval, Lagos",1577.75,1414.92,162.83,1.0,0.6,1.0,0.4,87.0,74.8,1.0,3,100.94,0.5294,17,1
1403288,2023-10-18,United Arab Emirates,Nepal,Mulpani Cricket Ground,1494.09,1624.21,-130.12,0.4,0.6,0.3,0.8,150.8,184.4,0.6,5,149.69,0.4942,0,0
1403297,2023-10-18,Chile,Mexico,St Georges Quilmes,1500.0,1500.0,0.0,0.5,0.5,0.5,0.5,149.69,149.69,0.5,0,149.69,0.494,0,0
1403289,2023-10-19,Hong Kong,Nepal,Mulpani Cricket Ground,1488.61,1634.48,-145.87,0.2,0.6,0.4,0.8,113.6,181.2,0.6,5,140.0,0.0,1,0
1403301,2023-10-19,Mexico,Argentina,St Georges Quilmes,1516.0,1413.18,102.82,1.0,0.2,1.0,0.2,74.0,111.4,0.5,0,72.0,0.0,1,0
1403305,2023-10-20,Chile,Argentina,St Georges Quilmes,1484.0,1433.78,50.22,0.0,0.4,0.0,0.3,72.0,112.6,0.5,0,98.0,0.0,2,0
1403290,2023-10-21,Nepal,Hong Kong,Mulpani Cricket Ground,1644.13,1478.96,165.18,0.8,0.0,0.8,0.4,182.2,96.0,0.5,6,117.0,0.0,2,1
1403291,2023-10-22,Hong Kong,United Arab Emirates,Mulpani Cricket Ground,1470.04,1483.82,-13.78,0.0,0.2,0.4,0.3,107.0,150.0,0.3333,3,149.0,0.3333,3,0
1403292,2023-10-23,United Arab Emirates,Nepal,Mulpani Cricket Ground,1499.19,1653.05,-153.87,0.4,0.8,0.4,0.8,153.8,189.8,0.5,6,149.0,0.25,4,0
1404390,2023-10-24,Zimbabwe,Namibia,"Wanderers Cricket Ground, Windhoek",1520.1,1571.69,-51.59,0.4,0.6,0.5,0.5,127.6,142.6,0.4,5,161.5,1.0,2,0
1403293,2023-10-25,Hong Kong,United Arab Emirates,Mulpani Cricket Ground,1454.67,1489.84,-35.17,0.0,0.2,0.3,0.4,111.6,153.4,0.25,4,152.0,0.2,5,1
1404391,2023-10-25,Namibia,Zimbabwe,"Wanderers Cricket Ground, Windhoek",1585.33,1506.46,78.87,0.6,0.4,0.6,0.4,134.8,128.4,0.6667,6,148.0,0.6667,3,0
1403294,2023-10-27,Nepal,United Arab Emirates,"Tribhuvan University International Cricket Ground, Kirtipur",1662.4,1472.23,190.17,0.8,0.2,0.8,0.3,160.0,152.6,0.5714,7,181.85,0.6154,13,0
1404392,2023-10-27,Namibia,Zimbabwe,"United Cricket Club Ground, Windhoek",1565.76,1526.03,39.73,0.4,0.6,0.5,0.5,149.0,145.4,0.5714,7,163.0,0.3333,3,0
1404393,2023-10-29,Zimbabwe,Namibia,"United Cricket Club Ground, Windhoek",1543.85,1547.94,-4.08,0.6,0.2,0.5,0.5,150.6,144.0,0.5,8,156.75,0.25,4,0
1404394,2023-10-30,Namibia,Zimbabwe,"United Cricket Club Ground, Windhoek",1563.75,1528.04,35.71,0.4,0.6,0.5,0.4,150.6,152.4,0.5556,9,156.0,0.2,5,1
1405313,2023-10-30,Bahrain,United Arab Emirates,Mulpani Cricket Ground,1495.01,1496.2,-1.2,0.6,0.4,0.5,0.4,122.8,153.4,1.0,2,162.0,0.3333,6,0
1405314,2023-10-30,Singapore,Nepal,"Tribhuvan University International Cricket Ground, Kirtipur",1333.81,1638.42,-304.61,0.0,0.8,0.0,0.7,127.8,156.6,0.5,2,180.43,0.5714,14,0
1405315,2023-10-30,Oman,Malaysia,"Tribhuvan University International Cricket Ground, Kirtipur",1490.63,1560.17,-69.54,0.4,0.4,0.5,0.6,152.6,135.4,0.5,0,178.07,0.5333,15,1
1405316,2023-10-30,Hong Kong,Kuwait,Mulpani Cricket Ground,1472.29,1551.86,-79.57,0.2,0.8,0.3,0.7,136.2,133.2,1.0,2,158.14,0.2857,7,1
1405317,2023-10-31,Oman,Singapore,"Tribhuvan University International Cricket Ground, Kirtipur",1509.79,1329.08,180.71,0.6,0.0,0.5,0.0,149.4,139.4,0.5,0,176.5,0.5625,16,1
1405318,2023-10-31,Bahrain,Hong Kong,Mulpani Cricket Ground,1479.06,1491.89,-12.83,0.6,0.4,0.4,0.3,129.0,151.0,0.0,1,159.12,0.375,8,1
1405319,2023-10-31,Malaysia,Nepal,"Tribhuvan University International Cricket Ground, Kirtipur",1541.01,1643.14,-102.13,0.2,0.8,0.6,0.7,123.4,157.2,0.0,7,176.35,0.5882,17,0
1405320,2023-10-31,Kuwait,United Arab Emirates,Mulpani Cricket Ground,1532.26,1512.15,20.11,0.6,0.6,0.6,0.4,142.6,152.8,0.5,2,157.67,0.4444,9,0
1405321,2023-11-02,Oman,Nepal,"Tribhuvan University International Cricket Ground, Kirtipur",1518.15,1654.57,-136.43,0.8,0.8,0.6,0.8,156.8,170.6,0.25,4,175.72,0.5556,18,1
1405322,2023-11-02,United Arab Emirates,Hong Kong,Mulpani Cricket Ground,1529.07,1475.3,53.78,0.6,0.4,0.5,0.2,141.0,157.4,0.6,5,150.7,0.4,10,1
1405323,2023-11-02,Malaysia,Singapore,"Tribhuvan University International Cricket Ground, Kirtipur",1529.58,1320.73,208.85,0.2,0.0,0.5,0.0,126.0,141.8,0.5714,7,174.11,0.5789,19,1
1405324,2023-11-02,Bahrain,Kuwait,Mulpani Cricket Ground,1495.65,1515.34,-19.68,0.8,0.6,0.5,0.5,133.6,125.4,0.125,8,153.0,0.4545,11,0
1405325,2023-11-03,Bahrain,Oman,"Tribhuvan University International Cricket Ground, Kirtipur",1480.56,1540.12,-59.57,0.6,1.0,0.5,0.7,142.4,161.4,0.6667,3,175.3,0.6,20,0
1405326,2023-11-03,United Arab Emirates,Nepal,Mulpani Cricket Ground,1542.62,1632.59,-89.97,0.8,0.6,0.5,0.7,143.4,156.0,0.5,8,153.42,0.4167,12,0
1407714,2023-11-20,Cambodia,Indonesia,Udayana Cricket Ground,1500.0,1532.28,-32.28,0.5,0.8,0.5,0.6667,149.6,99.6,0.5,0,149.6,0.4919,0,0
1407715,2023-11-20,Cambodia,Indonesia,Udayana Cricket Ground,1485.48,1546.8,-61.32,0.0,0.8,0.0,0.7143,134.0,110.4,0.0,1,134.0,0.0,1,0
1407716,2023-11-21,Indonesia,Cambodia,Udayana Cricket Ground,1560.01,1472.28,87.73,0.8,0.0,0.75,0.0,112.2,136.0,1.0,2,136.0,0.0,2,0
1407717,2023-11-21,Indonesia,Cambodia,Udayana Cricket Ground,1540.05,1492.23,47.82,0.8,0.3333,0.6667,0.3333,126.8,143.0,0.6667,3,142.67,0.0,3,1
1407089,2023-11-22,Kenya,Rwanda,"United Cricket Club Ground, Windhoek",1572.25,1405.91,166.34,0.4,0.4,0.6,0.4,117.8,70.6,1.0,3,146.83,0.3333,6,1
1407090,2023-11-22,Tanzania,Uganda,"Wanderers Cricket Ground, Windhoek",1632.99,1798.97,-165.98,0.6,1.0,0.6,0.9,146.6,139.0,0.1538,13,160.5,0.5,4,0
1407091,2023-11-22,Zimbabwe,Namibia,"Wanderers Cricket Ground, Windhoek",1513.68,1578.11,-64.43,0.4,0.6,0.4,0.6,142.2,142.6,0.4,10,148.2,0.4,5,0
1407718,2023-11-22,Indonesia,Cambodia,Udayana Cricket Ground,1553.86,1478.42,75.44,0.8,0.25,0.7,0.25,144.4,129.25,0.75,4,155.0,0.25,4,0
1389391,2023-11-23,Australia,India,"Dr. Y.S. Rajasekhara Reddy ACA-VDCA Cricket Stadium, Visakhapatnam",1667.45,1727.33,-59.88,1.0,0.8,0.7,0.7,184.4,139.2,0.4,25,179.0,1.0,1,0
1407092,2023-11-23,Nigeria,Kenya,"United Cricket Club Ground, Windhoek",1586.76,1581.13,5.63,1.0,0.6,1.0,0.6,97.6,125.6,0.2,5,147.86,0.4286,7,0
1407093,2023-11-23,Tanzania,Zimbabwe,"United Cricket Club Ground, Windhoek",1624.1,1500.61,123.49,0.4,0.4,0.5,0.4,136.0,144.4,0.5,0,144.5,0.375,8,0
1407719,2023-11-23,Cambodia,Indonesia,Udayana Cricket Ground,1497.84,1534.44,-36.6,0.4,0.6,0.4,0.7,133.0,153.4,0.4,5,152.8,0.2,5,0
1407095,2023-11-24,Uganda,Namibia,"Wanderers Cricket Ground, Windhoek",1807.86,1591.18,216.68,1.0,0.6,1.0,0.6,134.6,145.0,0.1429,7,145.5,0.3333,6,0
1407096,2023-11-25,Kenya,Tanzania,"Wanderers Cricket Ground, Windhoek",1597.39,1602.64,-5.25,0.6,0.4,0.6,0.4,130.4,131.0,0.3333,3,141.0,0.2857,7,1
1407097,2023-11-25,Namibia,Rwanda,"Wanderers Cricket Ground, Windhoek",1616.04,1397.04,219.0,0.8,0.4,0.6,0.4,128.6,76.6,0.5,0,146.12,0.375,8,1
1389392,2023-11-26,India,Australia,"Greenfield International Stadium, Thiruvananthapuram",1740.6,1654.18,86.42,1.0,0.8,0.7,0.6,148.0,194.4,0.6154,26,106.0,0.0,1,1
1407098,2023-11-26,Tanzania,Nigeria,"United Cricket Club Ground, Windhoek",1586.4,1570.5,15.9,0.4,0.8,0.4,0.9,133.0,93.4,1.0,2,139.11,0.3333,9,0
1407099,2023-11-26,Zimbabwe,Uganda,"United Cricket Club Ground, Windhoek",1522.07,1783.0,-260.93,0.4,0.8,0.5,0.9,124.0,121.4,0.5,0,139.1,0.3,10,0
1407100,2023-11-27,Nigeria,Uganda,"United Cricket Club Ground, Windhoek",1587.23,1788.83,-201.6,0.8,0.8,0.9,0.9,99.4,126.2,0.0,5,138.82,0.2727,11,0
1407101,2023-11-27,Zimbabwe,Rwanda,"Wanderers Cricket Ground, Windhoek",1516.24,1389.97,126.27,0.2,0.2,0.4,0.4,122.4,70.2,0.5,0,152.89,0.4444,9,1
1407102,2023-11-27,Kenya,Namibia,"United Cricket Club Ground, Windhoek",1613.63,1623.1,-9.47,0.8,1.0,0.6,0.6,143.4,142.4,0.0,1,135.5,0.25,12,0
1389393,2023-11-28,India,Australia,"Barsapara Cricket Stadium, Guwahati",1752.7,1642.08,110.62,1.0,0.6,0.8,0.5,185.6,196.8,0.6296,27,237.0,1.0,1,0
1407103,2023-11-28,Namibia,Tanzania,"Wanderers Cricket Ground, Windhoek",1638.67,1569.67,69.0,1.0,0.2,0.7,0.3,132.8,129.0,0.5,0,159.1,0.5,10,1
1407104,2023-11-29,Nigeria,Zimbabwe,"United Cricket Club Ground, Windhoek",1579.59,1526.67,52.92,0.6,0.4,0.8,0.5,98.0,134.8,0.5,0,133.08,0.2308,13,0
1407105,2023-11-29,Tanzania,Rwanda,"Wanderers Cricket Ground, Windhoek",1556.8,1379.54,177.26,0.0,0.0,0.3,0.3,113.0,72.8,0.9,10,158.91,0.5455,11,1
1407106,2023-11-29,Uganda,Kenya,"Wanderers Cricket Ground, Windhoek",1796.46,1598.07,198.4,0.8,0.6,0.9,0.6,118.0,137.6,0.6,10,158.42,0.5833,12,1
1407107,2023-11-30,Zimbabwe,Kenya,"United Cricket Club Ground, Windhoek",1545.09,1590.32,-45.23,0.6,0.6,0.5,0.5,138.4,138.6,0.5,0,131.43,0.2143,14,1
1407108,2023-11-30,Rwanda,Uganda,"Wanderers Cricket Ground, Windhoek",1371.06,1804.2,-433.14,0.0,0.8,0.3,0.9,88.4,123.8,0.0,14,158.69,0.6154,13,0
1407109,2023-11-30,Nigeria,Namibia,"Wanderers Cricket Ground, Windhoek",1561.18,1651.53,-90.36,0.4,1.0,0.7,0.8,114.6,144.0,0.5,0,152.0,0.5714,14,0
1389394,2023-12-01,India,Australia,"Shaheed Veer Narayan Singh International Stadium, Raipur",1731.77,1663.01,68.76,0.8,0.6,0.8,0.6,193.0,196.6,0.6071,28,149.56,0.4896,0,1
1389395,2023-12-03,India,Australia,"M Chinnaswamy Stadium, Bengaluru",1744.64,1650.14,94.51,0.8,0.4,0.8,0.6,187.4,193.8,0.6207,29,149.58,0.4899,0,1
1408103,2023-12-07,Ireland,Zimbabwe,Harare Sports Club,1498.21,1563.16,-64.96,0.4,0.8,0.5,0.6,160.4,155.4,0.5,12,157.0,0.6,35,0
1408104,2023-12-09,Zimbabwe,Ireland,Harare Sports Club,1576.21,1485.16,91.04,0.8,0.2,0.6,0.5,165.4,144.6,0.5385,13,156.72,0.5833,36,0
1408105,2023-12-10,Zimbabwe,Ireland,Harare Sports Club,1556.11,1505.26,50.84,0.8,0.2,0.5,0.6,171.2,161.8,0.5,14,156.95,0.5676,37,0
1373579,2023-12-12,England,West Indies,"Kensington Oval, Bridgetown, Barbados",1641.09,1573.16,67.93,0.4,0.6,0.5,0.6,157.2,162.4,0.4167,24,174.0,0.8,5,0
1387598,2023-12-12,India,South Africa,"St George's Park, Gqeberha",1756.4,1583.36,173.04,0.8,0.2,0.8,0.3,200.0,188.2,0.5652,23,149.6,0.4891,0,0
1373580,2023-12-14,West Indies,England,"National Cricket Stadium, St George's, Grenada",1592.25,1622.0,-29.75,0.6,0.4,0.6,0.4,167.0,163.0,0.6,25,165.6,0.8,5,1
1387599,2023-12-14,India,South Africa,"The Wanderers Stadium, Johannesburg",1733.03,1606.73,126.3,0.6,0.2,0.8,0.3,194.2,167.2,0.5417,24,182.67,0.3333,3,1
1373581,2023-12-16,West Indies,England,"National Cricket Stadium, St George's, Grenada",1609.62,1604.64,4.98,0.6,0.2,0.7,0.3,171.2,167.6,0.6154,26,167.33,0.8333,6,0
1373582,2023-12-19,England,West Indies,"Brian Lara Stadium, Tarouba, Trinidad",1620.86,1593.39,27.48,0.2,0.6,0.3,0.6,173.2,183.8,0.4074,27,169.5,1.0,2,1
1373583,2023-12-21,England,West Indies,"Brian Lara Stadium, Tarouba, Trinidad",1635.6,1578.65,56.95,0.4,0.6,0.4,0.6,201.0,186.6,0.4286,28,202.0,1.0,3,0
1412530,2023-12-22,Philippines,Indonesia,Udayana Cricket Ground,1388.57,1548.76,-160.19,0.2,0.6,0.1,0.7,105.6,153.4,0.5,0,140.17,0.1667,6,1
1412531,2023-12-23,Philippines,Indonesia,Udayana Cricket Ground,1411.47,1525.87,-114.4,0.4,0.4,0.2,0.6,114.6,157.4,1.0,1,142.71,0.2857,7,0
1412532,2023-12-23,Indonesia,Philippines,Udayana Cricket Ground,1536.78,1400.55,136.23,0.6,0.2,0.7,0.2,151.0,116.2,0.5,2,138.12,0.25,8,1
1412533,2023-12-24,Indonesia,Philippines,Udayana Cricket Ground,1546.81,1390.52,156.29,0.6,0.2,0.7,0.2,147.8,121.4,0.6667,3,138.33,0.3333,9,0
1412535,2023-12-26,Indonesia,Philippines,Udayana Cricket Ground,1524.06,1413.27,110.79,0.6,0.4,0.6,0.3,133.2,120.2,0.5,4,136.4,0.3,10,0
1388213,2023-12-27,New Zealand,Bangladesh,"McLean Park, Napier",1669.12,1559.41,109.71,0.6,0.6,0.6,0.7,157.8,120.6,0.8235,17,149.69,0.4889,0,0
1388215,2023-12-31,Bangladesh,New Zealand,"Bay Oval, Mount Maunganui",1580.31,1648.23,-67.93,0.6,0.4,0.8,0.6,107.6,151.4,0.2222,18,191.0,1.0,1,0
1388216,2024-01-12,New Zealand,Pakistan,"Eden Park, Auckland",1661.14,1653.88,7.26,0.6,0.4,0.6,0.6,142.6,150.4,0.3939,33,149.66,0.4884,0,1
1388217,2024-01-14,New Zealand,Pakistan,"Seddon Park, Hamilton",1676.81,1638.22,38.59,0.8,0.2,0.6,0.5,167.2,148.0,0.4118,34,149.7,0.4887,0,1
1412542,2024-01-14,Zimbabwe,Sri Lanka,"R Premadasa Stadium, Colombo",1537.78,1531.31,6.47,0.6,0.2,0.5,0.3,156.2,165.2,0.0,2,126.88,0.25,8,0
1412543,2024-01-16,Sri Lanka,Zimbabwe,"R Premadasa Stadium, Colombo",1547.61,1521.48,26.12,0.4,0.4,0.3,0.5,162.0,162.6,1.0,3,128.67,0.2222,9,0
1388218,2024-01-17,New Zealand,Pakistan,"University Oval, Dunedin",1691.04,1623.99,67.05,0.8,0.2,0.6,0.4,165.6,150.8,0.4286,35,141.0,0.0,1,1
1412544,2024-01-18,Zimbabwe,Sri Lanka,"R Premadasa Stadium, Colombo",1538.68,1530.41,8.28,0.4,0.2,0.6,0.2,154.8,155.4,0.25,4,133.1,0.2,10,0
1388219,2024-01-19,Pakistan,New Zealand,"Hagley Oval, Christchurch",1611.04,1703.99,-92.95,0.2,0.8,0.3,0.7,148.0,174.6,0.5556,36,160.71,0.2857,7,0
1388220,2024-01-21,Pakistan,New Zealand,"Hagley Oval, Christchurch",1599.22,1715.81,-116.59,0.0,1.0,0.3,0.7,147.6,179.6,0.5405,37,160.38,0.25,8,1
1418176,2024-01-27,Myanmar,Cambodia,"Terdthai Cricket Ground, Bangkok",1434.82,1483.52,-48.7,0.0,0.4,0.0,0.3333,56.25,121.6,0.5,0,149.73,0.4885,0,0
1418177,2024-01-28,Cambodia,China,"Terdthai Cricket Ground, Bangkok",1497.29,1464.95,32.34,0.6,0.25,0.4286,0.25,108.8,43.75,0.5,0,72.0,0.0,1,1
1418181,2024-02-01,Indonesia,Bhutan,"Terdthai Cricket Ground, Bangkok",1503.13,1480.34,22.79,0.4,0.4,0.5,0.6,129.0,107.2,0.5,0,101.0,0.5,2,1
1418182,2024-02-02,Singapore,Maldives,"Terdthai Cricket Ground, Bangkok",1313.33,1335.66,-22.32,0.0,0.0,0.0,0.1,135.8,107.8,0.5,0,111.33,0.6667,3,1
1418183,2024-02-02,Japan,Thailand,"Terdthai Cricket Ground, Bangkok",1497.31,1403.22,94.09,0.4,0.6,0.5,0.3,117.4,90.2,0.5,0,133.25,0.75,4,1
1418184,2024-02-03,Bhutan,Saudi Arabia,"Terdthai Cricket Ground, Bangkok",1465.39,1444.41,20.98,0.4,0.4,0.6,0.4,114.0,135.6,0.5,0,139.8,0.8,5,0
1418185,2024-02-03,Indonesia,Cambodia,"Terdthai Cricket Ground, Bangkok",1518.08,1511.81,6.27,0.6,0.6,0.5,0.5,124.2,103.4,0.6667,6,131.33,0.6667,6,0
1418186,2024-02-04,Singapore,Thailand,"Terdthai Cricket Ground, Bangkok",1330.36,1391.45,-61.09,0.2,0.6,0.1,0.3,159.6,92.8,1.0,1,130.71,0.5714,7,0
1418187,2024-02-04,Japan,Maldives,"Terdthai Cricket Ground, Bangkok",1509.08,1318.63,190.45,0.4,0.0,0.6,0.1,124.4,119.4,0.5,0,128.75,0.5,8,1
1418188,2024-02-05,Saudi Arabia,Indonesia,"Terdthai Cricket Ground, Bangkok",1461.37,1501.79,-40.41,0.6,0.4,0.5,0.5,125.8,128.2,0.5,0,131.11,0.5556,9,1
1418190,2024-02-06,Singapore,Japan,"Terdthai Cricket Ground, Bangkok",1317.15,1517.1,-199.95,0.2,0.6,0.1,0.6,149.8,137.0,0.5,0,136.5,0.6,10,1
1418191,2024-02-06,Maldives,Thailand,"Terdthai Cricket Ground, Bangkok",1310.62,1404.67,-94.05,0.0,0.6,0.1,0.4,116.8,110.6,0.6667,3,140.09,0.6364,11,0
1418192,2024-02-07,Indonesia,Thailand,"Terdthai Cricket Ground, Bangkok",1483.94,1416.44,67.5,0.2,0.6,0.4,0.5,120.8,108.2,0.5,0,139.0,0.5833,12,0
1418193,2024-02-07,Maldives,Bhutan,"Terdthai Cricket Ground, Bangkok",1298.84,1448.42,-149.58,0.0,0.2,0.1,0.5,127.0,110.8,0.3333,3,138.38,0.5385,13,1
1375850,2024-02-09,Australia,West Indies,"Bellerive Oval, Hobart",1638.38,1597.25,41.13,0.2,0.6,0.6,0.6,186.4,179.0,0.4737,19,151.62,0.5,8,1
1418194,2024-02-09,Japan,Saudi Arabia,"Terdthai Cricket Ground, Bangkok",1492.79,1479.23,13.56,0.4,0.8,0.5,0.6,140.0,140.8,0.5,0,138.29,0.5714,14,0
1418195,2024-02-09,Singapore,Cambodia,"Terdthai Cricket Ground, Bangkok",1341.46,1528.1,-186.64,0.4,0.8,0.2,0.5556,156.0,112.2,0.5,0,135.53,0.5333,15,0
1375851,2024-02-11,Australia,West Indies,Adelaide Oval,1652.5,1583.14,69.36,0.4,0.4,0.6,0.5,187.4,185.0,0.5,20,168.0,0.5455,11,1
1418196,2024-02-11,Japan,Singapore,"Terdthai Cricket Ground, Bangkok",1476.16,1333.31,142.85,0.4,0.4,0.5,0.2,132.2,147.4,0.0,1,133.88,0.5,16,0
1418197,2024-02-11,Cambodia,Saudi Arabia,"Terdthai Cricket Ground, Bangkok",1536.24,1495.85,40.39,0.8,0.8,0.6,0.7,105.2,125.4,0.5,0,138.65,0.4706,17,0
1420801,2024-02-12,Bhutan,Thailand,"Terdthai Cricket Ground, Bangkok",1425.93,1435.51,-9.58,0.2,0.6,0.4,0.6,110.8,117.8,0.6667,3,139.11,0.4444,18,0
1420802,2024-02-12,Saudi Arabia,Maldives,"Terdthai Cricket Ground, Bangkok",1513.7,1321.34,192.37,0.8,0.2,0.7,0.2,140.0,137.8,1.0,2,135.47,0.4211,19,1
1375852,2024-02-13,West Indies,Australia,Perth Stadium,1570.29,1665.35,-95.06,0.2,0.6,0.4,0.6,191.2,197.4,0.4762,21,137.5,0.3333,6,1
1420803,2024-02-13,Thailand,Saudi Arabia,"Terdthai Cricket Ground, Bangkok",1451.07,1521.65,-70.58,0.8,1.0,0.7,0.7,113.6,142.6,0.5,0,138.0,0.45,20,0
1420804,2024-02-13,Bhutan,Maldives,"Terdthai Cricket Ground, Bangkok",1410.37,1313.39,96.98,0.0,0.2,0.3,0.1,92.6,123.6,0.5,4,136.76,0.4286,21,0
1418539,2024-02-14,Hong Kong,China,"Mission Road Ground, Mong Kok, Hong Kong",1461.76,1450.44,11.32,0.4,0.2,0.2,0.2,161.4,42.4,0.5,0,155.0,0.5,8,1
1418540,2024-02-14,Japan,Hong Kong,"Mission Road Ground, Mong Kok, Hong Kong",1453.93,1477.24,-23.31,0.4,0.6,0.4,0.3,154.0,165.8,0.5,0,156.78,0.5556,9,0
1418541,2024-02-15,Japan,China,"Mission Road Ground, Mong Kok, Hong Kong",1439.0,1434.96,4.04,0.2,0.2,0.3,0.1667,156.6,47.4,0.5,0,159.0,0.5,10,1
1418542,2024-02-15,Hong Kong,Japan,"Mission Road Ground, Mong Kok, Hong Kong",1492.16,1454.82,37.35,0.6,0.2,0.4,0.4,160.2,178.2,1.0,1,168.0,0.5455,11,1
1420805,2024-02-15,Maldives,Thailand,"Terdthai Cricket Ground, Bangkok",1333.74,1438.28,-104.53,0.4,0.8,0.2,0.7,115.8,112.0,0.5,4,135.77,0.4091,22,0
1420806,2024-02-15,Saudi Arabia,Bhutan,"Terdthai Cricket Ground, Bangkok",1534.44,1390.02,144.43,1.0,0.0,0.8,0.2,147.0,99.0,1.0,1,134.43,0.3913,23,1
1418543,2024-02-16,China,Hong Kong,"Mission Road Ground, Mong Kok, Hong Kong",1419.14,1506.45,-87.31,0.2,0.6,0.1429,0.5,57.8,158.0,0.0,1,166.92,0.5833,12,0
1418544,2024-02-16,Japan,China,"Mission Road Ground, Mong Kok, Hong Kong",1440.53,1407.08,33.45,0.2,0.2,0.3,0.125,175.4,56.4,1.0,1,157.23,0.5385,13,1
1420807,2024-02-16,Thailand,Saudi Arabia,"Terdthai Cricket Ground, Bangkok",1449.6,1544.15,-94.55,0.8,1.0,0.7,0.9,110.6,154.2,0.0,1,138.04,0.4167,24,0
1420808,2024-02-16,Maldives,Bhutan,"Terdthai Cricket Ground, Bangkok",1322.42,1380.31,-57.89,0.4,0.0,0.2,0.2,115.2,86.8,0.6,5,136.68,0.4,25,0
1418545,2024-02-17,Hong Kong,Japan,"Mission Road Ground, Mong Kok, Hong Kong",1518.51,1454.99,63.52,0.8,0.4,0.6,0.4,141.2,184.6,1.0,2,156.21,0.5714,14,1
1388223,2024-02-21,New Zealand,Australia,"Sky Stadium, Wellington",1694.63,1645.07,49.56,0.8,0.4,0.7,0.5,179.0,189.0,0.3333,15,149.73,0.4887,0,0
1388224,2024-02-23,Australia,New Zealand,"Eden Park, Auckland",1663.34,1676.37,-13.02,0.6,0.6,0.5,0.7,201.4,176.8,0.6875,16,226.0,1.0,1,1
1388225,2024-02-25,Australia,New Zealand,"Eden Park, Auckland",1679.94,1659.77,20.18,0.8,0.4,0.5,0.6,205.4,158.4,0.7059,17,200.0,1.0,2,1
1422037,2024-02-27,Namibia,Nepal,"Tribhuvan University International Cricket Ground, Kirtipur",1663.46,1644.54,18.92,1.0,0.6,0.8,0.7,136.4,150.0,0.5,0,172.0,0.5714,21,1
1422802,2024-02-27,Hong Kong,Qatar,University of Doha for Science and Technology,1531.62,1503.4,28.22,1.0,0.4,0.7,0.6,154.2,136.8,0.5,0,149.79,0.4892,0,1
1422038,2024-02-28,Netherlands,Nepal,"Tribhuvan University International Cricket Ground, Kirtipur",1544.9,1629.41,-84.51,0.4,0.6,0.4,0.7,125.4,154.8,0.5,6,173.55,0.5909,22,1
1422039,2024-02-29,Netherlands,Namibia,"Tribhuvan University International Cricket Ground, Kirtipur",1564.72,1678.59,-113.87,0.6,1.0,0.5,0.9,135.2,154.4,0.6667,3,174.0,0.6087,23,1
1422803,2024-02-29,Hong Kong,Qatar,University of Doha for Science and Technology,1546.32,1488.7,57.63,1.0,0.4,0.8,0.6,154.4,148.0,1.0,1,172.0,1.0,1,0
1422040,2024-03-01,Nepal,Namibia,"Tribhuvan University International Cricket Ground, Kirtipur",1609.59,1657.53,-47.93,0.4,0.8,0.6,0.9,161.8,150.6,0.0,1,177.04,0.625,24,1
1422041,2024-03-02,Netherlands,Nepal,"Tribhuvan University International Cricket Ground, Kirtipur",1585.78,1627.79,-42.0,0.8,0.4,0.6,0.6,160.0,164.6,0.5714,7,177.16,0.64,25,0
1419824,2024-03-04,Sri Lanka,Bangladesh,Sylhet International Cricket Stadium,1546.79,1567.39,-20.61,0.4,0.6,0.3,0.7,145.6,104.8,0.6923,13,169.5,0.5,2,1
1422043,2024-03-05,Nepal,Netherlands,"Tribhuvan University International Cricket Ground, Kirtipur",1641.86,1571.71,70.15,0.6,0.8,0.6,0.5,160.8,165.8,0.5,8,174.96,0.6154,26,0
1422807,2024-03-05,Vanuatu,Tanzania,"Bayuemas Oval, Kuala Lumpur",1487.63,1565.28,-77.65,0.4,0.2,0.5,0.3,110.2,123.8,0.5,0,117.27,0.4667,15,1
1422808,2024-03-05,Kuwait,Bahrain,"Bayuemas Oval, Kuala Lumpur",1530.43,1467.27,63.16,0.6,0.4,0.6,0.4,131.4,139.0,0.8889,9,117.94,0.5,16,0
1419825,2024-03-06,Sri Lanka,Bangladesh,Sylhet International Cricket Stadium,1563.74,1550.45,13.29,0.6,0.4,0.4,0.6,158.6,122.2,0.7143,14,181.67,0.6667,3,0
1422809,2024-03-06,Tanzania,Kuwait,"Bayuemas Oval, Kuala Lumpur",1545.76,1511.55,34.21,0.2,0.4,0.3,0.6,128.4,139.2,0.5,0,118.24,0.4706,17,0
1422810,2024-03-06,Malaysia,Vanuatu,"Bayuemas Oval, Kuala Lumpur",1536.98,1507.15,29.83,0.2,0.6,0.5,0.6,135.8,113.8,0.4,5,117.06,0.4444,18,1
1423372,2024-03-06,Papua New Guinea,Oman,Al Amerat Cricket Ground Oman Cricket (Ministry Turf 1),1587.9,1553.41,34.49,1.0,1.0,0.9,0.7,123.6,149.0,0.0,1,152.41,0.4375,64,0
1422811,2024-03-07,Malaysia,Bahrain,"Bayuemas Oval, Kuala Lumpur",1551.61,1486.15,65.45,0.4,0.4,0.5,0.5,149.2,128.8,0.6667,3,118.68,0.4737,19,0
1422812,2024-03-07,Vanuatu,Kuwait,"Bayuemas Oval, Kuala Lumpur",1492.52,1529.12,-36.6,0.6,0.4,0.5,0.6,113.6,124.8,0.5,0,118.25,0.45,20,0
1423373,2024-03-07,Oman,Papua New Guinea,Al Amerat Cricket Ground Oman Cricket (Ministry Turf 1),1570.99,1570.32,0.67,1.0,0.8,0.7,0.9,143.6,105.0,1.0,2,152.15,0.4308,65,0
1423374,2024-03-08,Papua New Guinea,Oman,Al Amerat Cricket Ground Oman Cricket (Ministry Turf 1),1586.35,1554.96,31.39,0.8,0.8,0.9,0.7,112.8,142.0,0.3333,3,152.05,0.4242,66,0
1419826,2024-03-09,Sri Lanka,Bangladesh,Sylhet International Cricket Stadium,1547.12,1567.06,-19.93,0.6,0.6,0.4,0.6,155.2,137.0,0.6667,15,177.5,0.5,4,1
1422813,2024-03-09,Kuwait,Malaysia,"Bayuemas Oval, Kuala Lumpur",1543.44,1532.63,10.82,0.6,0.4,0.6,0.4,115.8,148.4,0.0,2,117.48,0.4286,21,0
1422814,2024-03-09,Bahrain,Tanzania,"Bayuemas Oval, Kuala Lumpur",1505.13,1528.19,-23.06,0.6,0.2,0.6,0.3,124.2,121.4,0.5,0,116.09,0.4091,22,1
1423439,2024-03-09,Hong Kong,Nepal,"Mission Road Ground, Mong Kok, Hong Kong",1527.69,1622.67,-94.98,0.8,0.4,0.7,0.5,157.0,170.6,0.4286,7,160.4,0.6,15,1
1422815,2024-03-10,Bahrain,Vanuatu,"Bayuemas Oval, Kuala Lumpur",1522.19,1478.2,43.99,0.6,0.6,0.7,0.4,122.0,112.2,0.5,0,116.91,0.4348,23,1
1422816,2024-03-10,Tanzania,Malaysia,"Bayuemas Oval, Kuala Lumpur",1511.13,1549.12,-37.99,0.2,0.6,0.2,0.4,110.2,141.8,0.5,0,118.96,0.4583,24,0
1421078,2024-03-11,Scotland,United Arab Emirates,Dubai International Cricket Stadium,1578.43,1530.67,47.76,1.0,0.8,0.7,0.5,199.6,141.6,0.6667,3,146.3,0.5195,77,0
1422817,2024-03-11,Vanuatu,Kuwait,"Bayuemas Oval, Kuala Lumpur",1464.21,1526.95,-62.73,0.4,0.6,0.3,0.6,106.8,115.6,0.0,1,117.52,0.44,25,0
1422818,2024-03-11,Malaysia,Bahrain,"Bayuemas Oval, Kuala Lumpur",1563.38,1536.18,27.21,0.8,0.8,0.5,0.7,126.0,123.6,0.5,4,117.08,0.4231,26,0
1423441,2024-03-12,Nepal,Papua New Guinea,"Mission Road Ground, Mong Kok, Hong Kong",1602.41,1568.91,33.5,0.4,0.6,0.5,0.8,161.2,116.6,0.75,4,163.62,0.625,16,1
1423442,2024-03-12,Hong Kong,Papua New Guinea,"Mission Road Ground, Mong Kok, Hong Kong",1547.96,1554.45,-6.48,0.8,0.4,0.7,0.7,168.4,122.8,0.5,2,165.65,0.6471,17,0
1421079,2024-03-13,Scotland,United Arab Emirates,Dubai International Cricket Stadium,1560.25,1548.86,11.39,0.8,0.8,0.7,0.6,199.2,138.0,0.5,4,146.31,0.5128,78,1
1423444,2024-03-13,Papua New Guinea,Nepal,"Mission Road Ground, Mong Kok, Hong Kong",1570.15,1616.87,-46.72,0.4,0.6,0.7,0.5,129.6,164.4,0.2,5,163.17,0.6111,18,1
1421080,2024-03-14,Scotland,United Arab Emirates,Dubai International Cricket Stadium,1575.72,1533.38,42.34,0.8,0.6,0.7,0.6,174.4,133.0,0.6,5,145.99,0.519,79,1
1425110,2024-03-16,Papua New Guinea,Malaysia,"Bayuemas Oval, Kuala Lumpur",1588.29,1546.13,42.15,0.6,0.6,0.7,0.4,136.6,101.8,0.75,4,115.59,0.4074,27,1
1424752,2024-03-17,Zimbabwe,Namibia,"Achimota Senior Secondary School A Field, Accra",1522.3,1639.33,-117.03,0.2,0.6,0.5,0.8,141.6,164.8,0.3636,11,149.75,0.4892,0,1
1424753,2024-03-17,Tanzania,Nigeria,"Achimota Senior Secondary School B Field, Accra",1496.88,1549.25,-52.37,0.2,0.2,0.1,0.6,107.0,112.6,0.6667,3,149.78,0.4894,0,1
1424754,2024-03-17,South Africa,Ghana,"Achimota Senior Secondary School A Field, Accra",1596.3,1390.03,206.27,0.2,0.2,0.2,0.3,143.6,81.4,0.5,0,197.0,1.0,1,1
1424755,2024-03-17,Uganda,Kenya,"Achimota Senior Secondary School B Field, Accra",1806.65,1572.25,234.39,0.8,0.4,0.9,0.5,116.0,129.2,0.6364,11,131.0,1.0,1,1
1425111,2024-03-17,Malaysia,Papua New Guinea,"Bayuemas Oval, Kuala Lumpur",1532.06,1602.35,-70.29,0.4,0.6,0.4,0.7,98.0,148.2,0.2,5,118.82,0.4286,28,1
1424756,2024-03-18,Tanzania,Zimbabwe,"Achimota Senior Secondary School A Field, Accra",1515.27,1543.5,-28.23,0.2,0.4,0.2,0.6,102.6,148.0,0.0,1,217.0,1.0,2,0
1424757,2024-03-18,Namibia,Nigeria,"Achimota Senior Secondary School B Field, Accra",1618.14,1530.85,87.29,0.4,0.2,0.7,0.5,165.8,105.2,1.0,1,150.0,1.0,2,0
1424759,2024-03-18,Uganda,Ghana,"Achimota Senior Secondary School B Field, Accra",1813.24,1382.55,430.68,1.0,0.2,0.9,0.2,127.0,90.0,1.0,3,140.33,0.6667,3,1
1424761,2024-03-20,Ghana,Kenya,"Achimota Senior Secondary School B Field, Accra",1380.08,1565.66,-185.58,0.2,0.2,0.2,0.4,82.8,123.8,0.0,1,153.75,0.75,4,0
1424762,2024-03-20,Nigeria,Zimbabwe,"Achimota Senior Secondary School A Field, Accra",1550.79,1558.2,-7.41,0.2,0.6,0.5,0.6,102.4,138.0,0.0,1,173.33,0.6667,3,0
1424763,2024-03-20,Tanzania,Namibia,"Achimota Senior Secondary School B Field, Accra",1500.57,1598.2,-97.63,0.2,0.2,0.2,0.6,96.0,170.8,0.0,1,145.2,0.6,5,0
1424764,2024-03-21,Namibia,Uganda,"Achimota Senior Secondary School A Field, Accra",1609.82,1815.71,-205.89,0.2,1.0,0.6,0.9,144.0,138.2,0.875,8,152.0,0.5,4,1
1424765,2024-03-21,Zimbabwe,Kenya,"Achimota Senior Secondary School A Field, Accra",1573.86,1573.84,0.02,0.8,0.2,0.6,0.5,127.6,110.4,1.0,1,143.8,0.6,5,1
1424766,2024-03-23,Uganda,Kenya,"Achimota Senior Secondary School A Field, Accra",1791.2,1557.84,233.36,0.8,0.2,0.8,0.4,135.6,114.8,0.6667,12,152.5,0.6667,6,1
1424767,2024-03-23,Namibia,Zimbabwe,"Achimota Senior Secondary School A Field, Accra",1634.33,1589.86,44.47,0.4,0.8,0.6,0.6,128.6,131.2,0.5833,12,160.14,0.7143,7,0
1426450,2024-04-01,Oman,Namibia,Al Amerat Cricket Ground Oman Cricket (Ministry Turf 1),1572.4,1616.29,-43.89,0.8,0.4,0.8,0.5,132.8,115.8,0.0,1,151.67,0.4179,67,0
1426451,2024-04-02,Oman,Namibia,Al Amerat Cricket Ground Oman Cricket (Ministry Turf 1),1558.41,1630.28,-71.87,0.6,0.6,0.8,0.5,125.6,106.2,0.0,2,151.04,0.4118,68,1
1426452,2024-04-04,Namibia,Oman,Al Amerat Cricket Ground Oman Cricket (Ministry Turf 1),1611.02,1577.68,33.34,0.6,0.6,0.4,0.8,108.2,131.2,0.6667,3,150.84,0.4203,69,0
1426453,2024-04-05,Namibia,Oman,Al Amerat Cricket Ground Oman Cricket (Ministry Turf 1),1593.49,1595.21,-1.72,0.4,0.6,0.3,0.8,114.0,124.6,0.5,4,150.13,0.4143,70,1
1425121,2024-04-07,Canada,United States of America,Prairie View Cricket Complex,1613.72,1488.37,125.35,0.8,0.4,0.8,0.6,169.4,145.8,1.0,2,149.68,0.49,0,0
1426454,2024-04-07,Namibia,Oman,Al Amerat Cricket Ground Oman Cricket (Ministry Turf 1),1609.57,1579.13,30.44,0.4,0.6,0.4,0.7,124.6,123.6,0.6,5,150.32,0.4225,71,1
1425122,2024-04-09,United States of America,Canada,Prairie View Cricket Complex,1509.91,1592.19,-82.28,0.4,0.8,0.6,0.7,140.6,176.8,0.3333,3,132.0,0.0,1,1
1425124,2024-04-12,United States of America,Canada,Prairie View Cricket Complex,1529.63,1572.47,-42.84,0.4,0.6,0.6,0.7,146.4,177.8,0.5,4,181.0,0.5,2,1
1426455,2024-04-12,Oman,Bahrain,Al Amerat Cricket Ground Oman Cricket (Ministry Turf 1),1564.53,1553.43,11.1,0.4,1.0,0.6,0.7,128.0,118.8,0.5,4,151.18,0.4306,72,1
1426456,2024-04-12,Kuwait,United Arab Emirates,Al Amerat Cricket Ground Oman Cricket (Ministry Turf 2),1540.09,1519.32,20.77,0.6,0.4,0.6,0.5,105.4,126.6,0.3333,3,141.38,0.6154,13,0
1426457,2024-04-12,Malaysia,Nepal,Al Amerat Cricket Ground Oman Cricket (Ministry Turf 1),1551.26,1598.73,-47.47,0.6,0.4,0.5,0.4,108.2,145.4,0.0,8,151.53,0.4384,73,0
1426458,2024-04-12,Hong Kong,Qatar,Al Amerat Cricket Ground Oman Cricket (Ministry Turf 2),1532.26,1507.33,24.93,0.6,0.6,0.7,0.6,184.2,163.4,0.5,2,144.0,0.5714,14,1
1428743,2024-04-12,Mexico,Costa Rica,Los Reyes Polo Club,1495.4,1500.0,-4.6,0.5,0.5,0.5,0.5,99.0,149.8,0.5,0,149.8,0.4905,0,1
1428744,2024-04-12,Mexico,Costa Rica,Los Reyes Polo Club,1511.61,1483.79,27.82,0.6667,0.0,0.6667,0.0,100.67,82.0,1.0,1,104.0,1.0,1,1
1425125,2024-04-13,Canada,United States of America,Prairie View Cricket Complex,1554.5,1547.59,6.91,0.4,0.6,0.6,0.6,160.8,150.4,0.4,5,173.67,0.6667,3,0
1426459,2024-04-13,Cambodia,Kuwait,Al Amerat Cricket Ground Oman Cricket (Ministry Turf 1),1518.39,1523.13,-4.74,0.8,0.6,0.6,0.5,119.2,116.4,0.5,0,151.42,0.4324,74,0
1426460,2024-04-13,United Arab Emirates,Bahrain,Al Amerat Cricket Ground Oman Cricket (Ministry Turf 2),1536.28,1537.94,-1.66,0.4,0.8,0.6,0.6,127.2,133.8,0.3333,3,147.8,0.6,15,1
1426461,2024-04-13,Nepal,Qatar,Al Amerat Cricket Ground Oman Cricket (Ministry Turf 1),1612.56,1492.47,120.08,0.4,0.4,0.5,0.5,150.0,173.4,0.0,1,151.28,0.4267,75,1
1426462,2024-04-13,Malaysia,Saudi Arabia,Al Amerat Cricket Ground Oman Cricket (Ministry Turf 2),1537.43,1555.9,-18.47,0.4,1.0,0.5,0.9,119.2,156.2,0.5,0,153.31,0.625,16,1
1428745,2024-04-13,Costa Rica,Mexico,Los Reyes Polo Club,1469.07,1526.33,-57.27,0.0,0.75,0.0,0.75,73.0,102.0,0.0,2,105.0,1.0,2,1
1426463,2024-04-14,Oman,Cambodia,Al Amerat Cricket Ground Oman Cricket (Ministry Turf 2),1580.01,1502.61,77.4,0.6,0.6,0.6,0.6,141.6,132.6,0.5,0,152.88,0.6471,17,1
1426464,2024-04-14,Saudi Arabia,Hong Kong,Al Amerat Cricket Ground Oman Cricket (Ministry Turf 2),1539.05,1547.11,-8.06,0.8,0.6,0.8,0.8,152.8,180.6,0.5,0,152.94,0.6667,18,1
1426479,2024-04-14,Jersey,Spain,La Manga Club Top Ground,1558.69,1623.55,-64.86,0.4,0.8,0.4,0.6,144.0,93.0,0.5,0,149.84,0.4921,0,0
1426480,2024-04-14,Jersey,Spain,La Manga Club Top Ground,1545.64,1636.59,-90.95,0.4,1.0,0.4,0.7,156.0,107.0,0.0,1,195.0,0.0,1,0
1428746,2024-04-14,Mexico,Costa Rica,Los Reyes Polo Club,1507.72,1487.68,20.04,0.6,0.3333,0.6,0.3333,97.2,88.67,0.6667,3,110.0,1.0,3,1
1426465,2024-04-15,Hong Kong,Nepal,Al Amerat Cricket Ground Oman Cricket (Ministry Turf 1),1530.74,1623.24,-92.49,0.4,0.6,0.7,0.5,175.6,155.2,0.5,8,152.05,0.4342,76,0
1426466,2024-04-15,Malaysia,Qatar,Al Amerat Cricket Ground Oman Cricket (Ministry Turf 2),1554.28,1481.79,72.49,0.4,0.4,0.6,0.4,131.2,183.2,0.5,2,155.53,0.6842,19,0
1426467,2024-04-15,United Arab Emirates,Oman,Al Amerat Cricket Ground Oman Cricket (Ministry Turf 1),1552.35,1592.51,-40.15,0.6,0.6,0.7,0.6,147.6,145.0,0.4,5,151.56,0.4286,77,0
1426468,2024-04-15,Kuwait,Bahrain,Al Amerat Cricket Ground Oman Cricket (Ministry Turf 2),1538.91,1521.86,17.05,0.6,0.6,0.5,0.6,124.6,151.2,0.8,10,155.3,0.65,20,1
1426469,2024-04-16,Qatar,Saudi Arabia,Al Amerat Cricket Ground Oman Cricket (Ministry Turf 1),1501.08,1555.42,-54.34,0.4,0.8,0.4,0.9,173.6,156.0,0.5,0,151.44,0.4231,78,1
1426470,2024-04-16,Cambodia,Bahrain,Al Amerat Cricket Ground Oman Cricket (Ministry Turf 1),1490.12,1506.65,-16.53,0.4,0.4,0.5,0.5,124.8,151.2,0.5,0,151.46,0.4304,79,0
1426471,2024-04-17,Malaysia,Hong Kong,Al Amerat Cricket Ground Oman Cricket (Ministry Turf 1),1534.99,1518.9,16.09,0.4,0.4,0.5,0.6,146.0,159.0,0.7,10,150.6,0.425,80,0
1426472,2024-04-17,Saudi Arabia,Nepal,Al Amerat Cricket Ground Oman Cricket (Ministry Turf 2),1536.94,1635.08,-98.13,0.6,0.8,0.8,0.6,160.6,150.8,0.5,0,155.57,0.6667,21,0
1426473,2024-04-17,Cambodia,United Arab Emirates,Al Amerat Cricket Ground Oman Cricket (Ministry Turf 1),1474.88,1538.19,-63.32,0.2,0.4,0.5,0.6,115.0,146.2,0.5,0,150.47,0.4198,81,0
1426474,2024-04-17,Oman,Kuwait,Al Amerat Cricket Ground Oman Cricket (Ministry Turf 2),1606.67,1554.13,52.54,0.6,0.6,0.6,0.6,153.6,135.8,1.0,1,151.82,0.6364,22,1
1426475,2024-04-19,Nepal,United Arab Emirates,Al Amerat Cricket Ground Oman Cricket (Ministry Turf 1),1646.67,1551.31,95.36,0.8,0.6,0.7,0.6,126.2,139.6,0.5556,9,149.56,0.4146,82,0
1426476,2024-04-19,Hong Kong,Oman,Al Amerat Cricket Ground Oman Cricket (Ministry Turf 1),1535.64,1620.27,-84.62,0.4,0.8,0.6,0.7,145.4,165.6,0.1429,7,149.19,0.4096,83,0
1424830,2024-04-20,New Zealand,Pakistan,Rawalpindi Cricket Stadium,1644.69,1620.39,24.3,0.2,0.2,0.5,0.3,133.2,164.8,0.4474,38,153.0,0.0,4,0
1426477,2024-04-20,Nepal,Hong Kong,Al Amerat Cricket Ground Oman Cricket (Ministry Turf 1),1626.39,1523.47,102.92,0.8,0.4,0.6,0.5,133.0,147.2,0.5556,9,148.96,0.4048,84,0
1424831,2024-04-21,Pakistan,New Zealand,Rawalpindi Cricket Stadium,1637.51,1627.58,9.94,0.4,0.0,0.3,0.5,147.2,119.4,0.5641,39,140.4,0.0,5,0
1426478,2024-04-21,United Arab Emirates,Oman,Al Amerat Cricket Ground Oman Cricket (Ministry Turf 1),1571.59,1632.44,-60.85,0.8,1.0,0.6,0.7,151.8,162.0,0.3333,6,148.85,0.4,85,1
1424832,2024-04-25,New Zealand,Pakistan,"Gaddafi Stadium, Lahore",1644.03,1621.05,22.98,0.2,0.4,0.5,0.3,136.8,148.2,0.45,40,174.57,0.7143,7,1
1424833,2024-04-27,Pakistan,New Zealand,"Gaddafi Stadium, Lahore",1606.11,1658.98,-52.87,0.4,0.4,0.3,0.5,147.2,129.4,0.5366,41,175.0,0.75,8,1
1431607,2024-05-01,Thailand,Indonesia,Udayana Cricket Ground,1437.85,1464.87,-27.01,0.6,0.2,0.6,0.4,105.8,123.2,1.0,1,135.18,0.2727,11,1
1431608,2024-05-02,Thailand,Indonesia,Udayana Cricket Ground,1455.09,1447.63,7.47,0.6,0.2,0.6,0.3,106.8,124.4,1.0,2,135.33,0.3333,12,0
1425126,2024-05-03,Zimbabwe,Bangladesh,"Zahur Ahmed Chowdhury Stadium, Chattogram",1607.9,1550.14,57.75,1.0,0.4,0.6,0.5,137.6,153.2,0.3684,19,172.25,0.5,4,0
1431609,2024-05-04,Indonesia,Thailand,Udayana Cricket Ground,1463.97,1438.75,25.22,0.2,0.4,0.4,0.6,116.2,110.4,0.3333,3,131.85,0.3077,13,1
1425127,2024-05-05,Zimbabwe,Bangladesh,"Zahur Ahmed Chowdhury Stadium, Chattogram",1589.26,1568.78,20.48,0.8,0.4,0.6,0.5,123.0,151.0,0.35,20,162.6,0.4,5,0
1431610,2024-05-05,Thailand,Indonesia,Udayana Cricket Ground,1423.91,1478.81,-54.9,0.4,0.4,0.6,0.4,106.6,116.0,0.5,4,131.43,0.3571,14,1
1431611,2024-05-06,Indonesia,Thailand,Udayana Cricket Ground,1460.3,1442.42,17.89,0.4,0.4,0.3,0.6,121.0,113.8,0.4,5,132.33,0.4,15,0
1425128,2024-05-07,Bangladesh,Zimbabwe,"Zahur Ahmed Chowdhury Stadium, Chattogram",1585.72,1572.32,13.4,0.6,0.6,0.6,0.6,157.4,132.6,0.6667,21,158.5,0.3333,6,1
1431120,2024-05-07,Japan,Mongolia,Sano International Cricket Ground,1441.89,1489.59,-47.7,0.4,0.0,0.4,0.0,178.6,41.0,0.5,0,127.14,0.4286,7,1
1431121,2024-05-08,Japan,Mongolia,Sano International Cricket Ground,1460.07,1471.41,-11.34,0.6,0.0,0.4,0.0,182.6,37.0,1.0,1,136.12,0.5,8,1
1431123,2024-05-09,Mongolia,Japan,Sano International Cricket Ground,1454.88,1476.59,-21.71,0.0,0.6,0.0,0.4,28.67,174.4,0.0,2,145.11,0.5556,9,0
1432194,2024-05-09,France,Malta,Dreux Sport Cricket Club,1482.5,1473.31,9.19,0.4,0.4,0.5,0.5,151.4,153.8,0.5,4,149.66,0.4907,0,1
1432195,2024-05-09,France,Malta,Dreux Sport Cricket Club,1498.08,1457.74,40.34,0.4,0.2,0.6,0.4,148.0,146.6,0.6,5,136.0,1.0,1,1
1425129,2024-05-10,Bangladesh,Zimbabwe,"Shere Bangla National Stadium, Mirpur",1601.1,1556.93,44.17,0.8,0.4,0.6,0.6,149.8,145.6,0.6818,22,137.1,0.4762,21,1
1426830,2024-05-10,Pakistan,Ireland,"Castle Avenue, Dublin",1624.53,1523.59,100.94,0.6,0.4,0.3,0.6,151.2,149.0,1.0,1,134.5,0.5,2,0
1432197,2024-05-10,Belgium,Malta,Dreux Sport Cricket Club,1548.17,1443.59,104.59,0.4,0.0,0.6,0.3,147.0,133.2,0.6,5,153.0,1.0,2,1
1431124,2024-05-11,Japan,Mongolia,Sano International Cricket Ground,1491.59,1439.88,51.71,0.8,0.0,0.5,0.0,154.2,28.0,1.0,3,133.2,0.5,10,1
1431125,2024-05-11,Japan,Mongolia,Sano International Cricket Ground,1505.23,1426.25,78.98,0.8,0.0,0.6,0.0,170.2,31.0,1.0,4,141.36,0.5455,11,1
1432198,2024-05-11,Malta,Belgium,Dreux Sport Cricket Club,1432.26,1559.5,-127.24,0.0,0.4,0.3,0.6,135.4,143.2,0.3333,6,149.33,1.0,3,0
1432199,2024-05-11,Belgium,France,Dreux Sport Cricket Club,1569.89,1512.23,57.66,0.6,0.4,0.7,0.6,154.0,143.8,0.5,0,152.75,0.75,4,0
1425130,2024-05-12,Bangladesh,Zimbabwe,"Shere Bangla National Stadium, Mirpur",1615.08,1542.96,72.12,0.8,0.2,0.7,0.5,144.4,134.0,0.6957,23,137.36,0.5,22,0
1426831,2024-05-12,Ireland,Pakistan,"Castle Avenue, Dublin",1544.11,1604.01,-59.9,0.6,0.4,0.6,0.3,157.8,160.8,0.5,2,150.33,0.3333,3,0
1431126,2024-05-12,Japan,Mongolia,Sano International Cricket Ground,1517.65,1413.82,103.83,1.0,0.0,0.7,0.0,176.4,34.4,1.0,5,147.58,0.5833,12,1
1432200,2024-05-12,France,Belgium,Dreux Sport Cricket Club,1530.86,1551.25,-20.4,0.6,0.4,0.7,0.6,137.0,146.6,1.0,1,144.6,0.6,5,0
1426832,2024-05-14,Ireland,Pakistan,"Castle Avenue, Dublin",1530.84,1617.27,-86.43,0.6,0.4,0.5,0.4,166.0,181.4,0.3333,3,161.0,0.25,4,0
1428151,2024-05-18,Netherlands,Scotland,"Sportpark Westvliet, The Hague",1590.9,1589.78,1.12,0.8,0.8,0.5,0.8,179.6,146.8,0.4545,11,147.5,0.5,2,1
1428152,2024-05-19,Ireland,Netherlands,"Sportpark Westvliet, The Hague",1518.74,1606.85,-88.1,0.6,0.8,0.4,0.6,172.2,181.4,0.4167,12,154.0,0.6667,3,1
1425131,2024-05-21,Bangladesh,United States of America,Prairie View Cricket Complex,1595.8,1563.91,31.89,0.8,0.8,0.6,0.6,146.6,156.6,0.5,0,172.25,0.5,4,0
1428154,2024-05-22,Scotland,Netherlands,"Sportpark Westvliet, The Hague",1573.83,1586.87,-13.04,0.6,0.6,0.8,0.6,140.2,174.4,0.5,12,153.0,0.75,4,1
1425132,2024-05-23,United States of America,Bangladesh,Prairie View Cricket Complex,1581.37,1578.34,3.03,1.0,0.6,0.7,0.5,169.4,152.0,1.0,1,168.4,0.4,5,1
1428155,2024-05-23,Scotland,Ireland,"Sportpark Westvliet, The Hague",1590.43,1538.71,51.72,0.6,0.6,0.8,0.4,129.2,169.0,0.3333,9,154.0,0.8,5,0
1433362,2024-05-23,West Indies,South Africa,"Sabina Park, Kingston, Jamaica",1590.56,1603.78,-13.22,0.4,0.4,0.5,0.3,190.8,168.0,0.4211,19,181.67,0.6667,3,1
1428156,2024-05-24,Ireland,Netherlands,"Sportpark Westvliet, The Hague",1557.08,1570.27,-13.19,0.6,0.4,0.5,0.6,172.4,142.4,0.4615,13,154.5,0.6667,6,1
1434155,2024-05-24,Bulgaria,Gibraltar,"Moara Vlasiei Cricket Ground, Ilfov County",1436.67,1383.11,53.55,0.4,0.6,0.4,0.5,116.2,135.2,0.6667,3,167.64,0.5714,14,0
1434157,2024-05-24,Bulgaria,Romania,"Moara Vlasiei Cricket Ground, Ilfov County",1418.22,1530.61,-112.39,0.4,0.6,0.4,0.4,136.4,154.8,0.2,5,168.07,0.5333,15,0
1385688,2024-05-25,England,Pakistan,"Edgbaston, Birmingham",1617.0,1629.37,-12.37,0.4,0.6,0.4,0.5,192.4,182.0,0.6667,27,186.0,1.0,2,1
1425133,2024-05-25,United States of America,Bangladesh,Prairie View Cricket Complex,1597.23,1562.48,34.76,1.0,0.4,0.7,0.5,171.6,151.2,1.0,2,164.33,0.5,6,0
1433363,2024-05-25,West Indies,South Africa,"Sabina Park, Kingston, Jamaica",1607.17,1587.17,20.0,0.6,0.4,0.6,0.3,187.4,164.6,0.45,20,180.0,0.75,4,1
1434160,2024-05-25,Romania,Gibraltar,"Moara Vlasiei Cricket Ground, Ilfov County",1541.61,1401.56,140.05,0.8,0.8,0.5,0.6,138.4,138.4,1.0,1,162.5,0.5,16,0
1433364,2024-05-26,South Africa,West Indies,"Sabina Park, Kingston, Jamaica",1572.09,1622.25,-50.16,0.4,0.6,0.3,0.6,164.8,202.2,0.5238,21,185.4,0.8,5,0
1434161,2024-05-26,Romania,Bulgaria,"Moara Vlasiei Cricket Ground, Ilfov County",1519.48,1407.22,112.26,0.8,0.4,0.5,0.4,142.6,128.8,0.8333,6,162.82,0.4706,17,1
1385690,2024-05-30,Pakistan,England,"Kennington Oval, London",1612.8,1633.57,-20.77,0.6,0.6,0.5,0.5,179.2,194.8,0.3214,28,149.87,0.4914,0,0
1415701,2024-06-01,Canada,United States of America,"Grand Prairie Stadium, Dallas",1538.18,1579.64,-41.45,0.2,0.8,0.5,0.6,155.2,146.4,0.3333,6,149.87,0.4911,0,0
1415702,2024-06-02,Papua New Guinea,West Indies,"Providence Stadium, Guyana",1583.16,1635.96,-52.8,0.6,0.8,0.6,0.6,142.4,194.8,0.5,0,155.4,0.2,5,0
1415704,2024-06-03,Sri Lanka,South Africa,"Nassau County International Cricket Stadium, New York",1564.04,1558.39,5.65,0.6,0.2,0.5,0.2,161.2,166.6,0.3125,16,149.89,0.4906,0,0
1415707,2024-06-04,Nepal,Netherlands,"Grand Prairie Stadium, Dallas",1605.78,1553.67,52.12,0.6,0.4,0.5,0.6,132.0,150.0,0.4444,9,194.0,0.0,1,0
1415708,2024-06-05,Ireland,India,"Nassau County International Cricket Stadium, New York",1573.69,1743.45,-169.77,0.6,0.6,0.6,0.8,168.0,187.4,0.0,7,77.0,0.0,1,0
1415709,2024-06-05,Papua New Guinea,Uganda,"Providence Stadium, Guyana",1569.57,1797.83,-228.25,0.6,0.8,0.5,0.8,147.0,144.4,1.0,1,152.17,0.1667,6,0
1415710,2024-06-05,Australia,Oman,"Kensington Oval, Bridgetown, Barbados",1695.01,1613.67,81.34,0.8,0.8,0.6,0.7,186.4,156.4,0.5,0,173.5,0.6667,6,1
1415712,2024-06-06,Namibia,Scotland,"Kensington Oval, Bridgetown, Barbados",1624.17,1572.07,52.1,0.6,0.6,0.5,0.7,144.4,131.2,1.0,3,172.14,0.7143,7,0
1415713,2024-06-07,Canada,Ireland,"Nassau County International Cricket Stadium, New York",1524.08,1564.94,-40.85,0.0,0.6,0.4,0.6,167.6,148.6,0.3333,3,86.5,0.0,2,1
1415715,2024-06-07,Sri Lanka,Bangladesh,"Grand Prairie Stadium, Dallas",1547.78,1580.07,-32.29,0.6,0.4,0.4,0.6,142.0,139.8,0.6875,16,150.0,0.0,2,0
1415716,2024-06-08,Netherlands,South Africa,"Nassau County International Cricket Stadium, New York",1572.05,1574.65,-2.6,0.4,0.4,0.6,0.3,134.0,163.6,0.5,2,103.33,0.3333,3,0
1415717,2024-06-08,Australia,England,"Kensington Oval, Bridgetown, Barbados",1707.33,1648.62,58.72,0.8,0.8,0.7,0.5,171.0,193.2,0.4762,21,170.0,0.625,8,1
1415718,2024-06-08,West Indies,Uganda,"Providence Stadium, Guyana",1649.54,1804.61,-155.06,1.0,0.8,0.6,0.8,180.8,146.8,0.5,0,141.43,0.1429,7,1
1415719,2024-06-09,India,Pakistan,"Nassau County International Cricket Stadium, New York",1752.2,1597.76,154.44,0.8,0.4,0.8,0.5,162.4,175.0,0.7273,11,103.25,0.25,4,1
1415720,2024-06-09,Oman,Scotland,"Sir Vivian Richards Stadium, North Sound, Antigua",1601.35,1590.45,10.9,0.6,0.6,0.6,0.7,150.6,138.4,0.0,4,124.67,0.5,6,0
1436471,2024-06-09,Italy,Luxembourg,Roma Cricket Ground,1552.04,1443.6,108.44,0.6,0.6,0.5,0.4,144.2,163.2,0.5,0,149.76,0.49,0,1
1436472,2024-06-09,Portugal,Hungary,"Simar Cricket Ground, Rome",1594.95,1460.82,134.13,1.0,0.4,0.9,0.4,140.2,140.6,0.5,0,149.77,0.4902,0,1
1436473,2024-06-09,France,Isle of Man,Roma Cricket Ground,1515.8,1520.48,-4.69,0.6,0.0,0.6,0.5,127.4,85.0,0.5,0,166.0,1.0,1,1
1436474,2024-06-09,Austria,Romania,"Simar Cricket Ground, Rome",1493.8,1530.49,-36.68,0.0,0.8,0.3,0.6,89.6,157.8,0.5,0,147.0,1.0,1,0
1415721,2024-06-10,South Africa,Bangladesh,"Nassau County International Cricket Stadium, New York",1590.53,1594.59,-4.06,0.4,0.4,0.4,0.6,137.4,136.2,1.0,8,106.4,0.4,5,1
1436475,2024-06-10,Israel,Austria,Roma Cricket Ground,1489.84,1479.49,10.35,0.3333,0.0,0.3333,0.2,133.33,102.6,0.5,0,157.5,1.0,2,0
1436476,2024-06-10,Isle of Man,Turkey,"Simar Cricket Ground, Rome",1504.27,1428.6,75.67,0.0,0.2,0.4,0.1429,91.4,98.2,1.0,1,158.0,0.5,2,1
1436477,2024-06-10,Portugal,Romania,Roma Cricket Ground,1605.06,1544.8,60.26,1.0,0.8,1.0,0.7,137.6,160.0,0.5,0,140.67,0.6667,3,0
1436478,2024-06-10,France,Italy,"Simar Cricket Ground, Rome",1532.01,1563.2,-31.19,0.8,0.8,0.6,0.5,141.6,147.2,0.5,0,166.0,0.6667,3,0
1415722,2024-06-11,Canada,Pakistan,"Nassau County International Cricket Stadium, New York",1541.96,1588.44,-46.48,0.2,0.4,0.5,0.4,168.6,161.2,0.5,0,107.5,0.5,6,0
1415724,2024-06-11,Namibia,Australia,"Sir Vivian Richards Stadium, North Sound, Antigua",1605.79,1720.66,-114.87,0.4,1.0,0.5,0.7,152.6,174.6,0.5,0,128.29,0.4286,7,0
1415725,2024-06-12,United States of America,India,"Nassau County International Cricket Stadium, New York",1593.74,1761.53,-167.79,0.8,0.8,0.7,0.8,154.0,151.4,0.5,0,107.29,0.4286,7,0
1415726,2024-06-12,West Indies,New Zealand,"Brian Lara Stadium, Tarouba, Trinidad",1672.24,1640.56,31.68,1.0,0.4,0.7,0.4,171.4,142.8,0.2857,14,184.5,0.75,4,1
1436479,2024-06-12,Isle of Man,Italy,Roma Cricket Ground,1516.84,1577.77,-60.93,0.2,0.8,0.4,0.6,114.6,134.2,0.0,1,141.0,0.5,4,0
1436480,2024-06-12,Portugal,Austria,"Simar Cricket Ground, Rome",1586.32,1495.96,90.35,0.8,0.2,0.9,0.2,133.6,108.0,0.5,0,153.5,0.5,4,0
1436481,2024-06-12,Luxembourg,Turkey,Roma Cricket Ground,1432.44,1416.03,16.41,0.4,0.2,0.4,0.125,148.4,108.8,0.5,0,129.8,0.4,5,1
1436482,2024-06-12,Israel,Hungary,"Simar Cricket Ground, Rome",1473.36,1450.71,22.66,0.25,0.4,0.25,0.3,126.75,140.2,1.0,1,147.8,0.4,5,0
1415727,2024-06-13,Bangladesh,Netherlands,"Arnos Vale Ground, Kingstown, St Vincent",1578.4,1556.17,22.24,0.4,0.2,0.6,0.5,126.6,121.2,0.75,4,149.6,0.4894,0,1
1415728,2024-06-13,Oman,England,"Sir Vivian Richards Stadium, North Sound, Antigua",1584.85,1635.3,-50.45,0.4,0.6,0.5,0.4,151.2,181.0,0.5,0,121.25,0.375,8,0
1436483,2024-06-13,Hungary,Romania,Roma Cricket Ground,1467.75,1563.55,-95.8,0.6,0.8,0.3,0.7,134.0,151.2,0.5,2,132.67,0.5,6,0
1436484,2024-06-13,France,Luxembourg,"Simar Cricket Ground, Rome",1517.44,1447.69,69.76,0.6,0.4,0.5,0.4,137.6,139.6,0.6667,3,143.5,0.3333,6,1
1436485,2024-06-13,Portugal,Israel,Roma Cricket Ground,1566.25,1456.32,109.93,0.6,0.2,0.8,0.2,140.0,125.8,0.5,0,129.43,0.4286,7,0
1436486,2024-06-13,Turkey,Italy,"Simar Cricket Ground, Rome",1400.78,1590.99,-190.21,0.2,1.0,0.1111,0.7,104.2,133.6,0.5,0,143.71,0.4286,7,0
1415731,2024-06-14,South Africa,Nepal,"Arnos Vale Ground, Kingstown, St Vincent",1606.71,1587.4,19.32,0.6,0.4,0.5,0.5,130.6,111.2,0.5,0,159.0,1.0,1,1
1415732,2024-06-14,Uganda,New Zealand,"Brian Lara Stadium, Tarouba, Trinidad",1781.9,1626.02,155.89,0.6,0.4,0.8,0.3,120.8,150.4,0.5,0,177.4,0.8,5,0
1438257,2024-06-14,Norway,Finland,Kerava National Cricket Ground,1447.29,1464.91,-17.62,0.4,0.4,0.4,0.4,120.6,108.6,1.0,1,138.41,0.4444,27,1
1415734,2024-06-15,England,Namibia,"Sir Vivian Richards Stadium, North Sound, Antigua",1648.99,1594.89,54.1,0.6,0.4,0.5,0.5,137.6,140.8,0.5,0,113.0,0.3333,9,1
1415735,2024-06-15,Scotland,Australia,"Daren Sammy National Cricket Stadium, Gros Islet, St Lucia",1606.95,1731.55,-124.6,0.6,1.0,0.7,0.8,150.2,146.2,0.5,0,174.0,0.8,5,0
1436487,2024-06-15,Isle of Man,Luxembourg,Roma Cricket Ground,1503.61,1434.86,68.76,0.2,0.4,0.3,0.4,108.4,136.2,0.5,0,128.0,0.375,8,1
1436488,2024-06-15,Austria,Hungary,"Simar Cricket Ground, Rome",1516.03,1456.05,59.98,0.4,0.6,0.2,0.3,114.0,128.4,0.5,0,136.5,0.375,8,1
1436489,2024-06-15,France,Turkey,Roma Cricket Ground,1530.27,1392.76,137.51,0.6,0.2,0.5,0.1,132.6,99.2,0.5,0,130.89,0.4444,9,1
1436490,2024-06-15,Romania,Israel,"Simar Cricket Ground, Rome",1575.25,1477.22,98.03,0.8,0.4,0.8,0.3333,157.4,126.8,0.5,0,142.11,0.4444,9,1
1438259,2024-06-15,Finland,Norway,Kerava National Cricket Ground,1448.1,1464.1,-16.0,0.2,0.6,0.4,0.4,106.0,125.4,0.0,2,139.57,0.4643,28,0
1415736,2024-06-16,Ireland,Pakistan,"Central Broward Regional Park Stadium Turf Ground, Lauderhill",1547.06,1602.31,-55.25,0.6,0.4,0.6,0.4,138.0,143.6,0.25,4,176.67,0.6667,6,0
1415737,2024-06-16,Bangladesh,Nepal,"Arnos Vale Ground, Kingstown, St Vincent",1593.38,1572.29,21.09,0.6,0.2,0.6,0.5,127.8,110.6,1.0,1,137.0,1.0,2,1
1415738,2024-06-16,Sri Lanka,Netherlands,"Daren Sammy National Cricket Stadium, Gros Islet, St Lucia",1533.26,1541.19,-7.93,0.4,0.2,0.4,0.4,149.2,118.2,1.0,3,175.0,0.6667,6,1
1436491,2024-06-16,Luxembourg,Israel,Roma Cricket Ground,1421.98,1465.62,-43.63,0.4,0.4,0.4,0.2857,124.8,127.8,0.5,0,134.5,0.5,10,0
1436492,2024-06-16,France,Austria,"Simar Cricket Ground, Rome",1540.25,1529.3,10.95,0.6,0.6,0.6,0.3,143.2,132.0,0.5,0,142.8,0.5,10,0
1436493,2024-06-16,Portugal,Isle of Man,Roma Cricket Ground,1545.35,1516.49,28.86,0.4,0.4,0.7,0.3,132.2,112.8,0.5,0,137.91,0.4545,11,1
1436494,2024-06-16,Italy,Romania,"Simar Cricket Ground, Rome",1599.02,1586.85,12.17,1.0,1.0,0.8,0.9,121.6,153.6,0.5,0,140.91,0.4545,11,1
1438073,2024-06-16,Denmark,Jersey,"Svanholm Park, Brondby",1461.44,1533.74,-72.3,0.2,0.4,0.4,0.4,120.6,152.6,0.0,4,133.78,0.3333,9,0
1438074,2024-06-16,Jersey,Denmark,"Svanholm Park, Brondby",1546.46,1448.72,97.73,0.6,0.2,0.5,0.3,161.4,119.6,1.0,5,132.3,0.3,10,1
1438262,2024-06-16,Finland,Norway,Kerava National Cricket Ground,1432.84,1479.36,-46.53,0.0,0.6,0.4,0.5,97.8,114.4,0.0,3,138.83,0.4483,29,0
1415739,2024-06-17,Papua New Guinea,New Zealand,"Brian Lara Stadium, Tarouba, Trinidad",1562.79,1648.75,-85.96,0.4,0.6,0.4,0.3,137.6,140.6,0.5,0,154.5,0.6667,6,0
1438075,2024-06-17,Cyprus,Estonia,Happy Valley Ground,1494.15,1387.15,107.0,0.4,0.2,0.5,0.1,146.0,129.0,1.0,3,117.43,0.1429,7,0
1438076,2024-06-17,Cyprus,Estonia,Happy Valley Ground,1473.37,1407.93,65.44,0.4,0.4,0.4,0.2,161.0,148.0,0.75,4,127.12,0.125,8,0
1438077,2024-06-18,Cyprus,Estonia,Happy Valley Ground,1454.39,1426.91,27.49,0.2,0.6,0.3,0.3,168.4,158.4,0.6,5,134.22,0.1111,9,1
1438078,2024-06-18,Estonia,Cyprus,Happy Valley Ground,1412.17,1469.13,-56.96,0.6,0.2,0.3,0.4,170.6,165.0,0.3333,6,137.4,0.2,10,1
1415741,2024-06-19,South Africa,United States of America,"Sir Vivian Richards Stadium, North Sound, Antigua",1621.83,1584.92,36.91,0.8,0.6,0.6,0.7,115.4,142.2,0.5,0,113.9,0.4,10,1
1415742,2024-06-19,West Indies,England,"Daren Sammy National Cricket Stadium, Gros Islet, St Lucia",1686.79,1662.52,24.27,1.0,0.8,0.8,0.6,166.2,135.6,0.5862,29,178.71,0.7143,7,0
1438079,2024-06-19,Estonia,Cyprus,Happy Valley Ground,1430.77,1450.53,-19.76,0.8,0.2,0.4,0.4,169.6,163.6,0.4286,7,138.0,0.2727,11,0
1438080,2024-06-19,Estonia,Cyprus,Happy Valley Ground,1415.68,1465.62,-49.94,0.6,0.4,0.4,0.4,166.6,163.4,0.375,8,138.58,0.25,12,1
1415744,2024-06-20,Bangladesh,Australia,"Sir Vivian Richards Stadium, North Sound, Antigua",1608.41,1742.05,-133.63,0.8,1.0,0.6,0.9,121.4,148.6,0.4,10,121.18,0.4545,11,0
1415745,2024-06-21,South Africa,England,"Daren Sammy National Cricket Stadium, Gros Islet, St Lucia",1636.13,1679.63,-43.5,1.0,0.8,0.6,0.7,121.6,135.2,0.5,24,178.88,0.625,8,1
1415746,2024-06-21,United States of America,West Indies,"Kensington Oval, Bridgetown, Barbados",1570.61,1669.67,-99.06,0.4,0.8,0.7,0.7,146.2,160.8,0.5,0,173.44,0.6667,9,0
1415747,2024-06-22,India,Bangladesh,"Sir Vivian Richards Stadium, North Sound, Antigua",1770.35,1598.28,172.07,0.8,0.6,0.8,0.5,141.6,127.8,0.9231,13,122.75,0.4167,12,1
1440129,2024-06-22,Guernsey,Jersey,"King George V Sports Ground, Castel",1568.23,1558.07,10.16,0.8,0.6,0.7,0.5,129.6,163.0,0.0,1,149.55,0.4898,0,0
1440130,2024-06-22,Guernsey,Jersey,"King George V Sports Ground, Castel",1551.76,1574.54,-22.78,0.6,0.6,0.6,0.5,148.8,162.6,0.0,2,156.0,0.0,1,0
1415749,2024-06-23,United States of America,England,"Kensington Oval, Bridgetown, Barbados",1559.05,1661.64,-102.59,0.2,0.6,0.6,0.7,143.0,134.8,0.5,0,168.9,0.6,10,0
1415750,2024-06-23,West Indies,South Africa,"Sir Vivian Richards Stadium, North Sound, Antigua",1681.23,1654.13,27.11,0.8,1.0,0.8,0.7,153.8,138.2,0.5,22,128.38,0.4615,13,0
1440131,2024-06-23,Jersey,Guernsey,"Guernsey Rovers Athletic Club Ground, Port Soif",1589.49,1536.81,52.68,0.8,0.4,0.6,0.6,151.0,145.0,1.0,3,149.53,0.4889,0,0
1415751,2024-06-24,India,Australia,"Daren Sammy National Cricket Stadium, Gros Islet, St Lucia",1779.01,1752.18,26.84,1.0,1.0,0.8,0.9,144.8,145.0,0.6333,30,177.11,0.6667,9,1
1415754,2024-06-27,India,England,"Providence Stadium, Guyana",1793.78,1673.05,120.73,1.0,0.8,0.8,0.7,145.6,125.2,0.5217,23,145.38,0.25,8,1
1441133,2024-06-28,Malawi,Rwanda,"Sikh Union Club Ground, Nairobi",1517.74,1368.62,149.12,0.6,0.0,0.5714,0.2,108.2,84.2,1.0,1,149.56,0.4891,0,1
1415755,2024-06-29,India,South Africa,"Kensington Oval, Bridgetown, Barbados",1804.43,1671.37,133.06,1.0,1.0,0.9,0.7,160.4,141.8,0.56,25,164.0,0.5455,11,1
1441135,2024-06-29,Rwanda,Kenya,"Sikh Union Club Ground, Nairobi",1359.1,1551.22,-192.13,0.0,0.2,0.2,0.4,80.4,109.0,0.0,4,176.0,1.0,1,0
1441136,2024-07-01,Malawi,Kenya,"Sikh Union Club Ground, Nairobi",1527.27,1559.18,-31.91,0.8,0.4,0.625,0.4,124.4,113.4,0.5,0,150.5,0.5,2,0
1441140,2024-07-03,Rwanda,Kenya,"Sikh Union Club Ground, Nairobi",1351.14,1573.71,-222.57,0.0,0.6,0.1,0.4,96.2,115.2,0.0,5,134.67,0.3333,3,0
1441145,2024-07-05,Kenya,Rwanda,"Sikh Union Club Ground, Nairobi",1580.67,1344.18,236.48,0.6,0.0,0.4,0.0,126.6,115.6,1.0,6,143.0,0.25,4,1
1420223,2024-07-06,Zimbabwe,India,Harare Sports Club,1562.23,1814.59,-252.36,0.2,1.0,0.6,0.9,142.8,171.8,0.25,8,156.5,0.5526,38,1
1420224,2024-07-07,India,Zimbabwe,Harare Sports Club,1788.66,1588.17,200.49,0.8,0.4,0.8,0.6,170.0,141.0,0.6667,9,155.44,0.5641,39,1
1439813,2024-07-07,Jersey,Serbia,Bayer Uerdingen Cricket Ground,1571.08,1427.25,143.83,0.8,0.6,0.6,0.5,152.4,123.0,0.5,0,131.87,0.5333,15,1
1439815,2024-07-07,Switzerland,Belgium,Bayer Uerdingen Cricket Ground,1567.65,1566.32,1.34,1.0,0.6,0.7,0.6,146.4,136.2,0.5,0,138.19,0.5625,16,0
1439814,2024-07-08,Germany,Gibraltar,Bayer Uerdingen Cricket Ground,1561.58,1423.68,137.9,0.2,0.8,0.5,0.6,141.2,150.6,0.5,0,140.18,0.5294,17,1
1439816,2024-07-08,Norway,Sweden,Bayer Uerdingen Cricket Ground,1493.23,1494.02,-0.79,0.8,0.8,0.6,0.4,122.4,102.8,0.5,0,142.56,0.5556,18,1
1439818,2024-07-08,Croatia,Belgium,Bayer Uerdingen Cricket Ground,1399.23,1582.38,-183.15,0.0,0.8,0.2,0.6,72.2,142.0,0.5,0,144.79,0.5789,19,1
1439817,2024-07-09,Slovenia,Norway,Bayer Uerdingen Cricket Ground,1438.25,1509.27,-71.02,0.0,1.0,0.0,0.7,98.0,139.6,0.5,0,144.55,0.6,20,0
1439819,2024-07-09,Germany,Sweden,Bayer Uerdingen Cricket Ground,1571.55,1477.98,93.56,0.4,0.6,0.5,0.4,150.0,115.2,1.0,2,140.0,0.5714,21,1
1439820,2024-07-09,Jersey,Switzerland,Bayer Uerdingen Cricket Ground,1580.81,1551.59,29.22,0.8,0.8,0.7,0.6,174.6,153.0,0.5,0,143.64,0.5909,22,1
1420225,2024-07-10,India,Zimbabwe,Harare Sports Club,1796.33,1580.49,215.83,0.8,0.4,0.9,0.5,177.6,140.2,0.7,10,157.4,0.575,40,1
1439821,2024-07-10,Jersey,Belgium,Bayer Uerdingen Cricket Ground,1595.47,1558.65,36.82,0.8,0.6,0.7,0.5,178.8,133.6,0.5,0,146.91,0.6087,23,1
1439823,2024-07-10,Croatia,Serbia,Bayer Uerdingen Cricket Ground,1422.96,1417.52,5.44,0.2,0.4,0.3,0.5,85.2,100.4,0.5,2,149.04,0.625,24,1
1439824,2024-07-10,Gibraltar,Slovenia,Bayer Uerdingen Cricket Ground,1413.72,1425.48,-11.76,0.6,0.0,0.6,0.0,161.8,88.2,0.5,0,147.2,0.64,25,0
1439822,2024-07-11,Norway,Germany,Bayer Uerdingen Cricket Ground,1522.05,1583.34,-61.29,1.0,0.6,0.7,0.5,128.6,165.8,0.25,4,146.77,0.6154,26,1
1439825,2024-07-11,Gibraltar,Sweden,Bayer Uerdingen Cricket Ground,1398.26,1466.19,-67.93,0.4,0.6,0.6,0.4,154.6,143.2,0.5,0,147.33,0.6296,27,0
1439826,2024-07-11,Switzerland,Serbia,Bayer Uerdingen Cricket Ground,1536.93,1401.77,135.16,0.6,0.2,0.5,0.4,139.6,81.8,0.5,0,145.61,0.6071,28,1
1439829,2024-07-12,Belgium,Serbia,Bayer Uerdingen Cricket Ground,1544.34,1391.7,152.63,0.4,0.0,0.5,0.4,118.2,87.6,0.5,0,145.62,0.6207,29,1
1442735,2024-07-12,Kenya,Nigeria,"Sikh Union Club Ground, Nairobi",1587.2,1535.13,52.07,0.8,0.2,0.5,0.4,137.8,100.2,0.8333,6,150.8,0.4,5,1
1420226,2024-07-13,Zimbabwe,India,Harare Sports Club,1573.33,1803.5,-230.17,0.4,0.8,0.4,0.9,140.8,173.0,0.2727,11,158.0,0.5854,41,0
1439830,2024-07-13,Norway,Gibraltar,Bayer Uerdingen Cricket Ground,1540.84,1385.35,155.49,1.0,0.4,0.8,0.5,126.8,143.6,0.5,0,146.73,0.6333,30,1
1439831,2024-07-13,Croatia,Switzerland,Bayer Uerdingen Cricket Ground,1438.71,1547.01,-108.29,0.4,0.6,0.3,0.6,89.2,138.6,0.5,0,147.65,0.6452,31,0
1439832,2024-07-13,Slovenia,Sweden,Bayer Uerdingen Cricket Ground,1440.94,1479.1,-38.17,0.2,0.6,0.1667,0.5,101.0,133.8,0.5,0,146.28,0.625,32,0
1442736,2024-07-13,Nigeria,Kenya,"Sikh Union Club Ground, Nairobi",1521.51,1600.82,-79.31,0.2,1.0,0.3,0.6,104.2,149.6,0.1429,7,152.17,0.5,6,0
1420227,2024-07-14,India,Zimbabwe,Harare Sports Club,1810.22,1566.61,243.61,0.8,0.4,0.9,0.3,170.0,143.6,0.75,12,157.86,0.5714,42,1
1439833,2024-07-14,Croatia,Germany,Bayer Uerdingen Cricket Ground,1427.54,1564.55,-137.0,0.4,0.4,0.3,0.5,94.8,176.0,0.5,0,144.91,0.6061,33,0
1439836,2024-07-14,Norway,Jersey,Bayer Uerdingen Cricket Ground,1550.12,1609.78,-59.66,1.0,0.8,0.8,0.7,138.0,187.0,0.0,1,143.53,0.5882,34,0
1442737,2024-07-15,Kenya,Nigeria,"Sikh Union Club Ground, Nairobi",1613.23,1509.1,104.13,1.0,0.2,0.7,0.2,151.2,112.8,0.875,8,149.86,0.4286,7,0
1442738,2024-07-16,Nigeria,Kenya,"Sikh Union Club Ground, Nairobi",1529.76,1592.57,-62.81,0.4,0.8,0.3,0.7,126.0,159.8,0.2222,9,149.75,0.375,8,1
1442739,2024-07-17,Nigeria,Kenya,"Sikh Union Club Ground, Nairobi",1548.62,1573.71,-25.09,0.4,0.6,0.3,0.6,132.4,154.2,0.3,10,150.67,0.4444,9,0
1442987,2024-07-27,India,Sri Lanka,Pallekele International Cricket Stadium,1816.53,1549.63,266.91,0.8,0.4,0.9,0.5,168.2,148.2,0.6786,28,174.15,0.6,20,1
1442988,2024-07-28,Sri Lanka,India,Pallekele International Cricket Stadium,1543.96,1822.2,-278.24,0.4,1.0,0.5,0.9,149.2,190.4,0.3103,29,176.0,0.619,21,0
1444947,2024-08-02,Croatia,Spain,"Mladost Cricket Ground, Zagreb",1417.54,1648.5,-230.95,0.4,1.0,0.3,0.8,101.6,122.0,0.5,0,149.65,0.4907,0,0
1444948,2024-08-03,Croatia,Spain,"Mladost Cricket Ground, Zagreb",1410.85,1655.19,-244.35,0.4,1.0,0.2,0.8,114.0,123.6,0.0,1,125.0,0.0,1,0
1444949,2024-08-03,Croatia,Spain,"Mladost Cricket Ground, Zagreb",1404.55,1661.49,-256.94,0.2,1.0,0.2,0.9,96.4,107.2,0.0,2,88.5,0.0,2,0
1444950,2024-08-04,Spain,Croatia,"Mladost Cricket Ground, Zagreb",1667.43,1398.61,268.82,1.0,0.0,0.9,0.2,114.8,85.2,1.0,3,74.67,0.0,3,1
1444951,2024-08-04,Spain,Croatia,"Mladost Cricket Ground, Zagreb",1673.04,1393.0,280.04,1.0,0.0,1.0,0.2,116.4,77.4,1.0,4,107.25,0.25,4,1
1444952,2024-08-17,Vanuatu,Cook Islands,"Faleata Oval No 2, Apia",1451.07,1513.63,-62.55,0.2,0.6,0.3,0.6,108.4,140.2,0.5,2,149.61,0.4905,0,0
1444953,2024-08-17,Fiji,Samoa,"Faleata Oval No 2, Apia",1509.47,1426.16,83.32,0.6,0.0,0.6,0.0,146.2,131.6,1.0,2,180.0,0.0,1,0
1444954,2024-08-19,Samoa,Cook Islands,"Faleata Oval No 2, Apia",1445.92,1526.78,-80.86,0.2,0.8,0.1667,0.6667,119.8,149.0,0.0,1,121.0,0.0,2,0
1444955,2024-08-19,Vanuatu,Fiji,"Faleata Oval No 2, Apia",1437.92,1489.71,-51.79,0.0,0.4,0.3,0.5,118.8,130.0,1.0,1,115.33,0.0,3,1
1444956,2024-08-20,Samoa,Vanuatu,"Faleata Oval No 2, Apia",1433.58,1456.29,-22.71,0.2,0.2,0.1429,0.4,112.2,131.0,0.0,2,125.75,0.25,4,1
1444957,2024-08-20,Fiji,Cook Islands,"Faleata Oval No 2, Apia",1471.34,1539.12,-67.78,0.2,0.8,0.4286,0.7143,125.2,144.4,0.5,2,135.4,0.4,5,1
1443766,2024-08-21,Spain,Cyprus,"King George V Sports Ground, Castel",1678.37,1447.34,231.03,1.0,0.4,1.0,0.4,133.4,155.4,0.5,0,145.0,0.0,2,1
1443767,2024-08-21,Bulgaria,Guernsey,"Guernsey Rovers Athletic Club Ground, Port Soif",1396.22,1555.22,-159.0,0.2,0.6,0.3,0.6,137.2,155.2,0.0,1,148.0,0.0,1,0
1443768,2024-08-21,Denmark,Czech Republic,"King George V Sports Ground, Castel",1437.11,1547.95,-110.84,0.0,0.8,0.2,0.8,120.4,135.6,0.5,0,147.33,0.3333,3,1
1443769,2024-08-21,Malta,Finland,"Guernsey Rovers Athletic Club Ground, Port Soif",1421.87,1418.97,2.91,0.0,0.0,0.2,0.3,136.8,100.2,0.5,0,122.5,0.0,2,0
1444958,2024-08-21,Samoa,Fiji,"Faleata Oval No 2, Apia",1450.62,1490.42,-39.8,0.4,0.4,0.25,0.5,115.6,130.0,0.3333,3,141.67,0.5,6,1
1444959,2024-08-21,Vanuatu,Cook Islands,"Faleata Oval No 2, Apia",1439.24,1520.04,-80.79,0.2,0.6,0.4,0.625,143.4,126.6,0.3333,3,147.57,0.5714,7,0
1446771,2024-08-21,Hong Kong,Kuwait,"Selangor Turf Club, Kuala Lumpur",1544.07,1540.53,3.54,0.4,0.6,0.5,0.6,135.0,149.2,1.0,3,149.59,0.4905,0,0
1443770,2024-08-22,Finland,Estonia,"King George V Sports Ground, Castel",1435.1,1433.96,1.14,0.2,0.6,0.4,0.5,105.4,164.6,0.5,0,166.75,0.5,4,0
1443771,2024-08-22,Denmark,Greece,"Guernsey Rovers Athletic Club Ground, Port Soif",1458.05,1450.31,7.74,0.2,0.2,0.3,0.2,140.6,118.8,0.5,0,120.67,0.0,3,1
1443772,2024-08-22,Malta,Guernsey,"King George V Sports Ground, Castel",1405.74,1564.36,-158.63,0.0,0.6,0.2,0.6,123.4,142.0,0.5,0,161.8,0.4,5,0
1443773,2024-08-22,Spain,Czech Republic,"Guernsey Rovers Athletic Club Ground, Port Soif",1685.06,1527.01,158.05,1.0,0.8,1.0,0.7,138.2,136.6,0.5,0,132.0,0.25,4,1
1446772,2024-08-22,Kuwait,Malaysia,"Selangor Turf Club, Kuala Lumpur",1556.69,1518.25,38.45,0.6,0.4,0.6,0.4,161.2,148.2,0.0,3,168.0,0.0,1,0
1433367,2024-08-23,South Africa,West Indies,"Brian Lara Stadium, Tarouba, Trinidad",1661.22,1663.99,-2.77,0.8,0.6,0.7,0.8,153.0,153.4,0.5217,23,143.57,0.5714,7,0
1444960,2024-08-23,Vanuatu,Fiji,"Faleata Oval No 2, Apia",1426.9,1472.6,-45.7,0.2,0.4,0.3,0.4444,146.4,122.6,1.0,2,144.75,0.5,8,0
1444961,2024-08-23,Samoa,Cook Islands,"Faleata Oval No 2, Apia",1468.45,1532.38,-63.93,0.6,0.6,0.3333,0.6667,128.2,122.0,0.0,2,147.33,0.4444,9,0
1446761,2024-08-23,Canada,Netherlands,"Sportpark Maarschalkerweerd, Utrecht",1528.09,1524.82,3.26,0.2,0.2,0.4,0.3,150.0,124.4,0.0,2,149.6,0.4894,0,0
1446773,2024-08-23,Malaysia,Hong Kong,"Selangor Turf Club, Kuala Lumpur",1536.01,1527.91,8.1,0.4,0.4,0.5,0.4,130.2,139.2,0.6364,11,119.0,0.0,2,0
1443775,2024-08-24,Finland,Guernsey,"Guernsey Rovers Athletic Club Ground, Port Soif",1419.05,1573.53,-154.48,0.2,0.6,0.3,0.7,113.4,135.6,0.5,0,141.4,0.4,5,1
1443776,2024-08-24,Greece,Cyprus,"King George V Sports Ground, Castel",1434.66,1440.64,-5.98,0.2,0.4,0.1667,0.3,114.2,144.6,0.5,0,158.0,0.3333,6,0
1443777,2024-08-24,Bulgaria,Estonia,"Guernsey Rovers Athletic Club Ground, Port Soif",1387.07,1450.02,-62.95,0.2,0.6,0.3,0.6,123.4,154.4,0.5,0,132.83,0.5,6,0
1444962,2024-08-24,Fiji,Cook Islands,"Faleata Oval No 2, Apia",1486.51,1545.47,-58.96,0.4,0.8,0.5,0.7,127.0,131.4,0.6667,3,149.5,0.4,10,1
1444963,2024-08-24,Samoa,Vanuatu,"Faleata Oval No 2, Apia",1455.36,1412.99,42.37,0.6,0.2,0.3,0.2,138.6,158.8,0.3333,3,148.18,0.4545,11,1
1446774,2024-08-24,Hong Kong,Kuwait,"Selangor Turf Club, Kuala Lumpur",1544.28,1538.93,5.35,0.6,0.6,0.5,0.6,136.8,139.6,0.75,4,113.0,0.0,3,0
1433368,2024-08-25,West Indies,South Africa,"Brian Lara Stadium, Tarouba, Trinidad",1679.86,1645.34,34.51,0.6,0.6,0.8,0.7,154.0,164.8,0.5,24,147.38,0.5,8,1
1443778,2024-08-25,Malta,Bulgaria,"King George V Sports Ground, Castel",1396.58,1373.94,22.64,0.0,0.0,0.1,0.2,125.8,119.4,1.0,2,149.71,0.2857,7,1
1443779,2024-08-25,Cyprus,Czech Republic,"Guernsey Rovers Athletic Club Ground, Port Soif",1456.37,1517.83,-61.46,0.4,0.6,0.3,0.6,131.8,145.2,0.5,0,132.29,0.4286,7,0
1443780,2024-08-25,Estonia,Guernsey,"King George V Sports Ground, Castel",1463.15,1550.85,-87.7,0.8,0.6,0.7,0.6,149.8,121.6,0.5,0,157.38,0.375,8,0
1443781,2024-08-25,Greece,Spain,"Guernsey Rovers Athletic Club Ground, Port Soif",1418.94,1694.24,-275.31,0.0,1.0,0.1429,1.0,104.8,163.4,0.5,0,124.12,0.375,8,0
1446763,2024-08-25,Netherlands,United States of America,"Sportpark Maarschalkerweerd, Utrecht",1540.97,1547.64,-6.67,0.4,0.2,0.4,0.5,123.4,145.2,1.0,1,152.0,0.0,1,1
1446775,2024-08-25,Kuwait,Malaysia,"Selangor Turf Club, Kuala Lumpur",1555.18,1519.64,35.54,0.6,0.4,0.6,0.4,139.8,121.8,0.0,4,120.75,0.0,4,1
1446764,2024-08-26,Canada,Netherlands,"Sportpark Maarschalkerweerd, Utrecht",1511.94,1557.28,-45.35,0.2,0.4,0.3,0.4,151.4,145.0,0.0,3,184.5,0.5,2,1
1446776,2024-08-26,Hong Kong,Malaysia,"Selangor Turf Club, Kuala Lumpur",1528.04,1505.27,22.77,0.4,0.2,0.4,0.3,136.8,121.6,0.4167,12,129.2,0.2,5,1
1433369,2024-08-27,South Africa,West Indies,"Brian Lara Stadium, Tarouba, Trinidad",1630.93,1694.27,-63.35,0.4,0.6,0.7,0.8,155.8,160.0,0.48,25,150.89,0.5556,9,0
1443782,2024-08-27,Denmark,Cyprus,"King George V Sports Ground, Castel",1473.69,1443.17,30.52,0.4,0.4,0.3,0.3,148.6,121.6,0.5,0,150.89,0.3333,9,1
1443783,2024-08-27,Finland,Bulgaria,"Guernsey Rovers Athletic Club Ground, Port Soif",1441.73,1358.98,82.75,0.4,0.0,0.3,0.2,116.6,114.6,0.5,0,121.0,0.3333,9,1
1443784,2024-08-27,Czech Republic,Greece,"King George V Sports Ground, Castel",1531.02,1413.49,117.53,0.6,0.0,0.7,0.125,122.0,103.8,0.5,0,156.3,0.4,10,1
1443785,2024-08-27,Malta,Estonia,"Guernsey Rovers Athletic Club Ground, Port Soif",1411.53,1451.1,-39.57,0.2,0.6,0.1,0.7,151.2,140.8,0.5,0,128.8,0.4,10,0
1446765,2024-08-27,United States of America,Canada,"Sportpark Westvliet, The Hague",1531.34,1530.01,1.33,0.0,0.4,0.4,0.3,128.8,144.2,0.7143,7,155.43,0.7143,7,1
1446777,2024-08-27,Hong Kong,Kuwait,"Selangor Turf Club, Kuala Lumpur",1542.99,1569.55,-26.56,0.6,0.6,0.5,0.6,141.4,140.2,0.6,5,133.17,0.3333,6,0
1443786,2024-08-28,Spain,Finland,"King George V Sports Ground, Castel",1699.69,1453.99,245.7,1.0,0.6,1.0,0.3,173.0,132.8,0.5,0,156.55,0.4545,11,1
1443787,2024-08-28,Cyprus,Malta,"Guernsey Rovers Athletic Club Ground, Port Soif",1428.57,1397.35,31.22,0.2,0.2,0.3,0.1,104.8,152.4,0.5,0,129.09,0.3636,11,1
1443788,2024-08-28,Czech Republic,Estonia,"Guernsey Rovers Athletic Club Ground, Port Soif",1541.81,1465.29,76.52,0.6,0.8,0.7,0.7,130.2,138.8,1.0,1,129.5,0.4167,12,0
1443789,2024-08-28,Denmark,Guernsey,"King George V Sports Ground, Castel",1488.29,1562.89,-74.61,0.6,0.8,0.4,0.6,163.4,115.2,0.0,1,157.83,0.5,12,0
1446766,2024-08-28,Netherlands,United States of America,"Sportpark Westvliet, The Hague",1539.21,1547.28,-8.07,0.4,0.2,0.3,0.4,149.2,140.4,1.0,2,157.0,0.75,8,1
1447477,2024-08-30,Malaysia,Maldives,"Bayuemas Oval, Kuala Lumpur",1490.32,1309.06,181.26,0.2,0.4,0.3,0.2,120.6,117.4,1.0,1,120.28,0.4483,29,1
1447478,2024-08-30,Myanmar,Hong Kong,"YSD-UKM Cricket Oval, Bangi",1421.05,1528.21,-107.16,0.0,0.4,0.0,0.4,59.4,142.6,0.5,0,149.54,0.4905,0,0
1447479,2024-08-30,Kuwait,Mongolia,"Bayuemas Oval, Kuala Lumpur",1584.33,1402.47,181.86,0.8,0.0,0.7,0.0,138.8,42.8,0.5,0,123.03,0.4667,30,1
1447480,2024-08-31,Singapore,Maldives,"Bayuemas Oval, Kuala Lumpur",1355.54,1300.72,54.82,0.6,0.2,0.3,0.2,163.0,111.8,1.0,1,125.84,0.4839,31,1
1447481,2024-08-31,Myanmar,Malaysia,"YSD-UKM Cricket Oval, Bangi",1409.84,1498.65,-88.82,0.0,0.4,0.0,0.4,54.6,133.2,0.0,1,50.0,0.0,1,0
1447482,2024-08-31,Mongolia,Hong Kong,"Bayuemas Oval, Kuala Lumpur",1394.15,1539.42,-145.27,0.0,0.6,0.0,0.5,50.4,119.2,0.5,0,126.69,0.5,32,0
1447483,2024-09-02,Hong Kong,Singapore,"Bayuemas Oval, Kuala Lumpur",1549.1,1369.04,180.06,0.6,0.6,0.6,0.4,102.4,153.8,0.6667,3,123.36,0.4848,33,1
1447484,2024-09-02,Kuwait,Maldives,"YSD-UKM Cricket Oval, Bangi",1592.64,1287.23,305.41,0.8,0.2,0.7,0.2,147.0,115.4,1.0,3,62.5,0.0,2,1
1447485,2024-09-02,Myanmar,Mongolia,"YSD-UKM Cricket Oval, Bangi",1397.84,1384.48,13.36,0.0,0.0,0.0,0.0,61.8,48.6,0.5,0,117.0,0.3333,3,1
1447486,2024-09-03,Maldives,Hong Kong,"YSD-UKM Cricket Oval, Bangi",1282.52,1557.48,-274.96,0.0,0.8,0.2,0.6,108.4,113.8,0.5,0,120.75,0.5,4,0
1447487,2024-09-03,Myanmar,Kuwait,"Bayuemas Oval, Kuala Lumpur",1413.22,1597.35,-184.12,0.2,1.0,0.125,0.8,81.2,178.2,0.5,0,125.65,0.5,34,0
1447488,2024-09-03,Malaysia,Singapore,"YSD-UKM Cricket Oval, Bangi",1510.65,1360.66,149.99,0.4,0.6,0.4,0.4,134.6,145.4,0.625,8,117.0,0.4,5,1
1440463,2024-09-04,Scotland,Australia,"Grange Cricket Club Ground, Raeburn Place, Edinburgh",1596.46,1737.41,-140.96,0.6,0.8,0.6,0.8,161.0,148.4,0.0,1,172.25,0.6875,16,0
1447489,2024-09-05,Malaysia,Kuwait,"Bayuemas Oval, Kuala Lumpur",1520.14,1605.58,-85.44,0.6,1.0,0.5,0.8,150.8,158.8,0.8,5,123.4,0.4857,35,0
1447490,2024-09-05,Mongolia,Singapore,"YSD-UKM Cricket Oval, Bangi",1369.09,1351.17,17.93,0.0,0.4,0.0,0.4,52.2,146.4,0.5,0,127.83,0.5,6,0
1447491,2024-09-05,Myanmar,Maldives,"Bayuemas Oval, Kuala Lumpur",1404.99,1277.07,127.92,0.2,0.0,0.1111,0.2,75.2,107.8,0.5,0,124.11,0.4722,36,0
1440464,2024-09-06,Australia,Scotland,"Grange Cricket Club Ground, Raeburn Place, Edinburgh",1747.25,1586.61,160.64,0.8,0.4,0.9,0.5,139.4,160.2,1.0,2,171.18,0.6471,17,1
1447492,2024-09-06,Maldives,Mongolia,"Bayuemas Oval, Kuala Lumpur",1298.71,1352.27,-53.56,0.2,0.0,0.3,0.0,90.6,42.6,0.5,0,122.14,0.4595,37,1
1447493,2024-09-06,Kuwait,Singapore,"YSD-UKM Cricket Oval, Bangi",1617.72,1367.99,249.73,1.0,0.6,0.8,0.5,156.2,127.2,1.0,1,111.0,0.4286,7,0
1440465,2024-09-07,Scotland,Australia,"Grange Cricket Club Ground, Raeburn Place, Edinburgh",1577.53,1756.34,-178.82,0.4,0.8,0.5,0.9,154.0,163.8,0.0,3,172.56,0.6667,18,0
1447494,2024-09-07,Malaysia,Hong Kong,"Bayuemas Oval, Kuala Lumpur",1508.0,1562.93,-54.93,0.6,0.8,0.4,0.7,151.6,104.6,0.5385,13,123.61,0.4737,38,1
1447495,2024-09-09,Myanmar,Singapore,"Bayuemas Oval, Kuala Lumpur",1383.35,1393.85,-10.5,0.2,0.6,0.1,0.6,71.0,115.2,0.5,0,123.62,0.4872,39,0
1447496,2024-09-09,Mongolia,Malaysia,"YSD-UKM Cricket Oval, Bangi",1333.82,1526.51,-192.69,0.0,0.8,0.0,0.5,39.8,147.2,0.5,0,116.12,0.375,8,0
1385697,2024-09-11,Australia,England,"The Rose Bowl, Southampton",1764.77,1662.4,102.37,0.8,0.6,0.9,0.6,157.2,135.8,0.5,22,189.67,1.0,3,1
1385698,2024-09-13,Australia,England,"Sophia Gardens, Cardiff",1776.18,1650.98,125.21,0.8,0.4,0.9,0.6,173.0,141.6,0.5217,23,149.0,0.3333,3,0
1450751,2024-09-21,Malawi,Lesotho,"Gymkhana Club Ground, Dar-es-Salaam",1512.73,1426.98,85.75,0.6,0.2,0.5556,0.1429,116.6,92.0,0.5,0,149.28,0.4897,0,1
1450752,2024-09-21,Cameroon,Ghana,"Gymkhana Club Ground, Dar-es-Salaam",1357.24,1371.9,-14.66,0.0,0.2,0.0,0.1,90.2,94.2,0.5,0,145.0,1.0,1,0
1450753,2024-09-21,Mali,Tanzania,University of Dar-es-Salaam Ground,1436.68,1488.95,-52.27,0.0,0.2,0.0,0.2,51.0,90.8,0.5,0,149.23,0.4897,0,0
1450754,2024-09-22,Mali,Cameroon,"Gymkhana Club Ground, Dar-es-Salaam",1423.07,1341.91,81.16,0.0,0.0,0.0,0.0,44.4,69.0,0.5,0,92.5,0.5,2,0
1450755,2024-09-22,Malawi,Ghana,University of Dar-es-Salaam Ground,1524.86,1387.22,137.64,0.6,0.2,0.6,0.2,117.8,80.0,0.0,1,18.0,0.0,1,1
1450757,2024-09-24,Ghana,Lesotho,University of Dar-es-Salaam Ground,1377.25,1414.85,-37.6,0.2,0.2,0.2,0.125,83.2,86.4,0.5,0,65.5,0.5,2,1
1450758,2024-09-24,Cameroon,Tanzania,"Gymkhana Club Ground, Dar-es-Salaam",1361.58,1502.56,-140.98,0.2,0.4,0.1,0.3,61.6,78.0,0.0,2,80.67,0.3333,3,0
1450759,2024-09-24,Mali,Malawi,University of Dar-es-Salaam Ground,1403.4,1534.84,-131.44,0.0,0.8,0.0,0.7,34.4,115.2,0.5,0,88.0,0.6667,3,0
1450760,2024-09-25,Ghana,Tanzania,University of Dar-es-Salaam Ground,1394.97,1512.4,-117.43,0.4,0.6,0.3,0.4,89.2,69.0,0.0,1,76.75,0.5,4,0
1450761,2024-09-25,Lesotho,Mali,"Gymkhana Club Ground, Dar-es-Salaam",1397.12,1393.18,3.95,0.0,0.0,0.1111,0.0,75.4,37.0,1.0,1,69.75,0.25,4,1
1450762,2024-09-25,Cameroon,Malawi,University of Dar-es-Salaam Ground,1351.74,1545.06,-193.31,0.2,0.8,0.1,0.7,54.6,116.2,0.5,0,78.2,0.4,5,0
1450766,2024-09-25,Japan,Indonesia,"Yeonhui Cricket Ground, Incheon",1529.01,1443.48,85.53,1.0,0.4,0.8,0.3,183.0,118.2,0.5,4,148.93,0.4891,0,1
1450763,2024-09-26,Mali,Ghana,"Gymkhana Club Ground, Dar-es-Salaam",1377.36,1384.18,-6.83,0.0,0.4,0.0,0.3,36.8,91.4,0.5,0,85.4,0.4,5,0
1450764,2024-09-26,Lesotho,Cameroon,University of Dar-es-Salaam Ground,1412.94,1343.83,69.12,0.2,0.2,0.2,0.1,86.8,39.8,0.5,0,70.17,0.3333,6,0
1450765,2024-09-26,Tanzania,Malawi,"Gymkhana Club Ground, Dar-es-Salaam",1523.19,1552.97,-29.78,0.6,0.8,0.4,0.8,60.4,87.2,1.0,1,75.17,0.3333,6,1
1450767,2024-09-26,Japan,Philippines,"Yeonhui Cricket Ground, Incheon",1541.15,1434.21,106.94,1.0,0.6,0.8,0.4,160.4,126.2,1.0,2,104.0,1.0,1,1
1431086,2024-09-27,Ireland,South Africa,"Zayed Cricket Stadium, Abu Dhabi",1533.59,1617.81,-84.23,0.4,0.2,0.5,0.6,129.2,144.8,0.0,5,139.42,0.25,12,0
1450768,2024-09-28,Philippines,Japan,"Yeonhui Cricket Ground, Incheon",1422.98,1552.37,-129.39,0.4,1.0,0.4,0.9,107.0,176.8,0.0,3,106.5,1.0,2,0
1450769,2024-09-28,South Korea,Indonesia,"Yeonhui Cricket Ground, Incheon",1455.01,1431.34,23.67,0.0,0.4,0.0,0.3,111.33,112.4,0.0,2,103.0,0.6667,3,0
1450823,2024-09-28,Canada,Nepal,"Maple Leaf North-West Ground, King City",1514.07,1557.26,-43.19,0.4,0.0,0.2,0.4,135.0,112.6,0.0,1,148.75,0.4887,0,1
1431087,2024-09-29,Ireland,South Africa,"Zayed Cricket Stadium, Abu Dhabi",1521.39,1630.01,-108.62,0.2,0.2,0.4,0.6,131.8,154.8,0.0,6,141.85,0.2308,13,1
1450770,2024-09-29,Philippines,Indonesia,"Yeonhui Cricket Ground, Incheon",1412.68,1448.43,-35.75,0.4,0.4,0.3,0.3,105.0,114.2,0.6,5,102.0,0.5,4,1
1450771,2024-09-29,South Korea,Japan,"Yeonhui Cricket Ground, Incheon",1437.92,1562.67,-124.75,0.0,1.0,0.0,0.9,108.25,151.6,0.0,1,104.2,0.6,5,0
1450817,2024-09-29,United Arab Emirates,Namibia,"Wanderers Cricket Ground, Windhoek",1590.37,1581.36,9.01,0.8,0.4,0.6,0.4,156.8,137.4,1.0,1,148.07,0.5333,15,1
1450824,2024-09-29,Nepal,Oman,"Maple Leaf North-West Ground, King City",1539.28,1571.15,-31.87,0.0,0.2,0.4,0.5,110.6,120.6,0.6,5,123.0,1.0,1,1
1450818,2024-09-30,United States of America,United Arab Emirates,"Wanderers Cricket Ground, Windhoek",1530.9,1605.95,-75.05,0.2,0.8,0.3,0.7,130.8,158.6,0.0,1,154.12,0.5625,16,1
1450825,2024-09-30,Canada,Oman,"Maple Leaf North-West Ground, King City",1532.05,1553.69,-21.64,0.4,0.0,0.3,0.5,132.2,122.0,0.6,5,149.5,1.0,2,0
1452624,2024-09-30,Serbia,Gibraltar,Europa Sports Complex,1382.31,1376.07,6.25,0.0,0.2,0.3,0.5,86.6,133.8,0.0,2,145.4,0.4667,15,0
1452625,2024-09-30,Serbia,Gibraltar,Europa Sports Complex,1366.02,1392.35,-26.33,0.0,0.2,0.3,0.5,91.2,121.4,0.0,3,142.88,0.4375,16,0
1450772,2024-10-01,Japan,Indonesia,"Yeonhui Cricket Ground, Incheon",1573.16,1430.79,142.38,1.0,0.2,1.0,0.3,124.2,103.2,0.6,5,99.83,0.5,6,1
1450773,2024-10-01,Philippines,South Korea,"Yeonhui Cricket Ground, Incheon",1430.32,1427.43,2.89,0.6,0.0,0.4,0.0,103.6,102.2,0.5,0,102.86,0.5714,7,1
1450819,2024-10-01,United States of America,Namibia,"Wanderers Cricket Ground, Windhoek",1550.31,1565.78,-15.47,0.4,0.2,0.3,0.3,140.2,145.6,0.5,0,155.35,0.5882,17,1
1450826,2024-10-01,Nepal,Canada,"Maple Leaf North-West Ground, King City",1556.74,1517.05,39.7,0.2,0.4,0.4,0.3,118.0,132.2,0.5,2,135.0,0.6667,3,0
1450774,2024-10-02,Japan,Philippines,"Yeonhui Cricket Ground, Incheon",1582.95,1446.19,136.76,1.0,0.6,1.0,0.5,102.0,114.6,1.0,4,112.25,0.625,8,1
1450775,2024-10-02,Indonesia,South Korea,"Yeonhui Cricket Ground, Incheon",1421.0,1411.57,9.43,0.2,0.0,0.3,0.0,91.2,117.2,1.0,3,113.22,0.6667,9,1
1450820,2024-10-02,Namibia,United Arab Emirates,"Wanderers Cricket Ground, Windhoek",1549.07,1586.55,-37.48,0.0,0.8,0.3,0.6,136.8,162.2,0.0,2,156.78,0.6111,18,0
1450827,2024-10-02,Nepal,Oman,"Maple Leaf North-West Ground, King City",1538.92,1568.7,-29.77,0.2,0.2,0.3,0.5,124.6,113.6,0.6667,6,136.0,0.5,4,1
1450828,2024-10-03,Oman,Canada,"Maple Leaf North-West Ground, King City",1551.33,1534.87,16.46,0.2,0.6,0.4,0.4,108.8,129.8,0.5,6,140.2,0.6,5,0
1450776,2024-10-04,Indonesia,Philippines,"Yeonhui Cricket Ground, Incheon",1436.57,1436.18,0.39,0.4,0.4,0.4,0.5,96.0,108.6,0.3333,6,116.0,0.7,10,1
1450777,2024-10-04,Japan,South Korea,"Yeonhui Cricket Ground, Incheon",1592.96,1396.0,196.96,1.0,0.0,1.0,0.0,105.4,106.0,1.0,2,114.64,0.7273,11,1
1450821,2024-10-04,United Arab Emirates,United States of America,"Wanderers Cricket Ground, Windhoek",1600.83,1567.02,33.81,0.8,0.6,0.7,0.4,168.6,153.4,0.5,2,154.32,0.5789,19,1
1450778,2024-10-05,Philippines,South Korea,"Yeonhui Cricket Ground, Incheon",1420.2,1388.21,31.99,0.4,0.0,0.4,0.0,115.8,95.8,1.0,1,118.0,0.75,12,1
1450779,2024-10-05,Japan,Indonesia,"Yeonhui Cricket Ground, Incheon",1600.75,1452.55,148.2,1.0,0.6,1.0,0.5,114.6,96.2,0.6667,6,121.08,0.7692,13,1
1450822,2024-10-05,Namibia,United States of America,"Wanderers Cricket Ground, Windhoek",1534.79,1552.57,-17.79,0.0,0.6,0.2,0.3,127.8,163.2,0.0,1,155.1,0.6,20,0
1439893,2024-10-06,Bangladesh,India,"Shrimant Madhavrao Scindia Cricket Stadium, Gwalior",1589.61,1827.57,-237.96,0.4,1.0,0.4,0.9,132.0,159.8,0.0714,14,148.67,0.4907,0,0
1439894,2024-10-09,India,Bangladesh,"Arun Jaitley Stadium, Delhi",1834.05,1583.13,250.93,1.0,0.4,0.9,0.4,149.8,135.6,0.9333,15,211.0,0.0,1,1
1454384,2024-10-09,Malawi,Rwanda,"TCA Oval, Blantyre",1535.6,1337.66,197.95,0.8,0.0,0.7,0.0,86.6,121.8,1.0,2,148.69,0.4908,0,0
1454385,2024-10-10,Malawi,Rwanda,"TCA Oval, Blantyre",1511.36,1361.9,149.46,0.6,0.2,0.6,0.1,75.2,126.6,0.6667,3,88.0,0.0,1,0
1439895,2024-10-12,India,Bangladesh,"Rajiv Gandhi International Stadium, Uppal, Hyderabad",1840.16,1577.02,263.14,1.0,0.2,0.9,0.4,162.8,130.8,0.9375,16,186.0,0.0,1,1
1453903,2024-10-12,Brazil,Mexico,Sao Fernando Polo and Cricket Club,1500.0,1522.8,-22.8,0.5,0.6,0.5,0.6667,148.71,101.0,0.5,0,148.71,0.4905,0,1
1451814,2024-10-13,Sri Lanka,West Indies,Rangiri Dambulla International Stadium,1538.59,1707.39,-168.79,0.2,0.8,0.4,0.8,146.6,147.2,0.5333,15,148.7,0.4908,0,0
1453909,2024-10-13,Mexico,Argentina,Sao Fernando Polo and Cricket Club,1505.75,1452.07,53.67,0.6,0.6,0.5714,0.3,101.2,106.0,0.0,1,132.0,1.0,1,0
1454388,2024-10-13,Malawi,Rwanda,"TCA Oval, Blantyre",1488.87,1384.39,104.49,0.4,0.4,0.6,0.2,74.4,125.6,0.5,4,98.5,0.0,2,0
1451815,2024-10-15,Sri Lanka,West Indies,Rangiri Dambulla International Stadium,1529.81,1716.17,-186.36,0.2,0.8,0.4,0.8,167.0,157.2,0.5,16,179.0,0.0,1,1
1451816,2024-10-17,West Indies,Sri Lanka,Rangiri Dambulla International Stadium,1692.33,1553.65,138.68,0.8,0.4,0.7,0.4,148.0,174.6,0.4706,17,170.5,0.5,2,0
1453518,2024-10-17,Nepal,United States of America,"Grand Prairie Stadium, Dallas",1556.29,1567.75,-11.46,0.4,0.6,0.3,0.4,133.2,154.4,0.5,0,141.33,0.0,3,1
1456013,2024-10-18,Kenya,Seychelles,"Sikh Union Club Ground, Nairobi",1588.55,1456.62,131.94,0.6,0.2,0.7,0.2857,149.0,92.2,1.0,1,151.1,0.4,10,1
1453911,2024-10-19,Thailand,Bhutan,Gelephu International Cricket Ground,1459.24,1393.67,65.57,0.6,0.2,0.6,0.2,117.4,97.2,0.5,4,148.71,0.4906,0,1
1453912,2024-10-19,Indonesia,Maldives,Gelephu International Cricket Ground,1442.99,1317.15,125.83,0.4,0.4,0.4,0.3,82.0,104.4,0.5,0,171.0,1.0,1,0
1453922,2024-10-19,Zimbabwe,Seychelles,"Gymkhana Club Ground, Nairobi",1560.29,1446.42,113.87,0.2,0.2,0.2,0.25,137.0,85.2,0.5,0,125.75,0.45,20,1
1453923,2024-10-19,Kenya,Mozambique,"Ruaraka Sports Club Ground, Nairobi",1598.75,1466.13,132.63,0.6,0.8,0.8,0.4,152.6,114.4,0.5,0,148.75,0.4908,0,1
1453520,2024-10-20,United States of America,Nepal,"Grand Prairie Stadium, Dallas",1551.23,1572.82,-21.59,0.6,0.6,0.4,0.3,158.2,149.0,0.0,1,147.0,0.25,4,0
1453913,2024-10-20,Maldives,Bhutan,Gelephu International Cricket Ground,1338.71,1380.65,-41.95,0.6,0.2,0.4,0.2,98.2,95.0,0.5,6,133.0,0.5,2,0
1453914,2024-10-20,Indonesia,Thailand,Gelephu International Cricket Ground,1421.43,1472.25,-50.82,0.4,0.6,0.3,0.6,86.8,124.2,0.3333,6,126.0,0.3333,3,0
1453927,2024-10-20,Mozambique,Zimbabwe,"Gymkhana Club Ground, Nairobi",1455.96,1571.22,-115.27,0.6,0.2,0.4,0.3,106.6,171.2,0.5,0,133.38,0.4762,21,0
1453929,2024-10-20,Rwanda,Kenya,"Gymkhana Club Ground, Nairobi",1405.06,1608.93,-203.87,0.6,0.6,0.3,0.8,121.0,170.0,0.0,7,129.86,0.4545,22,0
1453915,2024-10-22,Thailand,Maldives,Gelephu International Cricket Ground,1485.93,1324.63,161.3,0.8,0.6,0.6,0.3,123.6,103.8,0.6,5,116.0,0.25,4,1
1453916,2024-10-22,Bhutan,Indonesia,Gelephu International Cricket Ground,1394.73,1407.76,-13.03,0.4,0.4,0.2,0.3,103.6,90.4,0.0,1,123.6,0.4,5,1
1453933,2024-10-22,Mozambique,Seychelles,"Gymkhana Club Ground, Nairobi",1445.08,1435.48,9.6,0.4,0.0,0.4,0.2222,87.6,62.8,0.5,0,128.57,0.4348,23,1
1453934,2024-10-22,Kenya,Gambia,"Gymkhana Club Ground, Nairobi",1616.49,1438.89,177.6,0.8,0.2,0.8,0.1667,160.4,78.8,0.5,0,129.79,0.4583,24,1
1453935,2024-10-22,Zimbabwe,Rwanda,"Ruaraka Sports Club Ground, Nairobi",1582.1,1397.5,184.6,0.4,0.6,0.4,0.3,155.8,107.4,1.0,1,224.0,1.0,1,1
1453917,2024-10-23,Thailand,Indonesia,Gelephu International Cricket Ground,1494.99,1391.16,103.84,1.0,0.2,0.7,0.3,135.8,79.8,0.7143,7,127.0,0.5,6,1
1453918,2024-10-23,Bhutan,Maldives,Gelephu International Cricket Ground,1411.33,1315.57,95.76,0.6,0.6,0.3,0.3,109.4,105.4,0.5714,7,129.71,0.5714,7,0
1453930,2024-10-23,Seychelles,Kenya,"Ruaraka Sports Club Ground, Nairobi",1419.92,1624.95,-205.03,0.0,1.0,0.2,0.8,68.6,166.6,0.0,2,232.0,1.0,2,0
1453931,2024-10-23,Rwanda,Mozambique,"Gymkhana Club Ground, Nairobi",1389.28,1460.64,-71.35,0.6,0.4,0.3,0.5,99.0,99.6,0.5,0,131.6,0.48,25,0
1453932,2024-10-23,Zimbabwe,Gambia,"Ruaraka Sports Club Ground, Nairobi",1590.32,1430.42,159.9,0.6,0.2,0.5,0.1429,172.0,71.8,0.5,0,179.33,0.6667,3,1
1453919,2024-10-24,Indonesia,Bhutan,Gelephu International Cricket Ground,1379.8,1391.03,-11.23,0.0,0.6,0.3,0.3,75.6,122.8,0.5,2,128.75,0.5,8,0
1453924,2024-10-24,Rwanda,Seychelles,"Ruaraka Sports Club Ground, Nairobi",1376.52,1412.4,-35.88,0.4,0.0,0.3,0.2,98.4,74.0,1.0,1,220.5,0.75,4,1
1453925,2024-10-24,Zimbabwe,Kenya,"Gymkhana Club Ground, Nairobi",1599.44,1632.47,-33.04,0.8,1.0,0.6,0.8,210.4,151.0,1.0,2,129.85,0.4615,26,1
1453926,2024-10-24,Gambia,Mozambique,"Ruaraka Sports Club Ground, Nairobi",1421.31,1473.4,-52.09,0.2,0.6,0.125,0.6,70.8,100.8,0.0,1,205.6,0.8,5,0
1457350,2024-10-28,Bahrain,Uganda,Jinja Cricket Ground,1521.88,1759.17,-237.29,0.4,0.4,0.6,0.7,135.4,90.0,0.5,0,148.73,0.4909,0,1
1457351,2024-10-29,Bahrain,Uganda,Jinja Cricket Ground,1547.38,1733.68,-186.3,0.4,0.4,0.7,0.6,138.4,88.6,1.0,1,97.0,1.0,1,0
1449301,2024-11-08,India,South Africa,"Kingsmead, Durban",1845.93,1609.16,236.76,1.0,0.2,0.9,0.5,188.8,158.0,0.5769,26,193.33,0.3333,3,1
1433373,2024-11-09,West Indies,England,"Kensington Oval, Bridgetown, Barbados",1670.26,1672.51,-2.24,0.6,0.4,0.6,0.6,145.2,144.2,0.5667,30,165.0,0.5833,12,0
1456441,2024-11-09,New Zealand,Sri Lanka,Rangiri Dambulla International Stadium,1660.87,1575.72,85.15,0.6,0.4,0.4,0.4,120.6,167.6,0.65,20,167.67,0.3333,3,0
1433374,2024-11-10,West Indies,England,"Kensington Oval, Bridgetown, Barbados",1654.37,1688.4,-34.04,0.4,0.6,0.5,0.6,145.8,149.6,0.5484,31,166.31,0.5385,13,0
1449302,2024-11-10,India,South Africa,"St George's Park, Gqeberha",1852.45,1602.64,249.81,1.0,0.2,1.0,0.4,186.6,151.4,0.5926,27,180.0,0.0,1,0
1456442,2024-11-10,New Zealand,Sri Lanka,Rangiri Dambulla International Stadium,1641.03,1595.57,45.46,0.4,0.6,0.4,0.5,112.0,161.6,0.619,21,159.5,0.25,4,1
1456867,2024-11-12,Indonesia,Myanmar,Udayana Cricket Ground,1364.32,1367.83,-3.51,0.0,0.2,0.2,0.1,90.8,70.0,0.5,0,131.38,0.375,16,1
1449303,2024-11-13,India,South Africa,"SuperSport Park, Centurion",1826.59,1628.5,198.08,0.8,0.4,0.9,0.4,195.2,147.2,0.5714,28,184.0,0.0,4,1
1454819,2024-11-13,Netherlands,Oman,Al Amerat Cricket Ground Oman Cricket (Ministry Turf 1),1555.58,1534.57,21.01,0.6,0.2,0.4,0.3,148.8,95.2,0.6667,3,149.49,0.407,86,0
1456868,2024-11-13,Myanmar,Indonesia,Udayana Cricket Ground,1351.67,1380.48,-28.81,0.2,0.2,0.1,0.3,66.2,110.2,0.0,1,134.94,0.4118,17,0
1426552,2024-11-14,Australia,Pakistan,"Brisbane Cricket Ground, Woolloongabba, Brisbane",1754.65,1615.79,138.87,0.8,0.4,0.8,0.5,175.4,129.6,0.4783,23,171.5,1.0,4,1
1433375,2024-11-14,West Indies,England,"Daren Sammy National Cricket Stadium, Gros Islet, St Lucia",1639.93,1702.84,-62.91,0.2,0.6,0.5,0.7,154.2,158.4,0.5312,32,179.9,0.7,10,0
1454820,2024-11-14,Netherlands,Oman,Al Amerat Cricket Ground Oman Cricket (Ministry Turf 1),1538.61,1551.54,-12.93,0.6,0.4,0.4,0.3,152.8,113.6,0.5,4,149.36,0.4023,87,1
1449304,2024-11-15,India,South Africa,"The Wanderers Stadium, Johannesburg",1834.34,1620.75,213.59,0.8,0.4,0.9,0.3,212.6,167.2,0.5862,29,187.25,0.5,4,1
1456869,2024-11-15,Myanmar,Indonesia,Udayana Cricket Ground,1337.0,1395.16,-58.16,0.0,0.4,0.1,0.4,58.4,111.8,0.0,2,132.61,0.3889,18,0
1426553,2024-11-16,Australia,Pakistan,Sydney Cricket Ground,1764.58,1605.86,158.72,0.8,0.4,0.8,0.5,162.8,110.4,0.5,24,171.56,0.5625,16,1
1433376,2024-11-16,England,West Indies,"Daren Sammy National Cricket Stadium, Gros Islet, St Lucia",1715.97,1626.79,89.18,0.8,0.0,0.7,0.4,167.6,147.2,0.4848,33,176.73,0.6364,11,0
1454821,2024-11-16,Netherlands,Oman,Al Amerat Cricket Ground Oman Cricket (Ministry Turf 1),1555.21,1534.94,20.26,0.6,0.4,0.5,0.2,159.2,112.8,0.6,5,149.76,0.4091,88,1
1456870,2024-11-16,Myanmar,Indonesia,Udayana Cricket Ground,1323.65,1408.5,-84.85,0.0,0.6,0.1,0.4,71.6,117.6,0.0,3,131.58,0.3684,19,0
1456871,2024-11-17,Indonesia,Myanmar,Udayana Cricket Ground,1420.67,1311.48,109.19,0.8,0.0,0.4,0.1,127.2,86.8,1.0,4,131.35,0.35,20,1
1426554,2024-11-18,Pakistan,Australia,"Bellerive Oval, Hobart",1596.7,1773.74,-177.04,0.4,0.8,0.4,0.8,105.8,153.0,0.48,25,158.44,0.5556,9,0
1456872,2024-11-19,Myanmar,Indonesia,Udayana Cricket Ground,1300.35,1431.8,-131.45,0.0,1.0,0.1,0.5,92.0,143.2,0.0,5,133.9,0.381,21,0
1457217,2024-11-19,Thailand,Qatar,"West End Park International Cricket Stadium, Doha",1506.35,1519.57,-13.22,1.0,0.6,0.7,0.5,136.0,171.8,0.5,0,134.38,0.3462,26,0
1457218,2024-11-19,United Arab Emirates,Bhutan,University of Doha for Science and Technology,1615.28,1406.51,208.77,0.8,0.6,0.8,0.4,178.0,115.8,0.5,0,184.5,0.5,2,1
1457219,2024-11-19,Bahrain,Saudi Arabia,"West End Park International Cricket Stadium, Doha",1539.22,1525.34,13.88,0.4,0.4,0.6,0.7,121.4,131.0,0.6,5,133.93,0.3333,27,1
1457220,2024-11-20,Thailand,Cambodia,"West End Park International Cricket Stadium, Doha",1490.96,1461.76,29.2,0.8,0.0,0.7,0.4,136.0,107.6,0.5,0,135.86,0.3571,28,1
1457221,2024-11-20,Bhutan,Qatar,University of Doha for Science and Technology,1399.12,1534.96,-135.84,0.6,0.6,0.4,0.6,117.6,156.4,0.5,0,178.33,0.6667,3,0
1457222,2024-11-20,United Arab Emirates,Saudi Arabia,"West End Park International Cricket Stadium, Doha",1622.68,1509.98,112.69,0.8,0.2,0.8,0.6,170.4,146.4,1.0,1,137.31,0.3793,29,1
1457223,2024-11-22,Cambodia,United Arab Emirates,"West End Park International Cricket Stadium, Doha",1447.1,1633.66,-186.56,0.0,0.8,0.4,0.8,110.6,153.8,0.0,1,138.13,0.4,30,0
1457224,2024-11-22,Bahrain,Thailand,University of Doha for Science and Technology,1554.58,1505.62,48.97,0.6,0.8,0.6,0.7,119.2,137.4,0.5,0,161.5,0.5,4,0
1457225,2024-11-22,Saudi Arabia,Bhutan,University of Doha for Science and Technology,1499.0,1389.07,109.93,0.2,0.4,0.5,0.4,148.6,117.2,1.0,2,149.6,0.4,5,1
1457226,2024-11-23,Bahrain,Bhutan,"West End Park International Cricket Stadium, Doha",1536.34,1377.97,158.37,0.6,0.2,0.5,0.4,112.6,105.4,0.5,0,137.94,0.3871,31,1
1457227,2024-11-23,United Arab Emirates,Thailand,University of Doha for Science and Technology,1641.81,1523.86,117.95,1.0,0.8,0.9,0.8,148.6,140.6,0.5,0,153.0,0.5,6,1
1457228,2024-11-23,Qatar,Cambodia,University of Doha for Science and Technology,1545.0,1438.95,106.05,0.8,0.0,0.6,0.3,143.8,108.8,0.5,0,158.57,0.5714,7,1
1459374,2024-11-23,Botswana,Eswatini,"Tafawa Balewa Square Cricket Oval, Lagos",1426.77,1448.77,-21.99,0.2,0.2,0.3,0.2,105.4,108.8,0.5,0,101.06,0.5556,18,1
1459375,2024-11-23,Sierra Leone,Ivory Coast,"Tafawa Balewa Square Cricket Oval, Lagos",1406.72,1500.0,-93.28,0.4,0.5,0.3,0.5,83.8,148.79,0.5,0,104.95,0.5789,19,1
1459376,2024-11-23,Nigeria,St Helena,University of Lagos Cricket Oval,1533.77,1481.62,52.15,0.4,0.3333,0.3,0.3333,145.8,79.67,0.5,0,106.2,0.6,5,1
1459386,2024-11-24,Sierra Leone,Botswana,University of Lagos Cricket Oval,1426.91,1443.79,-16.87,0.4,0.4,0.3,0.3,99.8,122.6,0.0,1,119.33,0.6667,6,0
1459387,2024-11-24,Nigeria,Ivory Coast,"Tafawa Balewa Square Cricket Oval, Lagos",1547.39,1479.8,67.58,0.6,0.0,0.4,0.0,156.8,21.0,0.5,0,109.15,0.6,20,1
1459388,2024-11-24,Eswatini,St Helena,University of Lagos Cricket Oval,1431.76,1468.0,-36.24,0.0,0.25,0.1667,0.25,109.6,76.5,0.5,0,118.71,0.5714,7,1
1457229,2024-11-25,Qatar,Bahrain,"West End Park International Cricket Stadium, Doha",1556.26,1545.52,10.75,1.0,0.6,0.7,0.5,142.2,130.2,0.3333,3,139.09,0.4062,32,1
1457230,2024-11-25,Cambodia,Saudi Arabia,University of Doha for Science and Technology,1427.69,1510.1,-82.41,0.0,0.2,0.2,0.5,115.0,142.2,0.0,1,160.0,0.625,8,0
1457231,2024-11-25,Thailand,Bhutan,"West End Park International Cricket Stadium, Doha",1513.09,1368.8,144.29,0.6,0.2,0.8,0.4,117.2,98.0,0.6,5,140.48,0.4242,33,1
1457232,2024-11-26,Thailand,Saudi Arabia,"West End Park International Cricket Stadium, Doha",1522.8,1522.37,0.43,0.6,0.4,0.8,0.5,111.4,147.4,0.0,2,139.79,0.4412,34,0
1457233,2024-11-26,Bahrain,Cambodia,University of Doha for Science and Technology,1530.01,1415.42,114.59,0.4,0.0,0.4,0.1,145.2,130.6,1.0,1,160.11,0.5556,9,1
1457234,2024-11-26,United Arab Emirates,Qatar,"West End Park International Cricket Stadium, Doha",1652.58,1571.77,80.81,1.0,1.0,0.9,0.7,164.8,148.6,1.0,2,139.6,0.4286,35,1
1459380,2024-11-26,St Helena,Sierra Leone,"Nigeria Cricket Federation Oval 1, Abuja",1450.34,1411.69,38.65,0.2,0.4,0.2,0.3,86.2,107.4,0.5,0,148.9,0.4927,0,0
1459381,2024-11-26,Eswatini,Nigeria,"Nigeria Cricket Federation Oval 1, Abuja",1449.42,1560.31,-110.89,0.2,0.8,0.2857,0.5,114.2,183.8,0.0,1,135.0,0.0,1,0
1459382,2024-11-26,Ivory Coast,Botswana,"Nigeria Cricket Federation Oval 2, Abuja",1466.88,1459.01,7.87,0.0,0.4,0.0,0.3,14.0,117.0,0.5,0,148.89,0.4923,0,0
1459383,2024-11-27,Nigeria,Sierra Leone,"Nigeria Cricket Federation Oval 2, Abuja",1571.37,1429.46,141.91,0.8,0.6,0.6,0.4,181.4,125.0,0.8889,9,31.0,0.0,1,1
1459384,2024-11-27,St Helena,Botswana,"Nigeria Cricket Federation Oval 1, Abuja",1432.57,1475.37,-42.81,0.2,0.6,0.1667,0.4,98.0,111.2,0.5,0,136.0,0.0,2,0
1459385,2024-11-27,Ivory Coast,Eswatini,"Nigeria Cricket Federation Oval 2, Abuja",1450.52,1438.36,12.16,0.0,0.2,0.0,0.25,19.67,121.0,0.5,0,86.0,0.5,2,0
1457235,2024-11-28,Bhutan,Cambodia,"West End Park International Cricket Stadium, Doha",1359.08,1404.51,-45.43,0.0,0.0,0.3,0.0,98.8,140.4,0.5,0,141.44,0.4444,36,0
1457236,2024-11-28,Saudi Arabia,Qatar,University of Doha for Science and Technology,1538.39,1559.42,-21.03,0.6,0.8,0.5,0.7,160.0,153.4,0.0,1,161.5,0.6,10,0
1459278,2024-11-28,Bahrain,United Arab Emirates,University of Doha for Science and Technology,1540.92,1664.92,-124.0,0.6,1.0,0.5,0.9,162.2,172.0,0.5,4,161.82,0.5455,11,0
1459377,2024-11-28,Ivory Coast,St Helena,"Nigeria Cricket Federation Oval 1, Abuja",1433.96,1418.53,15.43,0.0,0.0,0.0,0.1429,25.0,88.4,0.5,0,116.67,0.0,3,0
1459378,2024-11-28,Sierra Leone,Eswatini,"Nigeria Cricket Federation Oval 2, Abuja",1419.66,1454.92,-35.26,0.6,0.4,0.4,0.3333,126.0,120.2,1.0,1,71.0,0.3333,3,1
1459379,2024-11-28,Nigeria,Botswana,"Nigeria Cricket Federation Oval 2, Abuja",1581.18,1489.41,91.77,0.8,0.8,0.6,0.5,178.0,107.4,1.0,1,92.0,0.5,4,1
1444652,2024-12-01,Pakistan,Zimbabwe,"Queens Sports Club, Bulawayo",1588.22,1616.95,-28.74,0.4,1.0,0.4,0.6,106.6,218.0,0.8824,17,150.87,0.7333,15,1
1462926,2024-12-02,Bermuda,Argentina,"Hurlingham Club Ground, Buenos Aires",1579.0,1470.53,108.47,0.8,0.8,0.9,0.4,126.0,104.6,1.0,3,112.75,0.5,4,1
1444653,2024-12-03,Zimbabwe,Pakistan,"Queens Sports Club, Bulawayo",1599.63,1605.54,-5.9,0.8,0.4,0.5,0.4,182.4,118.2,0.1111,18,151.75,0.75,16,0
1462912,2024-12-04,Uganda,Botswana,"Gahanga International Cricket Stadium, Rwanda",1741.83,1477.54,264.29,0.4,0.8,0.6,0.5,66.0,102.0,1.0,4,147.4,0.6667,30,1
1462916,2024-12-04,Rwanda,Nigeria,"Gahanga International Cricket Stadium, Rwanda",1394.17,1593.05,-198.88,0.4,1.0,0.4,0.7,105.0,183.2,0.0,4,147.94,0.6774,31,0
1444654,2024-12-05,Pakistan,Zimbabwe,"Queens Sports Club, Bulawayo",1621.26,1583.9,37.36,0.4,0.6,0.4,0.5,108.2,182.4,0.8947,19,146.18,0.7059,17,0
1462919,2024-12-05,Nigeria,Botswana,"Gahanga International Cricket Stadium, Rwanda",1600.77,1471.8,128.97,1.0,0.6,0.8,0.5,164.6,84.2,1.0,2,147.62,0.6562,32,1
1462921,2024-12-05,Uganda,Rwanda,"Gahanga International Cricket Stadium, Rwanda",1747.57,1386.44,361.13,0.4,0.2,0.6,0.4,83.2,112.2,1.0,15,148.76,0.6667,33,1
1462877,2024-12-06,Panama,Suriname,"St Albans Club, Buenos Aires",1402.74,1500.0,-97.26,0.0,0.5,0.2,0.5,90.8,148.72,0.5,0,123.0,0.75,4,1
1462878,2024-12-06,Bahamas,Brazil,"St George's College Ground, Buenos Aires",1431.68,1517.05,-85.37,0.2,1.0,0.25,1.0,91.8,132.0,0.5,0,148.7,0.4922,0,1
1462915,2024-12-06,Nigeria,Uganda,"Gahanga International Cricket Stadium, Rwanda",1611.09,1751.13,-140.03,1.0,0.6,0.9,0.6,147.4,113.8,0.0,6,150.03,0.6765,34,0
1462924,2024-12-06,Botswana,Rwanda,"Gahanga International Cricket Stadium, Rwanda",1461.49,1382.89,78.6,0.4,0.2,0.4,0.4,92.0,108.8,0.0,3,149.54,0.6571,35,0
1462880,2024-12-07,Mexico,Brazil,"Hurlingham Club Ground, Buenos Aires",1487.3,1497.19,-9.9,0.4,0.5,0.5,0.5,100.6,97.5,0.0,1,121.0,0.6,5,1
1462881,2024-12-07,Argentina,Belize,"St George's College Ground, Buenos Aires",1459.37,1449.94,9.42,0.6,0.2,0.4,0.2,103.6,98.6,1.0,1,89.0,1.0,1,1
1462882,2024-12-07,Bermuda,Suriname,"Hurlingham Club Ground, Buenos Aires",1590.16,1479.63,110.52,0.8,0.0,0.9,0.0,120.6,83.0,0.5,0,117.83,0.6667,6,1
1462883,2024-12-07,Cayman Islands,Panama,"St George's College Ground, Buenos Aires",1432.22,1423.11,9.11,0.4,0.2,0.4,0.2,90.6,84.2,1.0,2,95.0,1.0,2,1
1462927,2024-12-07,Nigeria,Botswana,"Gahanga International Cricket Stadium, Rwanda",1601.21,1441.93,159.29,0.8,0.2,0.8,0.4,146.4,112.4,1.0,3,149.19,0.6389,36,0
1462931,2024-12-07,Uganda,Rwanda,"Gahanga International Cricket Stadium, Rwanda",1761.01,1402.44,358.56,0.8,0.4,0.6,0.5,123.2,118.2,1.0,16,148.97,0.6216,37,1
1462884,2024-12-08,Panama,Bermuda,"St Albans Club, Buenos Aires",1407.53,1601.23,-193.71,0.2,0.8,0.2,0.9,75.4,134.6,0.0,3,117.0,0.8,5,0
1462885,2024-12-08,Bahamas,Argentina,"Hurlingham Club Ground, Buenos Aires",1451.54,1474.93,-23.4,0.4,0.8,0.3333,0.5,87.0,98.8,0.5,2,124.0,0.7143,7,1
1462886,2024-12-08,Suriname,Brazil,"St Albans Club, Buenos Aires",1468.56,1480.74,-12.18,0.0,0.3333,0.0,0.3333,76.0,83.33,0.5,0,107.5,0.6667,6,0
1462887,2024-12-08,Cayman Islands,Belize,"Hurlingham Club Ground, Buenos Aires",1447.8,1434.38,13.42,0.4,0.2,0.5,0.1667,90.2,105.0,0.5,0,123.38,0.75,8,1
1462914,2024-12-08,Rwanda,Botswana,"Gahanga International Cricket Stadium, Rwanda",1398.84,1464.79,-65.95,0.4,0.2,0.4,0.5,114.0,125.0,1.0,4,149.03,0.6316,38,0
1462925,2024-12-08,Nigeria,Uganda,"Gahanga International Cricket Stadium, Rwanda",1578.35,1764.61,-186.26,0.6,1.0,0.7,0.7,146.4,137.4,0.0,7,148.05,0.6154,39,0
1462922,2024-12-09,Nigeria,Rwanda,"Gahanga International Cricket Stadium, Rwanda",1570.19,1385.84,184.35,0.4,0.2,0.7,0.3,130.8,107.0,1.0,5,146.93,0.6,40,0
1462928,2024-12-09,Uganda,Botswana,"Gahanga International Cricket Stadium, Rwanda",1772.77,1477.79,294.98,1.0,0.4,0.7,0.6,140.2,127.2,1.0,5,146.98,0.5854,41,1
1432211,2024-12-10,South Africa,Pakistan,"Kingsmead, Durban",1613.51,1603.55,9.96,0.2,0.4,0.2,0.4,162.0,121.8,0.4286,21,195.5,0.5,4,1
1462888,2024-12-10,Cayman Islands,Suriname,"Hurlingham Club Ground, Buenos Aires",1463.18,1453.12,10.06,0.4,0.0,0.6,0.0,102.8,84.33,0.5,0,126.44,0.7778,9,0
1462889,2024-12-10,Bahamas,Belize,"St Albans Club, Buenos Aires",1468.61,1418.99,49.62,0.4,0.2,0.4,0.1429,89.8,108.6,0.5,0,106.57,0.5714,7,1
1462890,2024-12-10,Mexico,Bermuda,"Hurlingham Club Ground, Buenos Aires",1503.75,1609.14,-105.38,0.4,0.8,0.5556,0.9,99.8,111.6,0.5,0,128.0,0.7,10,0
1462891,2024-12-10,Panama,Argentina,"St Albans Club, Buenos Aires",1399.63,1457.86,-58.23,0.2,0.6,0.1,0.5,69.4,94.0,1.0,1,107.88,0.625,8,0
1462892,2024-12-11,Mexico,Cayman Islands,"St George's College Ground, Buenos Aires",1492.46,1446.72,45.74,0.4,0.4,0.5,0.6,103.4,114.0,0.5,0,104.67,1.0,3,0
1462893,2024-12-11,Bahamas,Panama,"Hurlingham Club Ground, Buenos Aires",1482.34,1386.28,96.06,0.6,0.2,0.4,0.1,94.4,74.4,0.5,2,125.09,0.6364,11,1
1462894,2024-12-11,Bermuda,Brazil,"St George's College Ground, Buenos Aires",1620.43,1496.18,124.25,0.8,0.5,0.9,0.5,113.2,88.0,0.5,0,99.75,0.75,4,1
1462895,2024-12-11,Suriname,Argentina,"Hurlingham Club Ground, Buenos Aires",1469.58,1471.2,-1.62,0.25,0.6,0.25,0.6,99.0,102.4,0.5,0,123.75,0.6667,12,0
1462917,2024-12-11,Uganda,Nigeria,"Gahanga International Cricket Stadium, Rwanda",1777.72,1546.42,231.3,1.0,0.2,0.7,0.6,153.2,142.2,1.0,8,148.93,0.5952,42,1
1462918,2024-12-11,Rwanda,Botswana,"Gahanga International Cricket Stadium, Rwanda",1409.61,1472.84,-63.22,0.4,0.4,0.3,0.5,109.8,134.2,0.8,5,148.98,0.6047,43,1
1462896,2024-12-12,Panama,Brazil,"Belgrano Athletic Club Ground, Buenos Aires",1374.6,1485.67,-111.07,0.2,0.4,0.1,0.4,74.8,82.8,0.5,0,191.75,0.75,4,0
1462897,2024-12-12,Suriname,Mexico,"St George's College Ground, Buenos Aires",1453.66,1474.37,-20.71,0.2,0.2,0.2,0.4,103.8,101.8,0.5,0,109.6,0.8,5,0
1462898,2024-12-12,Bahamas,Cayman Islands,"Belgrano Athletic Club Ground, Buenos Aires",1494.03,1464.81,29.22,0.8,0.6,0.5,0.6,101.4,106.6,0.0,1,177.8,0.6,5,0
1462899,2024-12-12,Bermuda,Belize,"St George's College Ground, Buenos Aires",1630.94,1405.26,225.67,1.0,0.0,0.9,0.125,124.4,102.8,1.0,1,99.33,0.6667,6,1
1462920,2024-12-12,Botswana,Nigeria,"Gahanga International Cricket Stadium, Rwanda",1453.96,1539.74,-85.78,0.4,0.0,0.4,0.5,131.6,130.8,0.25,4,149.41,0.6136,44,0
1462923,2024-12-12,Uganda,Rwanda,"Gahanga International Cricket Stadium, Rwanda",1784.41,1428.49,355.91,1.0,0.6,0.8,0.4,145.0,126.8,1.0,17,147.18,0.6,45,1
1432212,2024-12-13,Pakistan,South Africa,"SuperSport Park, Centurion",1588.01,1629.05,-41.04,0.4,0.4,0.4,0.3,129.4,161.6,0.5455,22,191.0,0.2,5,0
1462913,2024-12-13,Nigeria,Rwanda,"Gahanga International Cricket Stadium, Rwanda",1551.86,1424.84,127.02,0.2,0.4,0.5,0.4,114.4,118.8,0.8333,6,147.2,0.6087,46,1
1462930,2024-12-13,Uganda,Botswana,"Gahanga International Cricket Stadium, Rwanda",1788.06,1441.83,346.23,1.0,0.4,0.9,0.3,157.2,114.0,1.0,6,147.28,0.617,47,1
1463652,2024-12-13,Bahrain,United Arab Emirates,"ICC Academy, Dubai",1530.4,1675.44,-145.05,0.4,1.0,0.5,0.9,151.6,166.4,0.4,5,147.5,0.3333,6,0
1463653,2024-12-13,Saudi Arabia,Kuwait,"ICC Academy, Dubai",1523.36,1591.86,-68.5,0.6,0.8,0.4,0.8,156.0,157.2,0.3333,3,142.57,0.2857,7,0
1462900,2024-12-14,Cayman Islands,Brazil,"St Albans Club, Buenos Aires",1482.15,1496.72,-14.57,0.8,0.4,0.6,0.5,122.4,81.0,0.5,0,106.11,0.5556,9,1
1462901,2024-12-14,Bahamas,Suriname,"Belgrano Athletic Club Ground, Buenos Aires",1476.68,1438.61,38.07,0.8,0.2,0.5,0.1667,108.4,96.8,0.5,0,166.17,0.5,6,1
1462902,2024-12-14,Panama,Belize,"St Albans Club, Buenos Aires",1363.54,1398.41,-34.86,0.0,0.0,0.1,0.1111,80.6,90.8,0.0,1,117.9,0.6,10,0
1462903,2024-12-14,Argentina,Mexico,"Belgrano Athletic Club Ground, Buenos Aires",1487.12,1489.41,-2.29,0.6,0.4,0.7,0.5,106.6,87.2,1.0,2,156.29,0.5714,7,1
1462932,2024-12-14,Nigeria,Uganda,"Gahanga International Cricket Stadium, Rwanda",1562.26,1791.9,-229.64,0.4,1.0,0.5,1.0,116.4,155.2,0.0,9,147.15,0.625,48,0
1463654,2024-12-14,Bahrain,Kuwait,"ICC Academy, Dubai",1520.71,1604.75,-84.04,0.4,0.8,0.5,0.8,153.8,143.2,0.1818,11,141.75,0.25,8,1
1463655,2024-12-14,Oman,Qatar,"ICC Academy, Dubai",1519.87,1574.46,-54.58,0.2,0.8,0.2,0.7,115.0,162.0,0.5,0,139.89,0.3333,9,1
1433383,2024-12-15,Bangladesh,West Indies,"Arnos Vale Ground, Kingstown, St Vincent",1571.25,1646.81,-75.56,0.0,0.2,0.4,0.5,142.4,173.6,0.3571,14,126.67,1.0,3,1
1462904,2024-12-15,Brazil,Belize,"Belgrano Athletic Club Ground, Buenos Aires",1480.05,1412.81,67.24,0.4,0.2,0.4286,0.2,81.4,94.6,0.5,0,151.88,0.625,8,0
1462905,2024-12-15,Cayman Islands,Argentina,"Hurlingham Club Ground, Buenos Aires",1498.82,1503.23,-4.41,0.8,0.8,0.6,0.7,142.4,108.4,1.0,1,123.69,0.6154,13,1
1462906,2024-12-15,Bermuda,Bahamas,"Belgrano Athletic Club Ground, Buenos Aires",1637.79,1490.94,146.86,1.0,0.8,0.9,0.6,118.2,110.0,1.0,2,148.33,0.5556,9,1
1462907,2024-12-15,Panama,Mexico,"Hurlingham Club Ground, Buenos Aires",1349.14,1473.31,-124.16,0.0,0.4,0.1,0.4,93.0,86.6,0.5,0,123.14,0.6429,14,1
1463656,2024-12-15,United Arab Emirates,Oman,"ICC Academy, Dubai",1685.13,1538.37,146.76,1.0,0.4,0.9,0.3,157.4,135.6,0.4286,7,146.3,0.4,10,1
1463657,2024-12-15,Qatar,Saudi Arabia,"ICC Academy, Dubai",1555.96,1510.47,45.49,0.6,0.6,0.7,0.4,173.4,154.2,1.0,2,147.27,0.4545,11,0
1462908,2024-12-16,Bermuda,Cayman Islands,"St Albans Club, Buenos Aires",1647.41,1515.03,132.38,1.0,0.8,0.9,0.6,121.8,135.4,1.0,4,116.55,0.5455,11,1
1462909,2024-12-16,Bahamas,Mexico,"St George's College Ground, Buenos Aires",1481.33,1451.82,29.5,0.6,0.2,0.5,0.3,109.6,78.8,0.5,0,102.71,0.7143,7,1
1462910,2024-12-16,Belize,Suriname,"St Albans Club, Buenos Aires",1431.86,1424.36,7.51,0.4,0.2,0.3,0.1429,99.6,97.2,0.5,0,118.42,0.5833,12,0
1462911,2024-12-16,Argentina,Brazil,"St George's College Ground, Buenos Aires",1487.03,1460.99,26.04,0.6,0.4,0.7,0.375,107.0,94.4,0.5,0,101.75,0.75,8,1
1463658,2024-12-16,Saudi Arabia,Bahrain,"ICC Academy, Dubai",1528.56,1540.51,-11.95,0.6,0.4,0.4,0.5,145.4,143.8,0.3333,6,145.25,0.4167,12,0
1463659,2024-12-16,United Arab Emirates,Kuwait,"ICC Academy, Dubai",1694.74,1584.95,109.79,1.0,0.6,1.0,0.8,162.0,122.2,0.75,4,142.77,0.3846,13,1
1433384,2024-12-17,Bangladesh,West Indies,"Arnos Vale Ground, Kingstown, St Vincent",1590.68,1627.39,-36.71,0.2,0.2,0.4,0.4,143.8,169.2,0.4,15,131.75,1.0,4,1
1463660,2024-12-17,Qatar,Kuwait,"ICC Academy, Dubai",1537.88,1573.85,-35.97,0.4,0.4,0.7,0.7,164.0,144.0,0.4,5,144.57,0.4286,14,0
1463661,2024-12-17,Oman,Bahrain,"ICC Academy, Dubai",1528.75,1555.96,-27.21,0.4,0.6,0.3,0.5,145.8,133.2,0.6,5,144.13,0.4,15,1
1463662,2024-12-18,Oman,Saudi Arabia,"ICC Academy, Dubai",1546.0,1513.11,32.89,0.4,0.4,0.4,0.4,144.0,135.2,1.0,2,143.25,0.4375,16,0
1463663,2024-12-18,United Arab Emirates,Qatar,"ICC Academy, Dubai",1705.85,1523.53,182.32,1.0,0.2,1.0,0.6,157.2,154.6,1.0,3,144.53,0.4118,17,1
1433385,2024-12-19,Bangladesh,West Indies,"Arnos Vale Ground, Kingstown, St Vincent",1608.36,1609.7,-1.34,0.4,0.2,0.4,0.3,140.4,153.2,0.4375,16,131.2,1.0,5,1
1463664,2024-12-19,Saudi Arabia,United Arab Emirates,"ICC Academy, Dubai",1530.62,1714.15,-183.53,0.4,1.0,0.5,1.0,141.2,148.4,0.0,2,145.5,0.4444,18,1
1463665,2024-12-20,Bahrain,Qatar,"ICC Academy, Dubai",1538.71,1515.23,23.48,0.4,0.2,0.5,0.5,124.0,147.0,0.5,4,147.42,0.4737,19,0
1463666,2024-12-20,Oman,Kuwait,"ICC Academy, Dubai",1528.49,1588.2,-59.71,0.4,0.4,0.4,0.7,150.0,142.4,1.0,2,144.95,0.45,20,0
1463667,2024-12-21,United Arab Emirates,Kuwait,Dubai International Cricket Stadium,1690.4,1601.47,88.93,0.8,0.6,0.9,0.7,155.0,140.8,0.8,5,145.34,0.525,80,1
1443543,2024-12-28,New Zealand,Sri Lanka,"Bay Oval, Mount Maunganui",1654.94,1581.65,73.3,0.6,0.6,0.5,0.4,99.8,150.0,0.6364,22,150.5,0.5,2,1
1443544,2024-12-30,New Zealand,Sri Lanka,"Bay Oval, Mount Maunganui",1667.62,1568.97,98.64,0.8,0.6,0.6,0.4,107.0,147.0,0.6522,23,157.67,0.6667,3,1
1443545,2025-01-02,Sri Lanka,New Zealand,"Saxton Oval, Nelson",1557.4,1679.19,-121.8,0.4,0.8,0.4,0.7,142.8,136.0,0.3333,24,148.24,0.4946,0,1
1439899,2025-01-22,England,India,"Eden Gardens, Kolkata",1695.96,1841.58,-145.63,0.8,0.8,0.6,0.9,181.0,225.0,0.4583,24,177.75,0.75,4,0
1439900,2025-01-25,England,India,"MA Chidambaram Stadium, Chepauk, Chennai",1686.29,1851.24,-164.95,0.6,0.8,0.5,0.9,168.6,192.2,0.44,25,148.26,0.4946,0,0
1439901,2025-01-28,England,India,"Saurashtra Cricket Association Stadium, Rajkot",1677.37,1860.17,-182.8,0.4,0.8,0.5,0.9,165.0,185.0,0.4231,26,198.5,1.0,2,1
1439902,2025-01-31,India,England,"Maharashtra Cricket Association Stadium, Pune",1836.45,1701.09,135.36,0.8,0.4,0.8,0.5,189.2,167.0,0.5556,27,206.0,1.0,1,1
1439903,2025-02-02,India,England,"Wankhede Stadium, Mumbai",1846.51,1691.02,155.49,0.8,0.2,0.8,0.5,181.6,170.4,0.5714,28,162.0,1.0,1,1
1470186,2025-02-03,Hungary,Malta,Marsa Sports Club,1442.79,1382.78,60.0,0.4,0.2,0.3,0.1,121.2,145.4,0.5,2,157.04,0.4167,48,1
1470187,2025-02-03,Malta,Austria,Marsa Sports Club,1369.52,1545.8,-176.28,0.2,0.8,0.1,0.4,128.0,143.4,0.5,0,157.51,0.4286,49,0
1470188,2025-02-04,Hungary,Austria,Marsa Sports Club,1456.05,1554.32,-98.27,0.4,1.0,0.4,0.5,143.6,139.8,0.0,1,157.36,0.42,50,0
1470189,2025-02-04,Malta,Hungary,Marsa Sports Club,1361.01,1444.46,-83.45,0.2,0.4,0.1,0.4,130.2,154.4,0.3333,3,157.92,0.4118,51,0
1470190,2025-02-05,Malta,Austria,Marsa Sports Club,1348.78,1565.91,-217.13,0.0,1.0,0.1,0.6,123.4,155.2,0.0,1,158.29,0.4038,52,0
1470191,2025-02-05,Austria,Hungary,Marsa Sports Club,1573.03,1456.69,116.35,1.0,0.4,0.7,0.5,163.6,165.8,1.0,2,158.47,0.3962,53,0
1471822,2025-02-19,Bahrain,Indonesia,Udayana Cricket Ground,1521.63,1442.02,79.61,0.4,1.0,0.4,0.6,116.6,125.2,0.5,0,132.41,0.3636,22,1
1471823,2025-02-20,Indonesia,Bahrain,Udayana Cricket Ground,1429.63,1534.03,-104.4,0.8,0.6,0.6,0.5,125.0,125.2,0.0,1,133.43,0.3913,23,0
1473145,2025-02-20,Oman,United States of America,Al Amerat Cricket Ground Oman Cricket (Ministry Turf 1),1515.21,1536.22,-21.01,0.4,0.4,0.3,0.4,155.0,154.4,0.5,0,149.73,0.4157,89,0
1473146,2025-02-21,Oman,United States of America,Al Amerat Cricket Ground Oman Cricket (Ministry Turf 1),1500.18,1551.25,-51.07,0.2,0.4,0.3,0.5,152.2,157.0,0.0,1,150.18,0.4111,90,0
1471824,2025-02-22,Bahrain,Indonesia,Udayana Cricket Ground,1545.36,1418.29,127.06,0.6,0.6,0.5,0.6,105.8,107.0,1.0,2,129.0,0.375,24,0
1467705,2025-02-23,Ireland,Zimbabwe,Harare Sports Club,1542.24,1601.62,-59.38,0.2,0.6,0.4,0.6,138.6,161.0,0.5333,15,158.07,0.5814,43,0
1471825,2025-02-23,Bahrain,Indonesia,Udayana Cricket Ground,1523.75,1439.9,83.86,0.4,0.6,0.5,0.7,107.6,107.2,0.6667,3,128.96,0.36,25,1
1473147,2025-02-23,Oman,United States of America,Al Amerat Cricket Ground Oman Cricket (Ministry Turf 1),1486.51,1564.92,-78.4,0.2,0.6,0.3,0.6,153.8,152.6,0.0,2,150.08,0.4066,91,0
1471826,2025-02-24,Indonesia,Bahrain,Udayana Cricket Ground,1427.69,1535.97,-108.28,0.4,0.6,0.7,0.5,91.0,125.2,0.25,4,132.31,0.3846,26,0
1474260,2025-02-28,Bahrain,Singapore,Singapore National Cricket Ground,1547.13,1409.37,137.77,0.8,0.6,0.6,0.6,130.4,94.0,1.0,1,148.32,0.4933,0,1
1474261,2025-03-01,Singapore,Bahrain,Singapore National Cricket Ground,1399.4,1557.1,-157.71,0.6,0.8,0.6,0.7,106.6,132.6,0.0,2,167.0,1.0,1,0
1474262,2025-03-02,Singapore,Bahrain,Singapore National Cricket Ground,1390.2,1566.3,-176.1,0.6,0.8,0.5,0.7,91.8,148.6,0.0,3,137.0,0.5,2,0
1475525,2025-03-10,Malaysia,Bahrain,"Bayuemas Oval, Kuala Lumpur",1534.44,1574.82,-40.38,0.8,1.0,0.6,0.7,113.6,152.2,0.4,5,121.65,0.475,40,0
1475526,2025-03-11,Hong Kong,Bahrain,"Bayuemas Oval, Kuala Lumpur",1544.42,1588.97,-44.55,0.8,1.0,0.6,0.8,99.6,135.0,0.5,2,121.73,0.4634,41,0
1475527,2025-03-12,Hong Kong,Malaysia,"Bayuemas Oval, Kuala Lumpur",1530.46,1520.3,10.17,0.6,0.6,0.6,0.5,113.0,123.0,0.4286,14,121.64,0.4524,42,1
1475528,2025-03-13,Bahrain,Malaysia,"Bayuemas Oval, Kuala Lumpur",1602.93,1504.76,98.17,1.0,0.4,0.9,0.5,134.4,115.2,0.6667,6,123.12,0.4651,43,1
1475530,2025-03-15,Malaysia,Hong Kong,"Bayuemas Oval, Kuala Lumpur",1493.17,1545.99,-52.83,0.4,0.6,0.5,0.6,103.6,146.4,0.5333,15,123.18,0.4773,44,0
1443549,2025-03-16,Pakistan,New Zealand,"Hagley Oval, Christchurch",1573.89,1657.8,-83.91,0.4,0.6,0.4,0.6,147.2,162.4,0.5476,42,157.44,0.3333,9,0
1475531,2025-03-17,Hong Kong,Bahrain,"Bayuemas Oval, Kuala Lumpur",1559.58,1614.53,-54.95,0.6,1.0,0.7,0.9,125.2,126.2,0.3333,3,122.53,0.4667,45,0
1443550,2025-03-18,Pakistan,New Zealand,"University Oval, Dunedin",1561.68,1670.01,-108.33,0.2,0.8,0.3,0.6,132.4,153.8,0.5349,43,182.5,0.5,2,0
1476795,2025-03-19,Canada,Namibia,"Namibia Cricket Ground, Windhoek",1551.62,1519.6,32.02,0.6,0.0,0.5,0.2,120.0,137.4,0.5,0,148.23,0.4923,0,0
1443551,2025-03-21,New Zealand,Pakistan,"Eden Park, Auckland",1681.18,1550.51,130.66,0.8,0.0,0.7,0.2,159.6,147.2,0.4773,44,172.67,1.0,3,0
1476797,2025-03-22,Canada,Namibia,"Namibia Cricket Ground, Windhoek",1534.15,1537.07,-2.92,0.6,0.2,0.5,0.3,119.4,149.8,0.0,1,145.0,0.0,1,0
1443552,2025-03-23,New Zealand,Pakistan,"Bay Oval, Mount Maunganui",1659.43,1572.26,87.17,0.6,0.2,0.7,0.3,166.0,162.2,0.4667,45,164.75,0.75,4,1
1476798,2025-03-23,Canada,Namibia,"Namibia Cricket Ground, Windhoek",1518.29,1552.94,-34.65,0.4,0.4,0.4,0.3,103.2,117.2,0.0,2,93.5,0.0,2,0
1443553,2025-03-26,Pakistan,New Zealand,"Sky Stadium, Wellington",1560.19,1671.5,-111.3,0.2,0.6,0.3,0.7,148.8,172.8,0.5217,46,215.0,0.0,1,0
1478228,2025-04-07,Norway,Portugal,Santarem Cricket Ground,1536.84,1560.02,-23.18,0.8,0.4,0.8,0.7,128.4,141.2,0.5,0,167.33,0.3333,3,1
1478229,2025-04-08,Norway,Portugal,Santarem Cricket Ground,1553.91,1542.95,10.95,0.8,0.2,0.9,0.6,122.2,134.8,1.0,1,164.0,0.5,4,0
1478230,2025-04-09,Portugal,Norway,Santarem Cricket Ground,1559.46,1537.4,22.06,0.4,0.6,0.6,0.8,134.0,139.4,0.5,2,158.6,0.4,5,1
1479320,2025-04-09,Qatar,Nepal,"Mission Road Ground, Mong Kok, Hong Kong",1532.31,1587.83,-55.51,0.2,0.8,0.5,0.4,134.2,158.6,0.5,2,163.58,0.6316,19,0
1479321,2025-04-09,Hong Kong,Kuwait,"Mission Road Ground, Mong Kok, Hong Kong",1546.09,1589.48,-43.39,0.4,0.4,0.6,0.6,129.0,143.0,0.5,6,162.95,0.6,20,0
1479322,2025-04-10,Kuwait,Nepal,"Mission Road Ground, Mong Kok, Hong Kong",1603.49,1601.29,2.2,0.6,0.8,0.6,0.5,154.8,154.2,0.0,1,163.52,0.5714,21,0
1479323,2025-04-10,Hong Kong,Qatar,"Mission Road Ground, Mong Kok, Hong Kong",1532.08,1518.85,13.23,0.4,0.2,0.6,0.4,139.8,130.6,0.6667,3,164.5,0.5455,22,1
1479324,2025-04-12,Qatar,Kuwait,"Mission Road Ground, Mong Kok, Hong Kong",1503.46,1587.39,-83.94,0.2,0.6,0.3,0.5,131.8,160.4,0.3333,6,165.91,0.5652,23,0
1479326,2025-04-13,Hong Kong,Qatar,"Mission Road Ground, Mong Kok, Hong Kong",1547.47,1491.25,56.22,0.6,0.2,0.6,0.2,155.6,129.0,0.75,4,164.17,0.5417,24,1
1479327,2025-04-13,Kuwait,Nepal,"Mission Road Ground, Mong Kok, Hong Kong",1599.6,1617.39,-17.79,0.6,1.0,0.5,0.6,157.4,163.6,0.0,2,165.12,0.56,25,1
1481295,2025-04-17,Mexico,Costa Rica,"Clayton Panama, Panama City",1437.18,1472.6,-35.42,0.2,0.25,0.3,0.25,73.8,75.25,0.75,4,148.3,0.4916,0,1
1481296,2025-04-17,Panama,Turks and Caicos Island,"Clayton Panama, Panama City",1370.63,1500.0,-129.37,0.2,0.5,0.2,0.5,103.2,148.31,0.5,0,174.0,1.0,1,1
1481297,2025-04-18,Costa Rica,Panama,"Clayton Panama, Panama City",1454.98,1392.33,62.65,0.2,0.4,0.2,0.3,70.2,113.8,0.5,0,159.5,1.0,2,0
1481298,2025-04-18,Turks and Caicos Island,Mexico,"Clayton Panama, Panama City",1478.3,1454.8,23.5,0.0,0.4,0.0,0.3,96.0,91.6,0.5,0,136.67,0.6667,3,0
1481299,2025-04-19,Costa Rica,Turks and Caicos Island,"Clayton Panama, Panama City",1436.12,1461.22,-25.1,0.2,0.0,0.1667,0.0,72.0,97.5,0.5,0,127.25,0.5,4,0
1481300,2025-04-19,Panama,Mexico,"Clayton Panama, Panama City",1411.18,1471.88,-60.7,0.6,0.4,0.4,0.4,114.6,101.2,1.0,1,116.0,0.4,5,1
1481303,2025-04-19,United States of America,Cayman Islands,"Jimmy Powell Oval, Cayman Islands",1577.37,1504.84,72.52,0.6,0.8,0.6,0.6,153.2,132.2,1.0,2,148.23,0.4916,0,1
1481304,2025-04-19,Bermuda,Canada,"Jimmy Powell Oval, Cayman Islands",1657.59,1503.88,153.71,1.0,0.4,0.9,0.4,137.4,110.4,0.5,2,186.0,1.0,1,0
1481301,2025-04-20,Turks and Caicos Island,Costa Rica,"Clayton Panama, Panama City",1476.07,1421.28,54.79,0.3333,0.2,0.3333,0.1429,89.67,73.4,1.0,1,115.83,0.5,6,0
1481305,2025-04-20,United States of America,Bahamas,"Jimmy Powell Oval, Cayman Islands",1590.07,1495.97,94.1,0.8,0.6,0.7,0.6,161.0,105.2,1.0,1,145.5,0.5,2,1
1481306,2025-04-20,Bermuda,Cayman Islands,"Jimmy Powell Oval, Cayman Islands",1634.94,1492.14,142.8,0.8,0.6,0.8,0.6,139.0,136.4,1.0,5,169.33,0.6667,3,1
1481307,2025-04-21,Bahamas,Canada,"Jimmy Powell Oval, Cayman Islands",1484.2,1526.53,-42.33,0.4,0.4,0.6,0.5,97.0,104.0,0.5,0,161.25,0.75,4,0
1481308,2025-04-21,Bermuda,United States of America,"Jimmy Powell Oval, Cayman Islands",1644.71,1601.84,42.87,0.8,1.0,0.9,0.7,136.6,173.2,0.6667,3,137.2,0.6,5,0
1481309,2025-04-23,Canada,Cayman Islands,"Jimmy Powell Oval, Cayman Islands",1540.59,1482.37,58.22,0.4,0.4,0.5,0.6,96.6,136.0,1.0,4,126.0,0.5,6,1
1481310,2025-04-23,Bahamas,Bermuda,"Jimmy Powell Oval, Cayman Islands",1470.14,1626.75,-156.61,0.4,0.6,0.6,0.8,83.6,126.0,0.0,3,131.57,0.5714,7,0
1481311,2025-04-24,Cayman Islands,Bahamas,"Jimmy Powell Oval, Cayman Islands",1469.02,1460.9,8.12,0.2,0.2,0.5,0.5,105.4,74.4,1.0,2,121.5,0.5,8,1
1481312,2025-04-24,Canada,United States of America,"Jimmy Powell Oval, Cayman Islands",1553.93,1619.81,-65.88,0.6,1.0,0.6,0.7,100.6,148.6,0.25,8,127.44,0.5556,9,1
1482088,2025-04-24,Saudi Arabia,Thailand,"Bayuemas Oval, Kuala Lumpur",1554.36,1506.78,47.58,0.6,0.6,0.6,0.7,144.6,113.6,1.0,3,122.61,0.4565,46,1
1482089,2025-04-24,Malaysia,Singapore,"Bayuemas Oval, Kuala Lumpur",1479.58,1381.68,97.9,0.2,0.4,0.5,0.5,97.6,117.6,0.6667,9,123.32,0.4681,47,1
1482090,2025-04-25,Thailand,Malaysia,"Bayuemas Oval, Kuala Lumpur",1492.96,1491.19,1.77,0.4,0.2,0.6,0.5,96.0,124.6,0.0,6,124.29,0.4792,48,0
1482091,2025-04-25,Saudi Arabia,Singapore,"Bayuemas Oval, Kuala Lumpur",1568.18,1370.07,198.11,0.8,0.2,0.7,0.4,148.6,114.8,0.5,0,123.63,0.4694,49,1
1481313,2025-04-26,Cayman Islands,Canada,"Jimmy Powell Oval, Cayman Islands",1484.65,1572.93,-88.28,0.2,0.8,0.5,0.6,117.2,129.0,0.0,5,133.1,0.6,10,0
1481314,2025-04-26,Bermuda,United States of America,"Jimmy Powell Oval, Cayman Islands",1635.99,1600.81,35.18,0.6,0.8,0.8,0.7,101.2,153.6,0.5,4,132.09,0.5455,11,0
1482092,2025-04-26,Saudi Arabia,Malaysia,"Bayuemas Oval, Kuala Lumpur",1575.94,1507.27,68.67,0.8,0.4,0.7,0.5,159.0,118.2,0.0,1,124.72,0.48,50,0
1482093,2025-04-26,Singapore,Thailand,"Bayuemas Oval, Kuala Lumpur",1362.32,1476.88,-114.56,0.0,0.2,0.3,0.5,121.8,93.8,0.5,2,125.84,0.4706,51,1
1481315,2025-04-27,Canada,United States of America,"Jimmy Powell Oval, Cayman Islands",1584.95,1618.42,-33.47,1.0,0.8,0.7,0.7,125.6,151.2,0.3333,9,130.58,0.5,12,0
1482094,2025-04-28,Saudi Arabia,Thailand,"Bayuemas Oval, Kuala Lumpur",1556.81,1455.79,101.03,0.8,0.2,0.6,0.4,172.8,109.4,1.0,4,125.83,0.4808,52,1
1482096,2025-04-29,Malaysia,Thailand,"Bayuemas Oval, Kuala Lumpur",1526.39,1444.31,82.08,0.6,0.0,0.5,0.3,126.2,112.2,1.0,7,126.66,0.4906,53,1
1482097,2025-04-29,Singapore,Saudi Arabia,"Bayuemas Oval, Kuala Lumpur",1383.41,1568.29,-184.88,0.2,0.8,0.4,0.6,119.6,173.6,0.0,1,127.28,0.5,54,0
1482098,2025-04-30,Malaysia,Saudi Arabia,"Bayuemas Oval, Kuala Lumpur",1538.68,1576.5,-37.82,0.8,0.8,0.6,0.7,140.0,160.2,1.0,2,127.0,0.4909,55,0
1482100,2025-05-02,Singapore,Thailand,"Bayuemas Oval, Kuala Lumpur",1375.21,1432.02,-56.82,0.2,0.0,0.4,0.3,120.6,103.6,0.6667,3,127.59,0.4821,56,1
1482101,2025-05-02,Malaysia,Saudi Arabia,"Bayuemas Oval, Kuala Lumpur",1524.42,1590.76,-66.35,0.8,0.8,0.5,0.8,153.2,161.2,0.6667,3,127.28,0.4912,57,1
1482828,2025-05-06,Malta,Estonia,Marsa Sports Club,1341.65,1484.76,-143.11,0.0,0.8,0.1,0.7,130.6,124.0,0.0,1,157.35,0.3889,54,1
1482829,2025-05-06,Malta,Estonia,Marsa Sports Club,1363.89,1462.52,-98.63,0.2,0.6,0.2,0.6,144.8,130.0,0.5,2,158.11,0.4,55,0
1482819,2025-05-07,Thailand,Cook Islands,Sano International Cricket Ground,1413.43,1526.78,-113.35,0.0,0.6,0.2,0.7,101.6,119.4,0.5,0,154.08,0.6154,13,0
1482830,2025-05-07,Malta,Estonia,Marsa Sports Club,1352.31,1474.09,-121.78,0.2,0.6,0.2,0.7,179.2,144.4,0.3333,3,158.89,0.3929,56,1
1482820,2025-05-08,Japan,Thailand,Sano International Cricket Ground,1610.31,1402.47,207.84,1.0,0.0,1.0,0.1,129.8,108.0,1.0,1,151.93,0.5714,14,1
1482821,2025-05-09,Cook Islands,Thailand,Sano International Cricket Ground,1537.74,1395.04,142.69,0.6,0.0,0.7,0.1,123.4,94.8,1.0,1,149.13,0.6,15,0
1482822,2025-05-09,Japan,Cook Islands,Sano International Cricket Ground,1617.74,1515.51,102.23,1.0,0.6,1.0,0.6,136.0,124.0,0.5,0,144.31,0.5625,16,1
1482825,2025-05-11,Japan,Thailand,Sano International Cricket Ground,1629.16,1417.27,211.89,1.0,0.2,1.0,0.1,132.8,83.8,1.0,2,142.0,0.5882,17,0
1482826,2025-05-13,Cook Islands,Japan,Sano International Cricket Ground,1504.09,1604.46,-100.37,0.4,0.8,0.5,0.9,112.8,129.8,0.0,1,140.0,0.5556,18,0
1482827,2025-05-14,Japan,Cook Islands,Sano International Cricket Ground,1615.96,1492.59,123.37,0.8,0.2,0.9,0.5,120.2,99.6,1.0,2,138.11,0.5263,19,1
1484051,2025-05-17,Bangladesh,United Arab Emirates,Sharjah Cricket Stadium,1624.42,1702.39,-77.97,0.6,0.8,0.5,0.9,152.8,162.2,1.0,3,150.08,0.5833,12,1
1486225,2025-05-17,Austria,Slovenia,"Velden Cricket Ground, Latschach",1551.87,1426.69,125.18,0.8,0.2,0.7,0.1429,145.8,93.2,1.0,1,148.11,0.4923,0,1
1486227,2025-05-18,Slovenia,Austria,"Ballpark Ground, Graz",1416.21,1562.34,-146.13,0.2,0.8,0.125,0.8,98.2,152.2,0.0,2,148.12,0.4925,0,0
1486228,2025-05-18,Austria,Slovenia,"Ballpark Ground, Graz",1571.98,1406.57,165.41,0.8,0.2,0.9,0.1111,140.6,91.6,1.0,3,91.0,0.0,1,1
1484052,2025-05-19,Bangladesh,United Arab Emirates,Sharjah Cricket Stadium,1643.96,1682.86,-38.91,0.8,0.6,0.5,0.8,164.0,163.6,1.0,4,153.23,0.6154,13,0
1486582,2025-05-21,Bangladesh,United Arab Emirates,Sharjah Cricket Stadium,1629.74,1697.08,-67.34,0.8,0.6,0.4,0.8,172.2,171.2,0.8,5,156.93,0.5714,14,0
1483785,2025-05-28,Pakistan,Bangladesh,"Gaddafi Stadium, Lahore",1549.15,1616.8,-67.65,0.2,0.6,0.3,0.4,133.2,175.2,0.8421,19,175.33,0.7778,9,1
1483786,2025-05-30,Pakistan,Bangladesh,"Gaddafi Stadium, Lahore",1568.23,1597.73,-29.5,0.4,0.4,0.3,0.4,155.2,182.2,0.85,20,177.9,0.8,10,1
1483788,2025-05-30,Austria,Switzerland,"Velden Cricket Ground, Latschach",1580.89,1558.17,22.72,0.8,0.6,0.9,0.7,152.0,128.4,0.5,0,155.0,1.0,1,1
1485343,2025-05-30,Belgium,Portugal,"Stars Arena Hofstade, Zemst",1553.73,1574.44,-20.72,0.6,0.6,0.5,0.6,131.6,146.8,0.0,1,148.2,0.4927,0,0
1485345,2025-05-30,Malta,Portugal,"Stars Arena Hofstade, Zemst",1373.7,1589.49,-215.79,0.4,0.8,0.3,0.6,195.0,156.0,0.0,4,162.0,0.0,1,0
1485346,2025-05-30,Malta,Belgium,"Stars Arena Hofstade, Zemst",1366.53,1538.68,-172.15,0.4,0.4,0.2,0.5,183.6,141.6,0.2857,7,141.0,0.0,2,0
1483789,2025-05-31,Austria,Switzerland,"Velden Cricket Ground, Latschach",1595.85,1543.22,52.63,0.8,0.4,0.9,0.7,150.6,122.0,1.0,1,159.0,1.0,2,1
1485344,2025-05-31,Belgium,Portugal,"Stars Arena Hofstade, Zemst",1547.34,1596.66,-49.32,0.4,0.8,0.6,0.6,128.4,145.4,0.0,2,129.67,0.0,3,0
1485347,2025-05-31,Malta,Portugal,"Stars Arena Hofstade, Zemst",1357.87,1610.41,-252.53,0.4,1.0,0.2,0.6,171.4,143.4,0.0,5,122.75,0.0,4,0
1485348,2025-05-31,Belgium,Malta,"Stars Arena Hofstade, Zemst",1533.6,1351.81,181.79,0.4,0.2,0.5,0.2,128.8,158.2,0.75,8,124.8,0.0,5,1
1486784,2025-05-31,Austria,Switzerland,"Velden Cricket Ground, Latschach",1609.44,1529.62,79.82,1.0,0.4,0.9,0.6,163.2,116.4,1.0,2,159.67,1.0,3,0
1483787,2025-06-01,Bangladesh,Pakistan,"Gaddafi Stadium, Lahore",1580.37,1585.58,-5.21,0.2,0.6,0.4,0.3,173.2,168.4,0.1429,21,180.0,0.8182,11,0
1486224,2025-06-01,Belgium,Portugal,"Stars Arena Hofstade, Zemst",1541.92,1616.47,-74.55,0.6,1.0,0.5,0.7,146.2,143.0,0.0,3,133.5,0.1667,6,1
1486785,2025-06-01,Austria,Switzerland,"Velden Cricket Ground, Latschach",1589.83,1549.24,40.59,0.8,0.6,0.8,0.6,161.8,136.8,0.6667,3,156.75,0.75,4,1
1448346,2025-06-06,England,West Indies,"Riverside Ground, Chester-le-Street",1681.74,1593.64,88.1,0.2,0.2,0.5,0.2,146.2,143.4,0.4706,34,139.0,0.0,1,1
1487813,2025-06-06,Jersey,Guernsey,"Grainville, St Saviour",1623.06,1575.51,47.55,0.8,0.8,0.8,0.7,173.8,117.2,0.75,4,148.24,0.4923,0,0
1486790,2025-06-07,Slovenia,Serbia,Lisicji Jarak Cricket Ground,1397.66,1351.23,46.43,0.2,0.0,0.1,0.2,97.0,98.8,0.5,0,170.67,0.3333,3,0
1487814,2025-06-07,Guernsey,Jersey,"Grainville, St Saviour",1593.69,1604.88,-11.2,0.8,0.8,0.7,0.8,110.4,167.4,0.4,5,116.0,0.0,1,0
1487815,2025-06-07,Jersey,Guernsey,"Grainville, St Saviour",1620.37,1578.2,42.17,0.8,0.6,0.8,0.6,144.0,103.8,0.6667,6,111.5,0.0,2,1
1448347,2025-06-08,West Indies,England,"County Ground, Bristol",1581.61,1693.77,-112.15,0.2,0.4,0.1,0.5,147.8,157.4,0.5143,35,209.0,1.0,3,0
1483731,2025-06-08,Czech Republic,Austria,"Scott Page Field, Vinor",1522.34,1603.97,-81.63,0.4,0.8,0.6,0.8,124.4,181.2,0.25,4,150.42,0.25,12,0
1483732,2025-06-08,Norway,Czech Republic,"Scott Page Field, Vinor",1522.42,1510.03,12.39,0.4,0.4,0.7,0.6,134.0,125.6,0.5,0,147.54,0.2308,13,1
1486791,2025-06-08,Serbia,Slovenia,Lisicji Jarak Cricket Ground,1369.36,1379.54,-10.18,0.2,0.0,0.2,0.1,123.8,109.4,1.0,1,177.75,0.25,4,1
1483733,2025-06-09,Norway,Austria,"Scott Page Field, Vinor",1537.85,1616.28,-78.43,0.4,0.8,0.7,0.8,126.8,155.8,0.0,1,146.93,0.2857,14,1
1483734,2025-06-09,Austria,Czech Republic,"Scott Page Field, Vinor",1596.73,1494.6,102.12,0.6,0.4,0.7,0.5,150.6,110.4,0.8,5,147.73,0.3333,15,1
1448348,2025-06-10,England,West Indies,"The Rose Bowl, Southampton",1704.78,1570.61,134.17,0.6,0.0,0.5,0.1,164.2,142.8,0.5,36,187.0,1.0,4,1
1483735,2025-06-10,Norway,Czech Republic,"Scott Page Field, Vinor",1557.4,1483.17,74.22,0.6,0.2,0.7,0.4,144.8,109.4,1.0,1,152.5,0.375,16,1
1483736,2025-06-10,Norway,Austria,"Scott Page Field, Vinor",1570.03,1608.15,-38.12,0.6,0.6,0.7,0.8,148.8,163.2,0.5,2,153.76,0.4118,17,0
1488319,2025-06-11,Indonesia,Cambodia,Udayana Cricket Ground,1416.52,1418.43,-1.91,0.2,0.2,0.6,0.1,94.6,133.2,0.5714,7,131.85,0.3704,27,0
1488320,2025-06-12,Indonesia,Cambodia,Udayana Cricket Ground,1400.61,1434.34,-33.74,0.2,0.4,0.5,0.2,100.8,132.2,0.5,8,131.57,0.3571,28,0
1488321,2025-06-12,Indonesia,Cambodia,Udayana Cricket Ground,1386.15,1448.79,-62.64,0.2,0.6,0.4,0.3,126.6,139.2,0.4444,9,132.41,0.3448,29,0
1489581,2025-06-12,Canada,Bahamas,"Maple Leaf North-East Ground, King City",1570.49,1445.27,125.21,0.8,0.2,0.6,0.4,137.6,70.2,1.0,1,148.32,0.492,0,1
1489582,2025-06-12,Bermuda,Cayman Islands,"Maple Leaf North-East Ground, King City",1618.37,1472.63,145.74,0.4,0.2,0.7,0.5,96.2,116.4,1.0,6,219.0,1.0,1,1
1488338,2025-06-13,Denmark,Finland,"Ishoj Cricket Club, Vejledalen",1475.67,1447.73,27.94,0.6,0.6,0.4,0.3,171.2,135.0,0.8,5,148.35,0.4924,0,1
1489584,2025-06-13,Bermuda,Bahamas,"Maple Leaf North-East Ground, King City",1628.03,1434.8,193.22,0.6,0.0,0.7,0.3,109.6,73.6,1.0,4,195.5,1.0,2,1
1489585,2025-06-13,Canada,Cayman Islands,"Maple Leaf North-East Ground, King City",1580.96,1462.97,117.99,0.8,0.2,0.6,0.4,172.2,123.4,1.0,6,184.67,1.0,3,1
1488322,2025-06-14,Cambodia,Indonesia,Udayana Cricket Ground,1461.94,1373.01,88.93,0.8,0.0,0.4,0.3,132.2,124.8,0.6,10,132.0,0.3333,30,0
1488339,2025-06-14,Finland,Norway,"Ishoj Cricket Club, Vejledalen",1433.01,1555.78,-122.77,0.4,0.6,0.3,0.6,126.8,151.2,0.0,4,198.0,1.0,1,1
1488340,2025-06-14,Denmark,Sweden,Koge Cricket Club,1490.39,1493.35,-2.96,0.8,0.6,0.4,0.6,190.4,133.6,0.3333,3,148.36,0.493,0,1
1488341,2025-06-14,Denmark,Norway,Koge Cricket Club,1506.52,1534.35,-27.83,0.8,0.6,0.5,0.5,178.6,142.0,1.0,2,166.0,1.0,1,0
1488342,2025-06-14,Sweden,Finland,"Ishoj Cricket Club, Vejledalen",1477.22,1454.44,22.77,0.4,0.6,0.6,0.4,141.2,118.4,0.4,5,149.0,1.0,2,1
1472516,2025-06-15,West Indies,Ireland,"Bready Cricket Club, Magheramason, Bready",1560.5,1528.94,31.55,0.0,0.2,0.1,0.4,157.0,146.8,0.5,6,158.67,1.0,3,1
1485938,2025-06-15,Scotland,Netherlands,"Titwood, Glasgow",1569.1,1570.27,-1.17,0.2,0.6,0.4,0.5,152.4,145.2,0.5385,13,148.42,0.4934,0,1
1488324,2025-06-15,Indonesia,Cambodia,Udayana Cricket Ground,1393.02,1441.93,-48.92,0.2,0.8,0.3,0.4,117.0,119.4,0.4545,11,129.71,0.3226,31,0
1488325,2025-06-15,Indonesia,Cambodia,Udayana Cricket Ground,1379.25,1455.69,-76.44,0.2,0.8,0.2,0.5,119.6,121.0,0.4167,12,129.81,0.3125,32,0
1488326,2025-06-15,Canada,Bermuda,"Maple Leaf North-West Ground, King City",1591.72,1635.95,-44.22,0.8,0.6,0.7,0.7,186.4,114.8,0.6667,3,130.5,0.5,6,1
1488327,2025-06-15,Cayman Islands,Bahamas,"Maple Leaf North-West Ground, King City",1452.21,1426.89,25.32,0.2,0.0,0.3,0.2,124.0,89.0,1.0,3,141.14,0.5714,7,1
1488343,2025-06-15,Sweden,Norway,"Ishoj Cricket Club, Vejledalen",1492.17,1549.07,-56.9,0.6,0.6,0.6,0.5,147.0,150.4,0.0,1,153.0,1.0,3,0
1488344,2025-06-15,Finland,Norway,"Ishoj Cricket Club, Vejledalen",1439.49,1562.48,-122.98,0.4,0.6,0.4,0.6,118.4,149.0,0.2,5,152.0,0.75,4,1
1488328,2025-06-16,Canada,Cayman Islands,"Maple Leaf North-West Ground, King City",1609.75,1467.04,142.71,0.8,0.4,0.8,0.3,190.6,146.4,1.0,7,146.38,0.625,8,1
1488329,2025-06-16,Bahamas,Bermuda,"Maple Leaf North-West Ground, King City",1412.05,1617.92,-205.87,0.0,0.6,0.2,0.6,109.8,119.8,0.0,5,148.11,0.6667,9,0
1490239,2025-06-16,Cambodia,Indonesia,Udayana Cricket Ground,1468.23,1366.72,101.51,0.8,0.2,0.6,0.2,115.4,114.4,0.6154,13,128.85,0.303,33,0
1485940,2025-06-17,Scotland,Nepal,"Titwood, Glasgow",1585.16,1600.57,-15.42,0.2,0.8,0.4,0.6,153.8,166.4,0.5,0,160.0,1.0,1,0
1485942,2025-06-18,Netherlands,Scotland,"Titwood, Glasgow",1554.22,1569.87,-15.65,0.6,0.2,0.5,0.4,144.6,137.2,0.4286,14,128.5,0.5,2,1
1488330,2025-06-18,Cayman Islands,Bermuda,"Maple Leaf North-West Ground, King City",1457.27,1625.41,-168.14,0.2,0.6,0.2,0.6,132.0,127.0,0.0,7,142.3,0.6,10,0
1488331,2025-06-18,Bahamas,Canada,"Maple Leaf North-West Ground, King City",1404.56,1619.52,-214.97,0.0,0.8,0.1,0.9,117.6,198.0,0.0,2,140.36,0.5455,11,0
1485941,2025-06-19,Netherlands,Nepal,"Titwood, Glasgow",1570.94,1615.86,-44.92,0.6,0.8,0.6,0.7,157.8,153.2,0.6,10,151.67,0.6667,3,0
1488332,2025-06-19,Bermuda,Bahamas,"Maple Leaf North-West Ground, King City",1634.22,1397.36,236.86,0.8,0.0,0.6,0.1,129.4,108.8,1.0,6,133.0,0.5,12,1
1488333,2025-06-19,Canada,Cayman Islands,"Maple Leaf North-West Ground, King City",1626.72,1448.46,178.26,1.0,0.2,0.9,0.2,175.2,131.8,1.0,8,131.54,0.5385,13,1
1485943,2025-06-20,Scotland,Nepal,"Titwood, Glasgow",1553.15,1629.81,-76.66,0.2,0.8,0.3,0.8,142.6,157.8,0.0,1,157.25,0.5,4,1
1486786,2025-06-21,Hungary,Slovenia,"GB Oval, Szodliget",1477.85,1363.07,114.78,0.6,0.0,0.6,0.1,163.8,129.6,0.5,0,136.0,0.5,2,1
1486787,2025-06-21,Hungary,Slovenia,"GB Oval, Szodliget",1488.75,1352.17,136.58,0.8,0.0,0.6,0.1,172.0,132.0,1.0,1,162.0,0.6667,3,1
1487631,2025-06-21,Switzerland,Luxembourg,Pierre Werner Cricket Ground,1535.1,1407.98,127.12,0.4,0.2,0.5,0.4,142.2,126.2,0.5,2,170.0,1.0,3,1
1487632,2025-06-21,Switzerland,Luxembourg,Pierre Werner Cricket Ground,1545.49,1397.59,147.9,0.4,0.2,0.5,0.3,153.6,129.6,0.6667,3,168.25,1.0,4,1
1488334,2025-06-21,Bahamas,Canada,"Maple Leaf North-West Ground, King City",1390.84,1635.16,-244.32,0.0,1.0,0.0,0.9,104.0,147.6,0.0,3,127.93,0.5714,14,0
1488335,2025-06-21,Bermuda,Cayman Islands,"Maple Leaf North-West Ground, King City",1640.74,1440.02,200.72,0.8,0.2,0.7,0.2,117.8,111.2,1.0,8,123.2,0.5333,15,0
1486788,2025-06-22,Slovenia,Hungary,"GB Oval, Szodliget",1342.16,1498.77,-156.61,0.0,0.8,0.1,0.6,145.8,180.4,0.0,2,177.0,0.75,4,0
1487633,2025-06-22,Switzerland,Luxembourg,Pierre Werner Cricket Ground,1555.06,1388.02,167.05,0.6,0.0,0.5,0.2,160.4,131.6,0.75,4,168.2,1.0,5,0
1488336,2025-06-22,Cayman Islands,Bahamas,"Maple Leaf North-West Ground, King City",1464.35,1384.55,79.81,0.4,0.0,0.3,0.0,117.6,86.4,1.0,4,124.19,0.5,16,1
1490882,2025-06-26,France,Malta,"Moara Vlasiei Cricket Ground, Ilfov County",1523.75,1343.49,180.26,0.6,0.2,0.6,0.2,139.8,132.6,0.6667,6,164.44,0.5,18,0
1490884,2025-06-26,Belgium,Malta,"Moara Vlasiei Cricket Ground, Ilfov County",1561.3,1367.12,194.18,0.6,0.2,0.6,0.3,145.6,108.0,0.7778,9,161.32,0.4737,19,1
1490885,2025-06-27,Hungary,Austria,"Moara Vlasiei Cricket Ground, Ilfov County",1508.01,1622.41,-114.4,1.0,0.8,0.7,0.8,173.4,164.6,0.3333,3,163.2,0.5,20,0
1490886,2025-06-27,Belgium,France,"Moara Vlasiei Cricket Ground, Ilfov County",1569.18,1500.12,69.06,0.8,0.4,0.6,0.6,153.0,131.0,0.5,2,164.29,0.4762,21,1
1490887,2025-06-27,Hungary,Romania,"Moara Vlasiei Cricket Ground, Ilfov County",1497.09,1571.41,-74.32,0.8,0.8,0.6,0.8,174.6,132.0,0.3333,3,164.91,0.5,22,0
1490888,2025-06-28,Belgium,Austria,"Moara Vlasiei Cricket Ground, Ilfov County",1582.04,1633.32,-51.28,0.8,0.8,0.6,0.8,166.4,164.6,0.5,0,164.13,0.4783,23,0
1490889,2025-06-28,Malta,Romania,"Moara Vlasiei Cricket Ground, Ilfov County",1359.23,1584.04,-224.8,0.2,0.8,0.3,0.8,110.8,128.6,0.4444,9,163.25,0.4583,24,1
1490890,2025-06-29,Hungary,France,"Moara Vlasiei Cricket Ground, Ilfov County",1484.46,1487.26,-2.8,0.6,0.4,0.6,0.5,184.0,140.2,0.5,0,162.24,0.48,25,1
1490471,2025-07-05,Jersey,Netherlands,"Sportpark Westvliet, Voorburg",1634.44,1557.0,77.44,0.8,0.6,0.8,0.6,126.2,165.0,0.5,0,148.42,0.4936,0,0
1490472,2025-07-05,Guernsey,Italy,"Sportpark Westvliet, Voorburg",1564.13,1614.46,-50.32,0.6,1.0,0.6,0.8,112.0,141.0,0.0,1,160.0,0.0,1,0
1492880,2025-07-05,Malawi,Germany,"TCA Oval, Blantyre",1468.2,1574.54,-106.34,0.2,0.6,0.5,0.5,85.8,163.2,0.5,0,99.33,0.0,3,0
1490870,2025-07-06,Philippines,Indonesia,Udayana Cricket Ground,1434.73,1387.26,47.46,0.6,0.4,0.5,0.3,128.2,114.0,0.5714,7,129.53,0.2941,34,1
1492881,2025-07-06,Bahrain,Germany,"TCA Oval, Blantyre",1628.02,1585.79,42.22,1.0,0.8,0.9,0.5,130.4,159.8,1.0,1,110.5,0.0,4,1
1490871,2025-07-07,South Korea,Philippines,Udayana Cricket Ground,1373.68,1448.56,-74.88,0.0,0.6,0.0,0.6,87.4,142.2,0.0,2,131.06,0.3143,35,0
1490872,2025-07-07,Indonesia,Philippines,Udayana Cricket Ground,1373.44,1461.16,-87.72,0.4,0.6,0.2,0.6,116.0,122.8,0.375,8,129.64,0.3056,36,1
1492883,2025-07-07,Tanzania,Germany,"TCA Oval, Blantyre",1540.56,1571.73,-31.17,0.8,0.6,0.5,0.5,67.0,155.4,0.5,0,129.8,0.2,5,0
1492884,2025-07-07,Malawi,Bahrain,"TCA Oval, Blantyre",1456.95,1642.08,-185.13,0.0,1.0,0.4,1.0,108.4,142.6,0.5,0,130.67,0.1667,6,0
1490475,2025-07-08,Jersey,Guernsey,"Sportpark Westvliet, Voorburg",1614.93,1550.44,64.49,0.6,0.4,0.7,0.6,118.6,116.0,0.7143,7,141.0,0.0,2,1
1490476,2025-07-08,Scotland,Netherlands,"Sportpark Westvliet, Voorburg",1572.62,1576.51,-3.89,0.4,0.6,0.4,0.6,156.0,160.2,0.5333,15,147.33,0.3333,3,1
1490873,2025-07-08,Indonesia,South Korea,Udayana Cricket Ground,1393.39,1361.08,32.32,0.4,0.0,0.3,0.0,135.0,87.8,1.0,4,130.46,0.3243,37,1
1492879,2025-07-08,Bahrain,Tanzania,"TCA Oval, Blantyre",1650.28,1525.99,124.29,1.0,0.8,1.0,0.5,138.8,79.8,1.0,1,127.57,0.1429,7,0
1490477,2025-07-09,Italy,Scotland,"Sportpark Westvliet, Voorburg",1628.15,1588.8,39.36,1.0,0.6,0.9,0.4,133.2,155.8,0.0,1,147.5,0.5,4,1
1490478,2025-07-09,Netherlands,Guernsey,"Sportpark Westvliet, Voorburg",1560.33,1537.37,22.96,0.4,0.2,0.5,0.5,159.2,111.8,0.5,0,151.4,0.6,5,1
1490874,2025-07-09,South Korea,Philippines,Udayana Cricket Ground,1346.56,1441.2,-94.65,0.0,0.6,0.0,0.5,82.8,127.0,0.0,3,131.45,0.3421,38,1
1490875,2025-07-09,South Korea,Indonesia,Udayana Cricket Ground,1366.81,1407.91,-41.1,0.2,0.6,0.1,0.4,97.0,142.0,0.0,5,132.82,0.359,39,0
1485508,2025-07-10,Bangladesh,Sri Lanka,Pallekele International Cricket Stadium,1564.61,1578.79,-14.18,0.0,0.4,0.4,0.4,174.2,153.2,0.3529,17,175.32,0.5909,22,0
1490876,2025-07-10,Indonesia,Philippines,Udayana Cricket Ground,1422.03,1420.95,1.07,0.8,0.6,0.5,0.5,133.0,136.6,0.4444,9,130.8,0.35,40,0
1490877,2025-07-10,Philippines,South Korea,Udayana Cricket Ground,1437.0,1352.7,84.3,0.6,0.2,0.6,0.1,140.2,98.0,0.75,4,131.8,0.3415,41,1
1491604,2025-07-10,Bulgaria,Gibraltar,"Vassil Levski National Sports Academy, Sofia",1346.72,1407.14,-60.43,0.0,0.4,0.2,0.5,113.6,115.8,0.5,4,148.48,0.4937,0,0
1491605,2025-07-10,Turkey,Bulgaria,"Vassil Levski National Sports Academy, Sofia",1382.78,1333.47,49.31,0.0,0.0,0.1,0.1,107.0,133.4,0.0,1,217.0,0.0,1,0
1492887,2025-07-10,Tanzania,Bahrain,"TCA Oval, Blantyre",1547.48,1628.79,-81.31,0.8,0.8,0.6,0.9,119.0,156.4,0.5,2,137.75,0.125,8,0
1492888,2025-07-10,Malawi,Germany,"TCA Oval, Blantyre",1448.75,1586.3,-137.55,0.0,0.6,0.4,0.6,110.2,138.8,0.0,1,139.56,0.1111,9,1
1490479,2025-07-11,Scotland,Jersey,"Sportpark Westvliet, Voorburg",1574.6,1627.99,-53.39,0.4,0.6,0.3,0.7,154.8,136.4,1.0,1,154.83,0.6667,6,0
1490480,2025-07-11,Italy,Netherlands,"Sportpark Westvliet, Voorburg",1642.35,1575.27,67.08,1.0,0.6,0.9,0.6,143.0,169.4,0.5,0,151.71,0.5714,7,0
1491606,2025-07-11,Turkey,Gibraltar,"Vassil Levski National Sports Academy, Sofia",1364.53,1420.39,-55.86,0.0,0.6,0.1,0.5,116.6,133.0,0.5,0,206.0,0.0,2,0
1491607,2025-07-11,Gibraltar,Bulgaria,"Vassil Levski National Sports Academy, Sofia",1433.84,1351.73,82.11,0.8,0.2,0.6,0.2,143.8,154.0,0.6,5,187.0,0.0,3,0
1490878,2025-07-12,Indonesia,South Korea,Udayana Cricket Ground,1405.98,1340.5,65.47,0.6,0.2,0.5,0.1,136.6,113.4,1.0,6,134.52,0.3571,42,0
1490879,2025-07-12,Philippines,South Korea,Udayana Cricket Ground,1449.19,1359.48,89.71,0.6,0.4,0.6,0.2,152.8,130.4,0.8,5,135.16,0.3488,43,1
1491608,2025-07-12,Turkey,Bulgaria,"Vassil Levski National Sports Academy, Sofia",1351.08,1371.44,-20.36,0.0,0.4,0.1,0.2,126.2,177.0,0.0,2,201.0,0.0,4,1
1491609,2025-07-12,Turkey,Gibraltar,"Vassil Levski National Sports Academy, Sofia",1368.01,1414.12,-46.11,0.2,0.8,0.2,0.5,158.8,167.2,0.0,1,208.2,0.2,5,0
1492889,2025-07-12,Malawi,Bahrain,"TCA Oval, Blantyre",1470.77,1641.11,-170.34,0.2,0.8,0.4,0.9,125.8,162.6,0.0,1,142.2,0.2,10,0
1492890,2025-07-12,Germany,Tanzania,"TCA Oval, Blantyre",1564.27,1535.16,29.12,0.6,0.6,0.5,0.6,140.2,142.2,1.0,1,135.82,0.1818,11,0
1485509,2025-07-13,Bangladesh,Sri Lanka,Rangiri Dambulla International Stadium,1549.26,1594.14,-44.87,0.0,0.4,0.4,0.5,164.0,157.0,0.3333,18,149.2,0.4,5,1
1490880,2025-07-13,Indonesia,Philippines,Udayana Cricket Ground,1387.0,1461.15,-74.15,0.6,0.6,0.5,0.6,143.0,173.4,0.4,10,136.27,0.3636,44,0
1490881,2025-07-13,South Korea,Indonesia,Udayana Cricket Ground,1347.53,1374.36,-26.83,0.4,0.4,0.2,0.4,127.0,139.2,0.1429,7,136.38,0.3556,45,0
1491610,2025-07-13,Gibraltar,Bulgaria,"Vassil Levski National Sports Academy, Sofia",1428.01,1354.5,73.51,0.8,0.4,0.5,0.2,185.4,182.6,0.5,6,205.67,0.1667,6,0
1492891,2025-07-13,Germany,Malawi,"TCA Oval, Blantyre",1546.94,1462.04,84.89,0.4,0.2,0.5,0.3,148.2,118.4,0.5,2,136.17,0.1667,12,1
1492892,2025-07-13,Bahrain,Tanzania,"TCA Oval, Blantyre",1649.84,1552.5,97.34,0.8,0.6,0.9,0.6,152.0,153.8,0.6667,3,142.54,0.2308,13,0
1478865,2025-07-14,Zimbabwe,South Africa,Harare Sports Club,1614.91,1643.17,-28.26,0.6,0.6,0.7,0.4,120.4,175.4,0.0,5,157.59,0.5682,44,0
1478866,2025-07-16,New Zealand,South Africa,Harare Sports Club,1682.54,1657.87,24.67,0.8,0.6,0.7,0.5,156.8,178.2,0.2667,15,157.22,0.5556,45,1
1485510,2025-07-16,Sri Lanka,Bangladesh,"R Premadasa Stadium, Colombo",1576.08,1567.32,8.76,0.4,0.2,0.5,0.4,155.2,167.0,0.6316,19,128.45,0.1818,11,0
1494115,2025-07-17,Kenya,Nigeria,Entebbe Cricket Oval,1614.96,1555.52,59.43,0.8,0.4,0.7,0.4,136.0,113.6,0.7273,11,140.0,0.75,8,1
1478867,2025-07-18,Zimbabwe,New Zealand,Harare Sports Club,1600.21,1697.41,-97.2,0.4,0.8,0.7,0.8,116.0,173.0,0.0,6,157.57,0.5652,46,0
1494090,2025-07-18,Hong Kong,Malaysia,Singapore National Cricket Ground,1560.9,1543.43,17.47,0.6,0.8,0.6,0.5,156.2,146.2,0.5,16,138.67,0.3333,3,0
1494091,2025-07-18,Singapore,Samoa,Singapore National Cricket Ground,1393.8,1469.42,-75.62,0.4,0.6,0.4,0.4,114.2,155.0,0.5,0,141.75,0.25,4,1
1494116,2025-07-18,Uganda,Nigeria,Entebbe Cricket Oval,1798.63,1542.24,256.4,1.0,0.4,1.0,0.3,151.8,101.4,1.0,10,136.44,0.7778,9,1
1495453,2025-07-18,Rwanda,Bahrain,"Gahanga International Cricket Stadium, Rwanda",1414.44,1629.47,-215.03,0.4,0.6,0.4,0.8,128.6,128.4,0.5,0,145.96,0.6122,49,0
1494092,2025-07-19,Singapore,Malaysia,Singapore National Cricket Ground,1413.23,1560.24,-147.01,0.6,0.8,0.4,0.6,113.0,158.0,0.3,10,140.6,0.4,5,0
1494093,2025-07-19,Hong Kong,Samoa,Singapore National Cricket Ground,1544.1,1449.99,94.11,0.4,0.6,0.5,0.4,167.4,151.0,0.5,0,134.67,0.3333,6,1
1494108,2025-07-19,Uganda,United Arab Emirates,Entebbe Cricket Oval,1804.59,1710.01,94.57,1.0,0.6,1.0,0.8,142.0,172.0,0.5,0,140.8,0.8,10,1
1494766,2025-07-19,Qatar,Saudi Arabia,"West End Park International Cricket Stadium, Doha",1477.82,1571.74,-93.93,0.2,0.6,0.2,0.7,138.6,149.0,0.6667,3,140.95,0.4324,37,0
1495454,2025-07-19,Malawi,Bahrain,"Gahanga International Cricket Stadium, Rwanda",1449.88,1636.67,-186.79,0.2,0.6,0.2,0.8,134.6,127.2,0.0,2,145.08,0.6,50,0
1495455,2025-07-19,Malawi,Rwanda,"Gahanga International Cricket Stadium, Rwanda",1441.74,1407.25,34.49,0.2,0.4,0.1,0.3,128.2,126.8,0.4,5,144.43,0.5882,51,0
1472520,2025-07-20,West Indies,Australia,"Sabina Park, Kingston, Jamaica",1575.05,1782.23,-207.18,0.2,0.8,0.2,0.8,187.8,146.0,0.5,22,181.67,0.6667,6,0
1478868,2025-07-20,Zimbabwe,South Africa,Harare Sports Club,1588.57,1643.01,-54.44,0.4,0.6,0.6,0.5,118.4,167.0,0.0,6,156.77,0.5532,47,0
1491903,2025-07-20,Pakistan,Bangladesh,"Shere Bangla National Stadium, Mirpur",1601.34,1583.72,17.62,0.6,0.4,0.4,0.4,166.4,160.8,0.8636,22,138.22,0.4783,23,0
1494094,2025-07-20,Hong Kong,Singapore,Singapore National Cricket Ground,1555.87,1403.62,152.25,0.6,0.6,0.5,0.3,176.6,117.6,0.75,4,140.0,0.4286,7,1
1494095,2025-07-20,Samoa,Malaysia,Singapore National Cricket Ground,1438.22,1569.84,-131.62,0.4,0.8,0.4,0.7,139.8,142.8,0.5,0,149.12,0.5,8,0
1495456,2025-07-20,Malawi,Bahrain,"Gahanga International Cricket Stadium, Rwanda",1424.15,1644.81,-220.65,0.2,0.8,0.1,0.8,129.0,108.6,0.0,3,143.83,0.5769,52,0
1495457,2025-07-20,Rwanda,Bahrain,"Gahanga International Cricket Stadium, Rwanda",1424.83,1651.82,-226.99,0.4,0.8,0.4,0.8,119.2,105.2,0.0,1,143.74,0.566,53,0
1494103,2025-07-21,Uganda,Kenya,Entebbe Cricket Oval,1816.34,1628.25,188.09,1.0,0.8,1.0,0.7,137.0,112.8,0.6923,13,139.45,0.8182,11,1
1494118,2025-07-21,Nigeria,United Arab Emirates,Entebbe Cricket Oval,1536.28,1698.27,-161.98,0.4,0.6,0.2,0.7,92.8,161.8,0.0,1,140.92,0.8333,12,0
1494767,2025-07-21,Saudi Arabia,Qatar,"West End Park International Cricket Stadium, Doha",1583.52,1466.04,117.48,0.8,0.0,0.8,0.1,151.2,156.0,0.5,4,142.21,0.4211,38,0
1472521,2025-07-22,West Indies,Australia,"Sabina Park, Kingston, Jamaica",1567.6,1789.68,-222.08,0.2,0.8,0.2,0.8,203.8,148.2,0.4783,23,182.71,0.5714,7,0
1478869,2025-07-22,South Africa,New Zealand,Harare Sports Club,1656.52,1709.04,-52.52,0.8,0.8,0.5,0.8,166.4,170.0,0.6875,16,156.5,0.5417,48,0
1491904,2025-07-22,Bangladesh,Pakistan,"Shere Bangla National Stadium, Mirpur",1600.53,1584.53,16.0,0.6,0.6,0.4,0.4,154.4,167.4,0.1739,23,137.04,0.4583,24,1
1494096,2025-07-22,Hong Kong,Malaysia,Singapore National Cricket Ground,1565.27,1580.06,-14.78,0.8,0.8,0.6,0.8,184.2,133.4,0.4706,17,144.67,0.4444,9,0
1494097,2025-07-22,Samoa,Singapore,Singapore National Cricket Ground,1428.01,1394.21,33.79,0.2,0.4,0.4,0.3,125.0,124.8,0.0,1,144.2,0.4,10,0
1494583,2025-07-22,Uganda,Nigeria,Entebbe Cricket Oval,1824.43,1527.24,297.19,1.0,0.2,1.0,0.2,138.8,94.2,1.0,11,134.54,0.7692,13,1
1494768,2025-07-22,Qatar,Saudi Arabia,"West End Park International Cricket Stadium, Doha",1487.25,1562.31,-75.06,0.2,0.6,0.2,0.7,160.4,151.0,0.6,5,142.9,0.4103,39,1
1495458,2025-07-22,Malawi,Rwanda,"Gahanga International Cricket Stadium, Rwanda",1417.14,1418.01,-0.88,0.0,0.2,0.1,0.4,123.6,110.6,0.3333,6,143.39,0.5556,54,0
1495459,2025-07-22,Bahrain,Rwanda,"Gahanga International Cricket Stadium, Rwanda",1658.64,1433.97,224.67,0.8,0.4,0.8,0.4,115.2,118.8,1.0,2,143.22,0.5455,55,1
1494098,2025-07-23,Samoa,Hong Kong,Singapore National Cricket Ground,1410.46,1549.95,-139.5,0.2,0.6,0.4,0.6,117.6,172.8,0.0,1,143.09,0.3636,11,0
1494099,2025-07-23,Malaysia,Singapore,Singapore National Cricket Ground,1595.38,1411.77,183.61,1.0,0.6,0.9,0.4,130.2,129.0,0.7273,11,144.42,0.3333,12,1
1494110,2025-07-23,Kenya,United Arab Emirates,Entebbe Cricket Oval,1620.15,1707.3,-87.15,0.6,0.6,0.7,0.7,118.4,143.0,0.5,0,135.43,0.7857,14,0
1495460,2025-07-23,Rwanda,Malawi,"Gahanga International Cricket Stadium, Rwanda",1427.08,1401.18,25.91,0.4,0.0,0.4,0.1,115.8,136.0,0.7143,7,144.43,0.5536,56,0
1495461,2025-07-23,Bahrain,Malawi,"Gahanga International Cricket Stadium, Rwanda",1665.53,1418.37,247.16,1.0,0.2,0.8,0.2,139.6,122.6,1.0,4,143.84,0.5439,57,1
1478870,2025-07-24,New Zealand,Zimbabwe,Harare Sports Club,1722.64,1575.06,147.59,1.0,0.4,0.8,0.5,156.2,135.8,1.0,7,156.04,0.5306,49,1
1491905,2025-07-24,Pakistan,Bangladesh,"Shere Bangla National Stadium, Mirpur",1569.27,1615.8,-46.53,0.6,0.8,0.4,0.4,166.8,141.8,0.7917,24,136.88,0.48,25,1
1494100,2025-07-24,Samoa,Malaysia,Singapore National Cricket Ground,1400.56,1603.63,-203.07,0.0,1.0,0.3,0.9,120.4,145.0,0.0,1,149.38,0.3846,13,0
1494101,2025-07-24,Hong Kong,Singapore,Singapore National Cricket Ground,1559.85,1403.51,156.34,0.6,0.4,0.6,0.4,167.6,135.8,0.8,5,152.14,0.3571,14,1
1472522,2025-07-25,West Indies,Australia,"Warner Park, Basseterre, St Kitts",1560.63,1796.65,-236.02,0.2,1.0,0.2,0.9,204.8,144.2,0.4583,24,151.0,0.0,2,0
1494114,2025-07-25,Kenya,Uganda,Entebbe Cricket Oval,1608.08,1829.33,-221.25,0.4,1.0,0.7,1.0,103.0,140.0,0.2857,14,132.93,0.7333,15,0
1495462,2025-07-25,Bahrain,Rwanda,"Gahanga International Cricket Stadium, Rwanda",1671.74,1409.89,261.85,1.0,0.4,0.8,0.4,153.8,117.6,1.0,3,144.4,0.5517,58,1
1495463,2025-07-25,Malawi,Bahrain,"Gahanga International Cricket Stadium, Rwanda",1412.15,1677.55,-265.39,0.2,1.0,0.2,0.9,126.4,163.2,0.0,5,144.71,0.5593,59,0
1495654,2025-07-25,Romania,Austria,"GB Oval, Szodliget",1558.92,1646.98,-88.05,0.6,0.8,0.7,0.8,115.0,170.0,1.0,1,171.4,0.6,5,0
1495655,2025-07-25,Hungary,Romania,"GB Oval, Szodliget",1500.59,1546.89,-46.3,0.6,0.4,0.7,0.6,171.0,118.4,0.25,4,164.17,0.5,6,0
1495656,2025-07-25,Hungary,Luxembourg,"GB Oval, Szodliget",1486.71,1411.17,75.55,0.4,0.2,0.6,0.3,145.2,133.2,0.0,1,154.0,0.4286,7,1
1472523,2025-07-26,West Indies,Australia,"Warner Park, Basseterre, St Kitts",1554.08,1803.19,-249.1,0.2,1.0,0.1,0.9,208.4,168.6,0.44,25,172.0,0.0,3,0
1478871,2025-07-26,New Zealand,South Africa,Harare Sports Club,1732.23,1642.92,89.31,1.0,0.6,0.8,0.5,150.2,156.6,0.3529,17,156.72,0.54,50,1
1494102,2025-07-26,Hong Kong,Malaysia,Singapore National Cricket Ground,1569.1,1611.21,-42.11,0.8,1.0,0.6,0.9,176.0,152.6,0.4444,18,154.87,0.4,15,0
1494113,2025-07-26,United Arab Emirates,Nigeria,Entebbe Cricket Oval,1719.37,1522.35,197.03,0.8,0.0,0.7,0.2,130.4,85.8,1.0,2,132.38,0.6875,16,1
1494771,2025-07-26,Finland,Estonia,Estonian National Cricket and Rugby Field,1460.93,1452.7,8.23,0.4,0.6,0.5,0.6,112.2,150.2,0.0,1,148.57,0.4899,0,0
1495464,2025-07-26,Rwanda,Malawi,"Gahanga International Cricket Stadium, Rwanda",1404.09,1406.45,-2.36,0.2,0.2,0.3,0.2,104.6,126.4,0.625,8,144.18,0.55,60,0
1495657,2025-07-26,Romania,Luxembourg,"GB Oval, Szodliget",1560.77,1398.59,162.18,0.4,0.2,0.7,0.3,107.4,130.6,0.6667,3,153.25,0.5,8,1
1495658,2025-07-26,Hungary,Austria,"GB Oval, Szodliget",1499.29,1659.0,-159.72,0.4,1.0,0.7,0.8,144.6,168.4,0.25,4,156.0,0.5556,9,0
1495659,2025-07-26,Austria,Luxembourg,"GB Oval, Szodliget",1668.13,1389.56,278.57,1.0,0.2,0.8,0.2,157.4,122.8,0.75,4,157.2,0.5,10,1
1494111,2025-07-27,Uganda,United Arab Emirates,Entebbe Cricket Oval,1836.33,1727.16,109.17,1.0,0.8,1.0,0.7,147.0,117.4,1.0,1,132.88,0.7059,17,1
1494584,2025-07-27,Nigeria,Kenya,Entebbe Cricket Oval,1514.56,1601.08,-86.53,0.0,0.2,0.2,0.6,85.6,112.2,0.25,12,134.94,0.7222,18,0
1494772,2025-07-27,Estonia,Finland,Estonian National Cricket and Rugby Field,1469.08,1444.55,24.53,0.6,0.4,0.7,0.5,140.4,104.0,1.0,2,85.0,0.0,1,0
1495465,2025-07-27,Bahrain,Malawi,"Gahanga International Cricket Stadium, Rwanda",1683.25,1422.34,260.91,1.0,0.4,0.9,0.2,158.0,130.2,1.0,6,144.39,0.541,61,1
1495660,2025-07-27,Hungary,Luxembourg,"GB Oval, Szodliget",1490.16,1384.2,105.96,0.4,0.2,0.6,0.2,141.0,137.4,0.5,2,165.18,0.5455,11,1
1472524,2025-07-28,West Indies,Australia,"Warner Park, Basseterre, St Kitts",1547.92,1809.35,-261.42,0.2,1.0,0.1,0.9,207.2,180.4,0.4231,26,180.25,0.0,4,0
1472525,2025-07-31,Pakistan,West Indies,"Central Broward Regional Park Stadium Turf Ground, Lauderhill",1587.4,1542.11,45.29,0.6,0.0,0.5,0.1,162.2,190.0,0.8333,18,166.57,0.5714,7,1
1472526,2025-08-02,Pakistan,West Indies,"Central Broward Regional Park Stadium Turf Ground, Lauderhill",1601.33,1528.18,73.14,0.6,0.0,0.6,0.1,157.6,185.0,0.8421,19,168.0,0.625,8,0
1494773,2025-08-02,Switzerland,Estonia,Estonian National Cricket and Rugby Field,1531.91,1451.95,79.96,0.6,0.4,0.5,0.6,159.4,146.2,1.0,1,113.0,0.0,2,1
1472527,2025-08-03,Pakistan,West Indies,"Central Broward Regional Park Stadium Turf Ground, Lauderhill",1582.01,1547.5,34.5,0.4,0.2,0.5,0.2,144.8,177.6,0.8,20,164.11,0.5556,9,1
1494774,2025-08-03,Switzerland,Estonia,Estonian National Cricket and Rugby Field,1544.29,1439.57,104.72,0.6,0.4,0.6,0.5,161.0,129.6,1.0,2,129.33,0.3333,3,1
1494775,2025-08-03,Switzerland,Estonia,Estonian National Cricket and Rugby Field,1555.61,1428.25,127.36,0.8,0.2,0.6,0.4,157.8,117.4,1.0,3,136.25,0.5,4,1
1496828,2025-08-07,Cyprus,Croatia,"Mladost Cricket Ground, Zagreb",1443.14,1387.68,55.46,0.4,0.0,0.4,0.2,100.6,71.6,0.5,0,131.8,0.4,5,1
1496829,2025-08-07,Croatia,Cyprus,"Mladost Cricket Ground, Zagreb",1374.21,1456.6,-82.4,0.0,0.6,0.2,0.5,77.6,115.8,0.0,1,145.33,0.5,6,0
1496821,2025-08-08,Sweden,Austria,"Botkyrka Cricket Center, Stockholm",1478.77,1673.49,-194.72,0.6,1.0,0.6,0.9,133.2,175.4,0.0,2,148.7,0.4905,0,0
1496822,2025-08-08,Norway,France,"Botkyrka Cricket Center, Stockholm",1541.04,1471.13,69.91,0.4,0.2,0.5,0.4,143.4,130.6,0.3333,3,136.0,0.0,1,1
1496830,2025-08-08,Croatia,Cyprus,"Mladost Cricket Ground, Zagreb",1361.93,1468.88,-106.95,0.0,0.6,0.1,0.5,93.6,122.6,0.0,2,143.43,0.4286,7,0
1496831,2025-08-08,Cyprus,Croatia,"Mladost Cricket Ground, Zagreb",1480.1,1350.71,129.4,0.8,0.0,0.6,0.0,136.4,111.2,1.0,3,142.38,0.375,8,1
1496823,2025-08-09,Norway,Sweden,"Botkyrka Cricket Center, Stockholm",1553.86,1470.9,82.96,0.6,0.4,0.6,0.5,141.2,139.8,1.0,2,137.0,0.5,2,1
1496824,2025-08-09,France,Austria,"Botkyrka Cricket Center, Stockholm",1458.31,1681.35,-223.05,0.0,1.0,0.3,0.9,120.4,165.2,0.0,1,151.0,0.6667,3,0
1478898,2025-08-10,Australia,South Africa,"Marrara Stadium, Darwin",1815.16,1630.94,184.22,1.0,0.4,0.9,0.5,191.4,150.0,0.68,25,148.72,0.4905,0,1
1496825,2025-08-10,Sweden,France,"Botkyrka Cricket Center, Stockholm",1458.65,1451.37,7.28,0.2,0.0,0.4,0.3,150.0,128.4,0.5,0,153.75,0.5,4,0
1496826,2025-08-10,Norway,Austria,"Botkyrka Cricket Center, Stockholm",1566.11,1688.29,-122.18,0.8,1.0,0.7,0.9,159.2,170.0,0.3333,3,153.4,0.4,5,0
1478899,2025-08-12,South Africa,Australia,"Marrara Stadium, Darwin",1622.71,1823.39,-200.68,0.2,1.0,0.4,0.9,153.8,189.0,0.3077,26,178.0,1.0,1,1
1498689,2025-08-14,Guernsey,Papua New Guinea,"King George V Sports Ground, Castel",1522.43,1550.67,-28.25,0.0,0.2,0.4,0.4,118.6,119.0,0.5,0,157.85,0.4615,13,0
1478900,2025-08-16,South Africa,Australia,"Cazaly's Stadium, Cairns",1647.05,1799.06,-152.01,0.4,0.8,0.5,0.9,167.0,187.4,0.3333,27,148.75,0.4903,0,0
1496827,2025-08-17,Sweden,Norway,"Stubberudmyra Cricket Ground, Oslo",1442.31,1555.52,-113.2,0.2,0.6,0.3,0.6,150.8,144.0,0.0,3,148.76,0.4902,0,0
1498191,2025-08-17,Sweden,Hungary,"Stubberudmyra Cricket Ground, Oslo",1431.35,1501.43,-70.08,0.0,0.6,0.3,0.6,145.8,148.0,0.5,0,136.0,0.0,1,1
1498192,2025-08-17,Norway,Hungary,"Stubberudmyra Cricket Ground, Oslo",1566.48,1482.25,84.23,0.6,0.4,0.6,0.5,141.0,143.2,0.5,0,170.0,0.5,2,1
1499011,2025-08-21,Czech Republic,Romania,"Moara Vlasiei Cricket Ground, Ilfov County",1470.54,1569.8,-99.26,0.0,0.6,0.3,0.7,104.2,126.2,0.0,2,161.73,0.5,26,1
1499012,2025-08-21,Romania,Czech Republic,"Moara Vlasiei Cricket Ground, Ilfov County",1549.35,1490.99,58.36,0.4,0.2,0.6,0.3,121.8,112.0,0.6667,3,161.26,0.5185,27,1
1499013,2025-08-22,Romania,Czech Republic,"Moara Vlasiei Cricket Ground, Ilfov County",1562.69,1477.66,85.04,0.6,0.2,0.6,0.3,141.4,121.0,0.75,4,161.79,0.5357,28,1
1499014,2025-08-22,Romania,Czech Republic,"Moara Vlasiei Cricket Ground, Ilfov County",1574.85,1465.49,109.36,0.8,0.2,0.6,0.3,154.8,134.6,0.8,5,162.93,0.5517,29,0
1498696,2025-08-23,Belgium,Austria,"Velden Cricket Ground, Latschach",1568.39,1698.89,-130.5,0.8,1.0,0.6,1.0,174.6,165.4,0.0,1,163.4,0.8,5,0
1498697,2025-08-23,Austria,Belgium,"Velden Cricket Ground, Latschach",1709.15,1558.13,151.02,1.0,0.6,1.0,0.6,174.8,182.2,1.0,2,172.0,0.6667,6,1
1498698,2025-08-24,Belgium,Austria,"Velden Cricket Ground, Latschach",1548.68,1718.6,-169.92,0.4,1.0,0.5,1.0,183.4,168.0,0.0,3,177.57,0.7143,7,0
1498699,2025-08-24,Belgium,Austria,"Velden Cricket Ground, Latschach",1539.93,1727.34,-187.41,0.2,1.0,0.5,1.0,174.4,171.2,0.0,4,174.62,0.625,8,0
1497874,2025-08-30,Pakistan,United Arab Emirates,Sharjah Cricket Stadium,1596.42,1716.03,-119.61,0.6,0.6,0.6,0.6,160.6,116.6,1.0,1,157.27,0.5333,15,1
1498662,2025-08-30,Netherlands,Bangladesh,Sylhet International Cricket Stadium,1594.32,1597.67,-3.34,0.6,0.8,0.6,0.4,156.8,131.8,0.2,5,176.8,0.6,5,0
1498663,2025-09-01,Netherlands,Bangladesh,Sylhet International Cricket Stadium,1578.48,1613.51,-35.04,0.6,0.8,0.6,0.5,149.2,124.0,0.1667,6,170.0,0.5,6,0
1492823,2025-09-03,Zimbabwe,Sri Lanka,Harare Sports Club,1565.47,1559.68,5.8,0.2,0.4,0.4,0.5,135.2,148.8,0.2,5,157.18,0.549,51,0
1497877,2025-09-04,Pakistan,United Arab Emirates,Sharjah Cricket Stadium,1617.72,1694.73,-77.01,0.8,0.6,0.7,0.6,177.0,127.8,1.0,2,160.38,0.5625,16,1
1492824,2025-09-06,Sri Lanka,Zimbabwe,Harare Sports Club,1575.94,1549.21,26.74,0.6,0.0,0.5,0.3,156.0,142.0,0.8333,6,157.52,0.5385,52,0
1492825,2025-09-07,Zimbabwe,Sri Lanka,Harare Sports Club,1566.43,1558.71,7.72,0.2,0.4,0.3,0.4,130.6,128.4,0.2857,7,156.06,0.5283,53,0
1448357,2025-09-10,South Africa,England,"Sophia Gardens, Cardiff",1637.63,1714.89,-77.25,0.2,0.6,0.5,0.5,172.4,179.6,0.52,25,160.0,0.25,4,1
1496921,2025-09-10,United Arab Emirates,India,Dubai International Cricket Stadium,1675.24,1855.8,-180.56,0.4,0.8,0.5,0.8,144.0,174.4,0.0,1,145.43,0.5309,81,0
1496922,2025-09-11,Hong Kong,Bangladesh,"Zayed Cricket Stadium, Abu Dhabi",1555.03,1627.9,-72.87,0.6,0.8,0.6,0.6,152.0,118.2,1.0,1,145.64,0.2857,14,0
1448358,2025-09-12,England,South Africa,"Old Trafford, Manchester",1695.39,1657.13,38.25,0.6,0.4,0.4,0.5,157.2,165.0,0.4615,26,176.0,0.5,2,1
1496923,2025-09-12,Pakistan,Oman,Dubai International Cricket Stadium,1637.21,1474.06,163.15,0.8,0.0,0.7,0.2,175.6,152.4,0.5,0,144.35,0.5244,82,1
1501502,2025-09-12,Eswatini,Mozambique,Malkerns Country Club oval,1437.3,1487.01,-49.71,0.4,0.6,0.3,0.7,105.4,104.0,0.0,1,148.87,0.4901,0,1
1501503,2025-09-12,Eswatini,Mozambique,Malkerns Country Club oval,1455.58,1468.74,-13.16,0.6,0.6,0.3,0.6,112.0,114.6,0.5,2,160.0,1.0,1,1
1496924,2025-09-13,Bangladesh,Sri Lanka,"Zayed Cricket Stadium, Abu Dhabi",1640.6,1575.07,65.53,0.8,0.4,0.7,0.4,124.6,135.2,0.4,20,145.47,0.2667,15,0
1501504,2025-09-13,Eswatini,Mozambique,Malkerns Country Club oval,1472.18,1452.13,20.05,0.6,0.6,0.4,0.5,110.4,135.4,0.6667,3,162.5,1.0,2,1
1496925,2025-09-14,Pakistan,India,Dubai International Cricket Stadium,1646.21,1864.16,-217.95,0.8,0.8,0.7,0.8,172.0,159.8,0.25,12,144.54,0.5301,83,0
1496926,2025-09-15,United Arab Emirates,Oman,"Zayed Cricket Stadium, Abu Dhabi",1666.88,1465.07,201.81,0.2,0.0,0.5,0.2,135.2,132.8,0.5,8,145.06,0.25,16,1
1496927,2025-09-15,Hong Kong,Sri Lanka,Dubai International Cricket Stadium,1542.34,1594.05,-51.71,0.4,0.6,0.6,0.5,138.0,144.4,0.5,0,144.33,0.5238,84,0
1502164,2025-09-15,Zimbabwe,Namibia,"Queens Sports Club, Bulawayo",1550.08,1567.35,-17.27,0.2,0.6,0.3,0.3,144.8,112.2,0.4615,13,145.39,0.6667,18,1
1502165,2025-09-16,Namibia,Zimbabwe,"Queens Sports Club, Bulawayo",1550.55,1566.87,-16.32,0.6,0.4,0.3,0.4,125.8,158.2,0.5,14,148.84,0.6842,19,0
1448360,2025-09-17,Ireland,England,"The Village, Malahide, Dublin",1514.39,1709.63,-195.24,0.2,0.8,0.4,0.5,160.6,198.6,1.0,1,166.0,0.6667,3,0
1496929,2025-09-17,Pakistan,United Arab Emirates,Dubai International Cricket Stadium,1639.11,1674.51,-35.4,0.8,0.2,0.6,0.5,170.8,141.4,1.0,3,144.39,0.5176,85,1
1502166,2025-09-18,Namibia,Zimbabwe,"Queens Sports Club, Bulawayo",1535.31,1582.12,-46.82,0.6,0.6,0.3,0.4,135.6,166.2,0.4667,15,149.85,0.65,20,1
1496931,2025-09-19,India,Oman,"Zayed Cricket Stadium, Abu Dhabi",1871.26,1457.44,413.81,0.8,0.0,0.8,0.2,152.8,130.2,0.5,0,146.65,0.2941,17,1
1496932,2025-09-20,Sri Lanka,Bangladesh,Dubai International Cricket Stadium,1607.69,1621.61,-13.93,0.8,0.6,0.6,0.7,148.6,125.8,0.619,21,144.41,0.5233,86,0
1448362,2025-09-21,Ireland,England,"The Village, Malahide, Dublin",1506.54,1717.48,-210.94,0.2,0.8,0.3,0.6,178.6,200.4,0.5,2,173.5,0.5,4,0
1496933,2025-09-21,Pakistan,India,Dubai International Cricket Stadium,1656.73,1873.96,-217.23,0.8,1.0,0.7,0.9,162.2,161.4,0.2308,13,144.68,0.5172,87,0
1496934,2025-09-23,Sri Lanka,Pakistan,"Zayed Cricket Stadium, Abu Dhabi",1592.33,1649.61,-57.28,0.6,0.6,0.6,0.7,146.8,155.0,0.4348,23,148.94,0.3333,18,0
1496935,2025-09-24,India,Bangladesh,Dubai International Cricket Stadium,1881.09,1636.97,244.11,1.0,0.8,0.9,0.8,160.0,138.8,0.9412,17,144.98,0.5114,88,1
1496936,2025-09-25,Pakistan,Bangladesh,Dubai International Cricket Stadium,1662.99,1630.67,32.32,0.6,0.6,0.7,0.7,148.4,136.6,0.8,25,145.24,0.5169,89,1
1502743,2025-09-26,Namibia,Kenya,Harare Sports Club,1553.45,1613.18,-59.73,0.6,0.4,0.4,0.6,147.2,115.0,1.0,2,156.7,0.5185,54,1
1502744,2025-09-26,Malawi,Nigeria,"Takashinga Sports Club, Highfield, Harare",1416.51,1502.46,-85.95,0.4,0.0,0.2,0.2,122.4,90.6,0.5,0,149.01,0.4905,0,0
1502745,2025-09-26,Uganda,Zimbabwe,Harare Sports Club,1847.46,1563.98,283.48,1.0,0.6,1.0,0.3,145.0,166.4,1.0,1,158.24,0.5273,55,0
1502746,2025-09-26,Botswana,Tanzania,"Takashinga Sports Club, Highfield, Harare",1437.99,1572.87,-134.88,0.2,0.6,0.2,0.7,107.4,148.0,0.0,2,88.0,0.0,1,0
1489968,2025-09-27,Nepal,West Indies,Sharjah Cricket Stadium,1610.33,1533.09,77.25,0.6,0.2,0.7,0.2,158.8,170.0,0.5,0,161.0,0.5882,17,1
1496938,2025-09-28,Pakistan,India,Dubai International Cricket Stadium,1677.51,1887.39,-209.88,0.6,1.0,0.7,0.9,143.4,144.2,0.2143,14,145.12,0.5222,90,0
1502747,2025-09-28,Namibia,Nigeria,Harare Sports Club,1572.17,1514.58,57.59,0.6,0.2,0.5,0.3,187.0,92.0,0.5,2,158.12,0.5179,56,1
1502748,2025-09-28,Tanzania,Uganda,"Takashinga Sports Club, Highfield, Harare",1582.95,1820.69,-237.74,0.8,0.8,0.8,0.9,145.8,150.2,0.1429,14,105.0,0.0,2,1
1502749,2025-09-28,Zimbabwe,Botswana,Harare Sports Club,1590.75,1427.91,162.84,0.6,0.0,0.4,0.2,181.0,108.8,0.5,0,159.47,0.5263,57,1
1502750,2025-09-28,Malawi,Kenya,"Takashinga Sports Club, Highfield, Harare",1404.39,1594.46,-190.07,0.2,0.2,0.2,0.5,117.0,114.4,0.0,1,112.67,0.3333,3,1
1489969,2025-09-29,Nepal,West Indies,Sharjah Cricket Stadium,1622.83,1520.59,102.25,0.6,0.2,0.8,0.2,151.2,154.8,1.0,1,160.28,0.6111,18,1
1504941,2025-09-29,Kuwait,Oman,Al Amerat Cricket Ground Oman Cricket (Ministry Turf 1),1616.42,1454.74,161.68,0.6,0.0,0.6,0.1,163.4,125.6,0.3333,3,149.78,0.4022,92,0
1489970,2025-09-30,Nepal,West Indies,Sharjah Cricket Stadium,1634.26,1509.16,125.09,0.8,0.2,0.8,0.1,151.6,137.4,1.0,2,160.95,0.6316,19,0
1502751,2025-09-30,Zimbabwe,Tanzania,Harare Sports Club,1599.75,1608.46,-8.71,0.8,0.8,0.5,0.8,194.6,128.4,1.0,2,161.19,0.5345,58,1
1502752,2025-09-30,Botswana,Uganda,"Takashinga Sports Club, Highfield, Harare",1418.9,1795.18,-376.28,0.0,0.6,0.2,0.8,102.4,142.6,0.0,7,117.0,0.5,4,0
1502753,2025-09-30,Malawi,Namibia,Harare Sports Club,1428.36,1585.54,-157.18,0.4,0.6,0.3,0.6,116.8,205.4,0.5,0,162.2,0.5424,59,0
1502754,2025-09-30,Nigeria,Kenya,"Takashinga Sports Club, Highfield, Harare",1501.21,1570.48,-69.27,0.2,0.2,0.2,0.4,104.0,114.0,0.2308,13,109.8,0.4,5,0
1491714,2025-10-01,New Zealand,Australia,"Bay Oval, Mount Maunganui",1744.2,1808.47,-64.27,1.0,0.8,0.9,0.9,160.0,179.0,0.2778,18,175.8,0.8,5,0
1502755,2025-10-02,Namibia,Tanzania,Harare Sports Club,1594.76,1592.06,2.71,0.8,0.8,0.7,0.7,184.2,119.2,1.0,2,160.68,0.5333,60,1
1502756,2025-10-02,Nigeria,Botswana,"Takashinga Sports Club, Highfield, Harare",1488.36,1415.61,72.75,0.2,0.0,0.1,0.2,111.6,90.0,0.8,5,116.0,0.3333,6,1
1502757,2025-10-02,Kenya,Zimbabwe,Harare Sports Club,1583.34,1616.15,-32.82,0.4,0.8,0.4,0.6,124.0,196.6,0.0,3,160.9,0.541,61,0
1502758,2025-10-02,Uganda,Malawi,"Takashinga Sports Club, Highfield, Harare",1798.48,1419.15,379.33,0.6,0.4,0.8,0.3,130.2,108.4,1.0,1,123.14,0.4286,7,1
1491716,2025-10-04,New Zealand,Australia,"Bay Oval, Mount Maunganui",1731.13,1821.55,-90.42,0.8,0.8,0.8,0.9,161.6,174.8,0.2632,19,176.67,0.6667,6,0
1502759,2025-10-04,Kenya,Tanzania,Harare Sports Club,1568.84,1576.18,-7.34,0.4,0.6,0.3,0.6,123.6,112.2,0.5,4,160.27,0.5323,62,1
1502760,2025-10-04,Malawi,Botswana,"Takashinga Sports Club, Highfield, Harare",1415.91,1402.91,12.99,0.2,0.0,0.3,0.2,91.8,104.6,0.5,0,131.75,0.5,8,1
1502761,2025-10-04,Uganda,Nigeria,"Takashinga Sports Club, Highfield, Harare",1801.72,1501.06,300.66,0.6,0.4,0.8,0.2,143.6,127.2,1.0,12,133.89,0.5556,9,1
1502762,2025-10-04,Namibia,Zimbabwe,Harare Sports Club,1610.64,1630.65,-20.01,1.0,0.8,0.8,0.7,185.2,187.2,0.5,16,159.98,0.5397,63,0
1503450,2025-10-08,Samoa,Oman,Al Amerat Cricket Ground Oman Cricket (Ministry Turf 2),1392.97,1477.69,-84.72,0.0,0.2,0.3,0.2,141.2,126.0,0.5,0,153.91,0.6522,23,0
1503451,2025-10-08,Qatar,United Arab Emirates,Al Amerat Cricket Ground Oman Cricket (Ministry Turf 1),1506.66,1656.88,-150.23,0.4,0.2,0.3,0.4,170.0,130.0,0.0,4,149.7,0.3978,93,0
1503452,2025-10-08,Nepal,Kuwait,Al Amerat Cricket Ground Oman Cricket (Ministry Turf 1),1612.73,1593.47,19.26,0.6,0.6,0.7,0.5,156.4,161.6,0.6667,3,149.36,0.3936,94,1
1503453,2025-10-09,Malaysia,Qatar,Al Amerat Cricket Ground Oman Cricket (Ministry Turf 2),1625.28,1497.17,128.11,1.0,0.4,0.9,0.3,142.2,168.8,0.3333,3,151.33,0.625,24,0
1503454,2025-10-09,Kuwait,Japan,Al Amerat Cricket Ground Oman Cricket (Ministry Turf 1),1578.35,1626.51,-48.15,0.4,0.8,0.5,0.9,142.2,113.4,0.5,0,149.27,0.4,95,0
1503455,2025-10-09,Papua New Guinea,Samoa,Al Amerat Cricket Ground Oman Cricket (Ministry Turf 1),1565.38,1380.8,184.58,0.2,0.0,0.4,0.2,111.4,136.0,0.5,0,149.56,0.3958,96,0
1503456,2025-10-10,Malaysia,United Arab Emirates,Al Amerat Cricket Ground Oman Cricket (Ministry Turf 2),1603.64,1666.36,-62.73,0.8,0.4,0.8,0.5,144.2,118.6,0.5,0,150.2,0.6,25,0
1503457,2025-10-10,Japan,Nepal,Al Amerat Cricket Ground Oman Cricket (Ministry Turf 1),1640.3,1627.85,12.46,0.8,0.6,0.9,0.7,127.0,148.6,0.5,0,149.23,0.3918,97,0
1503458,2025-10-10,Oman,Papua New Guinea,Al Amerat Cricket Ground Oman Cricket (Ministry Turf 1),1489.86,1541.59,-51.73,0.4,0.2,0.2,0.4,120.6,115.2,0.75,4,149.04,0.3878,98,1
1487824,2025-10-11,South Africa,Namibia,"Namibia Cricket Ground, Windhoek",1642.89,1595.56,47.33,0.4,0.8,0.4,0.7,161.2,177.8,0.5,0,109.67,0.0,3,0
1503459,2025-10-12,Oman,Qatar,Al Amerat Cricket Ground Oman Cricket (Ministry Turf 2),1508.23,1518.82,-10.59,0.6,0.6,0.3,0.4,134.8,156.2,1.0,1,150.62,0.5769,26,1
1503460,2025-10-12,Nepal,United Arab Emirates,Al Amerat Cricket Ground Oman Cricket (Ministry Turf 1),1644.42,1679.51,-35.09,0.8,0.6,0.7,0.5,143.2,124.0,0.5,10,148.93,0.3939,99,1
1503461,2025-10-12,Japan,Samoa,Al Amerat Cricket Ground Oman Cricket (Ministry Turf 1),1623.73,1404.58,219.15,0.6,0.2,0.8,0.2,132.2,137.8,0.5,0,148.84,0.4,100,1
1503462,2025-10-13,United Arab Emirates,Oman,Al Amerat Cricket Ground Oman Cricket (Ministry Turf 1),1661.9,1524.72,137.18,0.6,0.8,0.4,0.4,140.4,143.2,0.5556,9,148.97,0.4059,101,0
1503463,2025-10-13,Nepal,Qatar,Al Amerat Cricket Ground Oman Cricket (Ministry Turf 1),1662.03,1502.33,159.7,0.8,0.6,0.7,0.3,141.6,146.0,0.6667,3,148.61,0.402,102,1
1503464,2025-10-15,Japan,Qatar,Al Amerat Cricket Ground Oman Cricket (Ministry Turf 2),1630.79,1493.21,137.58,0.8,0.4,0.8,0.3,143.4,139.8,0.5,0,151.41,0.5926,27,0
1503465,2025-10-15,United Arab Emirates,Samoa,Al Amerat Cricket Ground Oman Cricket (Ministry Turf 1),1639.89,1397.52,242.37,0.4,0.2,0.3,0.2,128.4,143.0,0.5,0,148.59,0.4078,103,1
1503466,2025-10-15,Nepal,Oman,Al Amerat Cricket Ground Oman Cricket (Ministry Turf 1),1671.15,1546.72,124.43,0.8,1.0,0.8,0.5,136.4,132.4,0.7143,7,149.33,0.4135,104,1
1503467,2025-10-16,Japan,United Arab Emirates,Al Amerat Cricket Ground Oman Cricket (Ministry Turf 1),1608.77,1646.24,-37.47,0.6,0.6,0.7,0.4,149.8,152.4,0.5,0,149.34,0.419,105,0
1503468,2025-10-16,Samoa,Qatar,Al Amerat Cricket Ground Oman Cricket (Ministry Turf 1),1391.16,1515.23,-124.07,0.2,0.4,0.1,0.4,140.8,132.4,0.5,0,149.03,0.4151,106,0
1503469,2025-10-17,Japan,Oman,Al Amerat Cricket Ground Oman Cricket (Ministry Turf 2),1594.49,1536.22,58.27,0.4,0.8,0.6,0.5,145.2,126.4,0.5,0,150.96,0.5714,28,0
1503470,2025-10-17,Nepal,Samoa,Al Amerat Cricket Ground Oman Cricket (Ministry Turf 1),1681.66,1380.64,301.01,1.0,0.2,0.8,0.1,142.2,128.4,0.5,0,148.81,0.4112,107,1
1506436,2025-10-18,Romania,Austria,"Moara Vlasiei Cricket Ground, Ilfov County",1553.98,1735.46,-181.49,0.6,1.0,0.5,1.0,167.4,166.8,0.5,2,162.73,0.5333,30,0
1506437,2025-10-18,Austria,Romania,"Moara Vlasiei Cricket Ground, Ilfov County",1743.79,1545.65,198.14,1.0,0.4,1.0,0.5,181.0,166.4,0.6667,3,163.06,0.5161,31,0
1506438,2025-10-19,Romania,Austria,"Moara Vlasiei Cricket Ground, Ilfov County",1569.9,1719.54,-149.64,0.6,0.8,0.5,0.9,174.6,172.0,0.5,4,163.31,0.5,32,0
1506439,2025-10-19,Austria,Romania,"Moara Vlasiei Cricket Ground, Ilfov County",1729.05,1560.39,168.65,0.8,0.4,0.9,0.5,162.4,170.8,0.6,5,163.12,0.4848,33,1
1491718,2025-10-20,England,New Zealand,"Hagley Oval, Christchurch",1724.81,1719.2,5.61,0.8,0.6,0.7,0.7,191.6,168.4,0.6,25,150.8,0.3,10,1
1505125,2025-10-27,West Indies,Bangladesh,"Bir Sreshtho Flight Lieutenant Matiur Rahman Stadium, Chattogram",1530.69,1616.15,-85.47,0.4,0.4,0.2,0.6,129.2,140.6,0.5294,17,149.08,0.4898,0,1
1501895,2025-10-28,South Africa,Pakistan,Rawalpindi Cricket Stadium,1624.72,1670.15,-45.43,0.4,0.6,0.3,0.7,155.8,147.2,0.4783,23,146.67,0.0,6,1
1505126,2025-10-29,West Indies,Bangladesh,"Bir Sreshtho Flight Lieutenant Matiur Rahman Stadium, Chattogram",1550.55,1596.3,-45.75,0.4,0.2,0.3,0.5,135.2,141.6,0.5556,18,165.0,1.0,1,1
1478908,2025-10-31,India,Australia,Melbourne Cricket Ground,1894.75,1833.47,61.28,1.0,0.8,0.9,0.9,162.2,172.2,0.6452,31,145.33,0.3889,18,0
1501896,2025-10-31,South Africa,Pakistan,"Gaddafi Stadium, Lahore",1642.8,1652.07,-9.27,0.4,0.4,0.4,0.6,151.0,145.8,0.5,24,181.33,0.75,12,0
1505127,2025-10-31,Bangladesh,West Indies,"Bir Sreshtho Flight Lieutenant Matiur Rahman Stadium, Chattogram",1578.2,1568.64,9.56,0.2,0.6,0.4,0.4,140.8,129.8,0.4211,19,157.0,1.0,2,0
1506440,2025-10-31,Cyprus,Serbia,Happy Valley Ground,1490.41,1385.83,104.58,1.0,0.4,0.6,0.2,162.4,147.8,0.0,1,142.23,0.3077,13,1
1506441,2025-10-31,Cyprus,Serbia,Happy Valley Ground 2,1501.73,1374.5,127.23,1.0,0.4,0.7,0.2,175.2,149.4,0.5,2,149.09,0.49,0,1
1501897,2025-11-01,South Africa,Pakistan,"Gaddafi Stadium, Lahore",1627.23,1667.64,-40.41,0.4,0.6,0.3,0.6,138.6,134.0,0.48,25,175.85,0.6923,13,0
1506442,2025-11-01,Serbia,Bulgaria,Happy Valley Ground 2,1364.11,1373.84,-9.72,0.4,0.6,0.2,0.3,152.6,207.8,0.375,8,162.0,1.0,1,0
1506443,2025-11-01,Bulgaria,Serbia,Happy Valley Ground 2,1389.39,1348.56,40.83,0.8,0.4,0.4,0.2,183.8,150.0,0.6667,9,127.5,0.5,2,1
1478909,2025-11-02,Australia,India,"Bellerive Oval, Hobart",1852.27,1875.96,-23.69,0.8,0.8,0.9,0.8,161.8,161.0,0.375,32,154.3,0.5,10,0
1506444,2025-11-02,Bulgaria,Cyprus,Happy Valley Ground 2,1403.52,1512.12,-108.6,0.8,1.0,0.5,0.8,186.0,165.0,0.5,0,155.33,0.6667,3,0
1506445,2025-11-02,Cyprus,Bulgaria,Happy Valley Ground 2,1523.28,1392.36,130.91,1.0,0.6,0.8,0.5,162.6,161.8,1.0,1,147.25,0.5,4,1
1506446,2025-11-03,Bulgaria,Cyprus,Happy Valley Ground 2,1382.12,1533.52,-151.39,0.6,1.0,0.5,0.9,149.2,171.2,0.0,2,153.6,0.6,5,0
1506447,2025-11-03,Bulgaria,Cyprus,Happy Valley Ground 2,1372.69,1542.96,-170.27,0.4,1.0,0.5,1.0,133.0,156.6,0.0,3,147.83,0.5,6,0
1491723,2025-11-05,West Indies,New Zealand,"Eden Park, Auckland",1585.08,1703.46,-118.38,0.8,0.4,0.5,0.7,134.4,175.6,0.3333,15,180.5,0.75,4,1
1478910,2025-11-06,India,Australia,Carrara Oval,1890.87,1837.36,53.51,0.8,0.8,0.9,0.8,161.0,166.0,0.6364,33,126.5,0.5,2,1
1491724,2025-11-06,New Zealand,West Indies,"Eden Park, Auckland",1682.21,1606.33,75.88,0.2,1.0,0.6,0.6,169.0,150.6,0.625,16,177.2,0.8,5,1
1508269,2025-11-06,Myanmar,Indonesia,Udayana Cricket Ground,1290.13,1389.13,-99.0,0.0,0.4,0.1,0.5,101.0,128.8,0.0,6,135.91,0.3478,46,0
1508270,2025-11-06,Timor-Leste,Indonesia,Udayana Cricket Ground,1500.0,1400.69,99.31,0.5,0.4,0.5,0.6,149.09,128.8,0.5,0,134.13,0.3404,47,0
1508271,2025-11-07,Timor-Leste,Myanmar,Udayana Cricket Ground,1479.55,1278.57,200.98,0.0,0.0,0.0,0.0,61.0,92.8,0.5,0,132.6,0.3333,48,0
1508272,2025-11-08,Timor-Leste,Indonesia,Udayana Cricket Ground,1455.2,1421.14,34.06,0.0,0.6,0.0,0.6,46.5,106.8,0.0,1,130.55,0.3265,49,0
1508273,2025-11-08,Indonesia,Myanmar,Udayana Cricket Ground,1438.7,1302.92,135.79,0.8,0.2,0.7,0.1,87.4,77.0,1.0,7,129.12,0.32,50,1
1491725,2025-11-09,New Zealand,West Indies,"Saxton Oval, Nelson",1694.77,1593.77,101.0,0.2,0.8,0.6,0.6,174.4,166.8,0.6471,17,218.0,1.0,1,1
1508274,2025-11-09,Timor-Leste,Myanmar,Udayana Cricket Ground,1437.64,1292.87,144.77,0.0,0.2,0.0,0.1,50.67,63.6,0.0,1,128.27,0.3333,51,0
1508275,2025-11-11,Myanmar,Indonesia,Udayana Cricket Ground,1315.17,1448.75,-133.58,0.4,1.0,0.2,0.7,59.0,76.4,0.0,8,126.71,0.3269,52,0
1508276,2025-11-11,Timor-Leste,Indonesia,Udayana Cricket Ground,1415.33,1458.89,-43.55,0.0,1.0,0.0,0.7,49.75,68.4,0.0,2,126.25,0.3208,53,0
1508277,2025-11-12,Myanmar,Timor-Leste,Udayana Cricket Ground,1305.04,1401.33,-96.29,0.4,0.0,0.2,0.0,59.2,43.4,1.0,2,124.24,0.3148,54,1
1510724,2025-11-12,Qatar,Hong Kong,"West End Park International Cricket Stadium, Doha",1525.75,1528.7,-2.96,0.6,0.4,0.5,0.5,134.4,139.8,0.2,5,143.75,0.425,40,1
1491727,2025-11-13,West Indies,New Zealand,"University Oval, Dunedin",1582.3,1706.25,-123.95,0.6,0.4,0.5,0.6,167.4,173.6,0.3333,18,166.67,0.3333,3,0
1508278,2025-11-13,Timor-Leste,Indonesia,Udayana Cricket Ground,1381.0,1472.89,-91.89,0.0,1.0,0.0,0.7,42.2,61.0,0.0,3,124.67,0.3273,55,0
1508279,2025-11-13,Myanmar,Indonesia,Udayana Cricket Ground,1325.36,1484.75,-159.39,0.6,1.0,0.3,0.8,78.4,62.8,0.0,9,123.7,0.3214,56,0
1510725,2025-11-13,Hong Kong,Qatar,University of Doha for Science and Technology,1512.57,1541.89,-29.32,0.2,0.6,0.4,0.6,128.0,131.4,0.6667,6,159.58,0.5,12,1
1508280,2025-11-14,Myanmar,Timor-Leste,Udayana Cricket Ground,1316.23,1369.14,-52.91,0.4,0.0,0.3,0.0,87.2,49.8,1.0,3,122.89,0.3158,57,1
1509859,2025-11-16,United Arab Emirates,Oman,"West End Park International Cricket Stadium, Doha",1660.52,1554.88,105.64,0.6,0.8,0.5,0.6,152.2,128.6,0.5,10,142.9,0.439,41,0
1502048,2025-11-18,Zimbabwe,Pakistan,Rawalpindi Cricket Stadium,1645.72,1681.79,-36.06,1.0,0.6,0.8,0.6,186.2,134.4,0.15,20,153.43,0.1429,7,0
1510178,2025-11-18,Bahrain,Indonesia,Udayana Cricket Ground,1689.08,1493.89,195.19,1.0,1.0,0.9,0.9,170.6,65.6,0.8,5,123.88,0.3276,58,1
1510179,2025-11-19,Bahrain,Indonesia,Udayana Cricket Ground,1696.93,1486.04,210.89,1.0,0.8,1.0,0.9,163.2,57.8,0.8333,6,124.73,0.339,59,1
1502049,2025-11-20,Zimbabwe,Sri Lanka,Rawalpindi Cricket Stadium,1631.38,1578.94,52.44,0.8,0.6,0.7,0.5,184.2,157.4,0.25,8,152.62,0.125,8,1
1510180,2025-11-21,Indonesia,Bahrain,Udayana Cricket Ground,1478.71,1704.26,-225.55,0.6,1.0,0.8,1.0,59.4,174.2,0.1429,7,126.5,0.35,60,0
1502050,2025-11-22,Sri Lanka,Pakistan,Rawalpindi Cricket Stadium,1565.34,1696.13,-130.79,0.4,0.6,0.4,0.6,137.8,137.6,0.4167,24,153.67,0.2222,9,0
1502051,2025-11-23,Pakistan,Zimbabwe,Rawalpindi Cricket Stadium,1706.38,1644.98,61.4,0.8,0.8,0.7,0.8,134.6,164.8,0.8571,21,151.1,0.2,10,1
1502052,2025-11-25,Zimbabwe,Sri Lanka,Rawalpindi Cricket Stadium,1631.78,1555.09,76.69,0.6,0.2,0.7,0.4,145.8,135.4,0.3333,9,155.09,0.2727,11,0
1511999,2025-11-25,Bahrain,Malaysia,"Bayuemas Oval, Kuala Lumpur",1711.12,1590.5,120.63,1.0,0.6,1.0,0.8,161.4,147.6,0.7143,7,127.41,0.5,58,0
1502053,2025-11-27,Sri Lanka,Pakistan,Rawalpindi Cricket Stadium,1574.57,1719.58,-145.01,0.2,1.0,0.5,0.7,134.4,145.8,0.4,25,154.33,0.25,12,1
1506014,2025-11-27,Ireland,Bangladesh,"Bir Sreshtho Flight Lieutenant Matiur Rahman Stadium, Chattogram",1499.22,1561.76,-62.54,0.2,0.0,0.2,0.4,175.2,137.2,0.4,5,155.0,0.6667,3,1
1511993,2025-11-28,Brazil,Argentina,"St Albans Club, Buenos Aires",1446.19,1501.83,-55.64,0.2,0.8,0.3333,0.7,93.2,108.2,0.0,1,116.85,0.5385,13,0
1502054,2025-11-29,Sri Lanka,Pakistan,Rawalpindi Cricket Stadium,1596.88,1697.27,-100.38,0.4,0.8,0.5,0.7,137.6,159.0,0.4231,26,156.62,0.3077,13,0
1506015,2025-11-29,Ireland,Bangladesh,"Bir Sreshtho Flight Lieutenant Matiur Rahman Stadium, Chattogram",1518.07,1542.91,-24.84,0.2,0.0,0.2,0.3,172.4,140.2,0.5,6,161.5,0.75,4,0
1511996,2025-11-30,Argentina,Brazil,"St Albans Club, Buenos Aires",1515.29,1432.73,82.56,0.8,0.2,0.7,0.3,111.2,102.6,1.0,2,116.29,0.5,14,1
1512002,2025-11-30,Thailand,Bahrain,"Bayuemas Oval, Kuala Lumpur",1441.97,1689.78,-247.81,0.4,0.8,0.2,0.9,87.6,160.0,1.0,1,127.07,0.4915,59,0
1506016,2025-12-02,Ireland,Bangladesh,"Bir Sreshtho Flight Lieutenant Matiur Rahman Stadium, Chattogram",1503.21,1557.77,-54.56,0.2,0.2,0.2,0.3,179.0,150.2,0.4286,7,163.2,0.6,5,0
1513086,2025-12-04,Nigeria,Zambia,"Nigeria Cricket Federation Oval 1, Abuja",1496.24,1500.0,-3.76,0.4,0.5,0.2,0.5,130.6,148.8,0.5,0,94.0,0.0,4,1
1513087,2025-12-04,Sierra Leone,Rwanda,"Nigeria Cricket Federation Oval 1, Abuja",1437.28,1388.2,49.08,0.6,0.2,0.5,0.2,142.4,111.0,0.3333,3,102.8,0.2,5,0
1513088,2025-12-05,Zambia,Rwanda,"Nigeria Cricket Federation Oval 1, Abuja",1483.83,1406.44,77.38,0.0,0.2,0.0,0.3,119.0,92.8,0.5,0,93.5,0.1667,6,0
1513297,2025-12-05,Nigeria,Sierra Leone,"Nigeria Cricket Federation Oval 1, Abuja",1512.41,1419.03,93.38,0.4,0.4,0.3,0.4,139.8,114.0,0.9,10,96.43,0.1429,7,1
1514473,2025-12-05,Croatia,Spain,La Manga Club Top Ground,1340.41,1705.95,-365.54,0.0,1.0,0.0,1.0,126.4,166.4,0.0,5,168.0,0.0,2,0
1513089,2025-12-06,Nigeria,Rwanda,"Nigeria Cricket Federation Oval 1, Abuja",1524.21,1425.95,98.26,0.6,0.4,0.4,0.4,151.6,96.0,0.8571,7,106.5,0.25,8,1
1513090,2025-12-06,Zambia,Sierra Leone,"Nigeria Cricket Federation Oval 1, Abuja",1464.32,1407.23,57.09,0.0,0.4,0.0,0.4,116.5,119.2,0.5,0,107.89,0.3333,9,1
1514474,2025-12-06,Spain,Croatia,La Manga Club Top Ground,1709.42,1336.93,372.49,1.0,0.0,1.0,0.0,135.8,127.8,1.0,6,137.33,0.0,3,1
1514475,2025-12-06,Croatia,Spain,La Manga Club Top Ground,1333.57,1712.78,-379.21,0.0,1.0,0.0,1.0,105.2,150.2,0.0,7,159.0,0.25,4,0
1513091,2025-12-07,Sierra Leone,Nigeria,"Nigeria Cricket Federation Oval 1, Abuja",1393.84,1535.81,-141.97,0.2,0.8,0.4,0.5,123.4,146.0,0.0909,11,114.8,0.4,10,0
1513092,2025-12-07,Zambia,Rwanda,"Nigeria Cricket Federation Oval 1, Abuja",1477.72,1414.36,63.36,0.3333,0.4,0.3333,0.4,136.67,95.8,0.0,1,113.0,0.3636,11,0
1514476,2025-12-07,Spain,Croatia,La Manga Club Top Ground,1716.02,1330.33,385.69,1.0,0.0,1.0,0.0,126.0,89.8,1.0,8,138.2,0.2,5,1
1514477,2025-12-07,Croatia,Spain,La Manga Club Top Ground,1327.2,1719.16,-391.96,0.0,1.0,0.0,1.0,77.8,164.2,0.0,9,163.5,0.3333,6,0
1513093,2025-12-08,Rwanda,Sierra Leone,"Nigeria Cricket Federation Oval 1, Abuja",1433.24,1384.03,49.21,0.6,0.2,0.4,0.4,102.8,120.0,0.75,4,110.5,0.3333,12,1
1513094,2025-12-08,Nigeria,Zambia,"Nigeria Cricket Federation Oval 1, Abuja",1545.61,1458.83,86.78,0.8,0.25,0.6,0.25,132.4,123.25,1.0,1,111.69,0.3846,13,1
1479576,2025-12-09,India,South Africa,"Barabati Stadium, Cuttack",1904.42,1613.08,291.34,0.8,0.2,0.9,0.3,159.6,147.0,0.6,30,148.0,0.0,1,1
1513095,2025-12-09,Rwanda,Nigeria,"Nigeria Cricket Federation Oval 1, Abuja",1446.99,1557.69,-110.7,0.8,1.0,0.5,0.7,96.6,138.0,0.125,8,115.0,0.4286,14,1
1513096,2025-12-09,Sierra Leone,Zambia,"Nigeria Cricket Federation Oval 1, Abuja",1370.28,1446.74,-76.46,0.0,0.2,0.3,0.2,102.6,125.6,0.0,1,115.87,0.4667,15,0
1513099,2025-12-09,Bahrain,Bhutan,Gelephu International Cricket Ground,1695.98,1345.16,350.81,0.8,0.0,0.9,0.3,136.2,102.8,1.0,1,126.11,0.4444,9,1
1513824,2025-12-09,Thailand,Indonesia,"Terdthai Cricket Ground, Bangkok",1435.78,1471.85,-36.07,0.4,0.4,0.2,0.7,85.4,75.6,0.75,8,136.73,0.3846,26,0
1513825,2025-12-09,Malaysia,Philippines,"Terdthai Cricket Ground, Bangkok",1611.84,1473.79,138.05,0.6,0.8,0.8,0.7,127.4,178.8,0.5,0,134.63,0.3704,27,1
1513826,2025-12-10,Indonesia,Malaysia,"Terdthai Cricket Ground, Bangkok",1486.19,1621.8,-135.6,0.4,0.6,0.7,0.8,77.6,129.6,0.5,0,137.0,0.3929,28,0
1513827,2025-12-10,Philippines,Singapore,"Terdthai Cricket Ground, Bangkok",1463.83,1394.26,69.57,0.8,0.2,0.7,0.4,167.0,136.8,0.5,0,134.86,0.3793,29,1
1479577,2025-12-11,South Africa,India,"Maharaja Yadavindra Singh International Cricket Stadium, New Chandigarh",1608.04,1909.46,-301.42,0.2,0.8,0.3,0.9,130.2,161.0,0.3871,31,148.68,0.4894,0,1
1513097,2025-12-11,Zambia,Rwanda,"Nigeria Cricket Federation Oval 1, Abuja",1459.28,1467.93,-8.65,0.4,0.8,0.3333,0.5,128.4,112.6,0.0,2,116.69,0.4375,16,1
1513100,2025-12-11,Bahrain,Bhutan,Gelephu International Cricket Ground,1699.73,1341.42,358.31,0.8,0.0,0.9,0.2,131.8,98.4,1.0,2,128.7,0.5,10,1
1513298,2025-12-11,Nigeria,Sierra Leone,"Nigeria Cricket Federation Oval 1, Abuja",1536.76,1357.75,179.01,0.8,0.0,0.6,0.2,131.4,119.0,0.9167,12,118.06,0.4706,17,1
1513828,2025-12-11,Singapore,Thailand,"Terdthai Cricket Ground, Bangkok",1381.42,1421.43,-40.01,0.2,0.4,0.4,0.2,142.0,76.6,0.75,4,135.2,0.4,30,1
1513829,2025-12-11,Philippines,Indonesia,"Terdthai Cricket Ground, Bangkok",1476.67,1476.14,0.53,0.8,0.2,0.7,0.6,160.8,76.8,0.6364,11,135.87,0.4194,31,1
1513101,2025-12-12,Bahrain,Bhutan,Gelephu International Cricket Ground,1703.34,1337.81,365.53,0.8,0.0,0.9,0.1,117.6,106.4,1.0,3,131.55,0.5455,11,1
1513299,2025-12-12,Nigeria,Zambia,"Nigeria Cricket Federation Oval 1, Abuja",1545.18,1475.68,69.5,0.8,0.6,0.7,0.4286,130.2,133.6,1.0,2,121.0,0.5,18,1
1513300,2025-12-12,Rwanda,Sierra Leone,"Nigeria Cricket Federation Oval 1, Abuja",1451.53,1349.33,102.19,0.6,0.0,0.5,0.2,112.8,111.4,0.8,5,122.63,0.5263,19,1
1513830,2025-12-12,Indonesia,Singapore,"Terdthai Cricket Ground, Bangkok",1460.16,1399.26,60.9,0.2,0.4,0.5,0.4,88.2,141.0,0.5,0,137.31,0.4375,32,0
1513831,2025-12-12,Thailand,Malaysia,"Terdthai Cricket Ground, Bangkok",1403.6,1631.85,-228.25,0.4,0.6,0.2,0.8,97.2,134.2,0.0,8,137.73,0.4242,33,0
1513102,2025-12-13,Bhutan,Bahrain,Gelephu International Cricket Ground,1334.33,1706.81,-372.49,0.0,0.8,0.1,0.9,116.0,132.8,0.0,4,135.17,0.5833,12,0
1513301,2025-12-13,Nigeria,Rwanda,"Nigeria Cricket Federation Oval 1, Abuja",1558.02,1462.95,95.07,0.8,0.8,0.8,0.6,136.8,126.6,0.7778,9,125.45,0.55,20,1
1513302,2025-12-13,Zambia,Sierra Leone,"Nigeria Cricket Federation Oval 1, Abuja",1462.84,1337.91,124.93,0.4,0.0,0.375,0.1,123.4,105.4,1.0,2,126.9,0.5714,21,0
1513832,2025-12-13,Thailand,Philippines,"Terdthai Cricket Ground, Bangkok",1396.82,1492.64,-95.82,0.2,0.8,0.2,0.7,94.4,148.0,0.5,0,135.5,0.4118,34,0
1513833,2025-12-13,Singapore,Malaysia,"Terdthai Cricket Ground, Bangkok",1418.04,1638.63,-220.59,0.4,0.8,0.5,0.8,145.4,123.0,0.25,12,136.0,0.4,35,0
1479578,2025-12-14,South Africa,India,"Himachal Pradesh Cricket Association Stadium, Dharamsala",1635.24,1882.26,-247.02,0.4,0.6,0.4,0.8,146.0,163.4,0.4062,32,164.5,0.0,2,0
1513303,2025-12-14,Zambia,Sierra Leone,"Nigeria Cricket Federation Oval 1, Abuja",1441.32,1359.43,81.89,0.4,0.2,0.3333,0.2,130.0,110.6,0.6667,3,126.41,0.5455,22,1
1513304,2025-12-14,Nigeria,Rwanda,"Nigeria Cricket Federation Oval 1, Abuja",1569.75,1451.22,118.52,0.8,0.6,0.8,0.6,148.4,124.8,0.8,10,127.22,0.5652,23,1
1479580,2025-12-19,India,South Africa,"Narendra Modi Stadium, Ahmedabad",1888.48,1629.02,259.46,0.8,0.2,0.8,0.3,162.4,130.6,0.6061,33,234.0,1.0,1,1
1515010,2025-12-23,Myanmar,Bhutan,Gelephu International Cricket Ground,1334.65,1330.97,3.68,0.6,0.0,0.4,0.0,111.2,114.4,0.0,1,132.62,0.5385,13,0
1515542,2025-12-23,Indonesia,Cambodia,Udayana Cricket Ground,1441.39,1447.68,-6.3,0.2,0.6,0.4,0.6,101.6,114.4,0.4286,14,126.02,0.3443,61,1
1515543,2025-12-23,Indonesia,Cambodia,Udayana Cricket Ground,1457.68,1431.39,26.28,0.4,0.4,0.4,0.6,115.6,110.6,0.4667,15,126.68,0.3548,62,1
1515011,2025-12-24,Bhutan,Myanmar,Gelephu International Cricket Ground,1347.14,1318.48,28.66,0.2,0.4,0.1,0.4,103.8,115.4,1.0,2,128.07,0.5,14,1
1515544,2025-12-24,Cambodia,Indonesia,Udayana Cricket Ground,1416.6,1472.47,-55.87,0.4,0.4,0.6,0.4,126.0,127.6,0.5,16,126.9,0.3651,63,0
1515545,2025-12-25,Indonesia,Cambodia,Udayana Cricket Ground,1485.92,1403.15,82.77,0.6,0.2,0.4,0.5,135.8,121.6,0.5294,17,126.67,0.3594,64,1
1515012,2025-12-26,Bhutan,Myanmar,Gelephu International Cricket Ground,1361.82,1303.79,58.03,0.4,0.4,0.2,0.4,129.2,114.2,1.0,3,133.93,0.5333,15,1
1517208,2025-12-26,Cambodia,Indonesia,Udayana Cricket Ground,1390.89,1498.18,-107.28,0.0,0.8,0.4,0.5,126.8,145.4,0.4444,18,127.06,0.3692,65,0
1515013,2025-12-27,Bhutan,Myanmar,Gelephu International Cricket Ground,1375.18,1290.44,84.73,0.6,0.2,0.3,0.4,129.6,93.6,1.0,4,133.5,0.5625,16,1
1515547,2025-12-27,Cambodia,Indonesia,Udayana Cricket Ground,1379.68,1509.39,-129.71,0.0,1.0,0.3,0.6,116.8,135.8,0.4211,19,126.68,0.3636,66,0
1515548,2025-12-27,Cambodia,Indonesia,Udayana Cricket Ground,1369.39,1519.68,-150.28,0.0,1.0,0.2,0.7,109.8,118.0,0.4,20,125.87,0.3582,67,0
1515014,2025-12-29,Bhutan,Myanmar,Gelephu International Cricket Ground,1387.35,1278.27,109.08,0.8,0.2,0.4,0.3,147.6,98.4,1.0,5,138.76,0.5882,17,1
1515549,2025-12-29,Cambodia,Indonesia,Udayana Cricket Ground,1359.91,1529.16,-169.25,0.0,1.0,0.2,0.7,112.2,120.0,0.381,21,126.22,0.3529,68,0
1514480,2026-01-07,Sri Lanka,Pakistan,Rangiri Dambulla International Stadium,1585.38,1708.77,-123.38,0.4,0.8,0.5,0.7,133.8,154.6,0.4074,27,153.83,0.5,6,0
1514482,2026-01-11,Sri Lanka,Pakistan,Rangiri Dambulla International Stadium,1574.84,1719.31,-144.47,0.4,0.8,0.4,0.7,140.4,150.2,0.3929,28,150.14,0.4286,7,1
1490234,2026-01-21,India,New Zealand,"Vidarbha Cricket Association Stadium, Jamtha, Nagpur",1894.35,1716.77,177.58,0.8,0.6,0.8,0.6,171.0,170.6,0.5455,22,90.0,0.0,1,1
1490235,2026-01-23,New Zealand,India,"Shaheed Veer Narayan Singh International Stadium, Raipur",1708.3,1902.82,-194.51,0.6,0.8,0.5,0.8,174.4,185.2,0.4348,23,174.0,1.0,1,0
1519136,2026-01-23,Italy,Ireland,"7he Sevens Stadium, Dubai",1623.3,1489.7,133.6,0.8,0.2,0.9,0.2,152.4,163.6,0.0,1,148.68,0.4907,0,0
1490236,2026-01-25,New Zealand,India,"Barsapara Cricket Stadium, Guwahati",1700.43,1910.69,-210.26,0.6,0.8,0.4,0.8,184.6,192.0,0.4167,24,229.5,0.5,2,0
1519137,2026-01-25,Ireland,Italy,"7he Sevens Stadium, Dubai",1511.57,1601.43,-89.87,0.4,0.6,0.3,0.8,148.2,158.0,1.0,2,118.0,0.0,1,1
1519138,2026-01-26,Ireland,Italy,"7he Sevens Stadium, Dubai",1531.62,1581.38,-49.77,0.6,0.4,0.4,0.7,155.4,142.4,1.0,3,154.0,0.5,2,0
1477609,2026-01-27,West Indies,South Africa,"Boland Park, Paarl",1571.77,1623.16,-51.38,0.4,0.2,0.5,0.3,165.6,148.8,0.5385,26,148.69,0.4904,0,0
1490237,2026-01-28,New Zealand,India,"Dr. Y.S. Rajasekhara Reddy ACA-VDCA Cricket Stadium, Visakhapatnam",1693.08,1918.04,-224.96,0.4,1.0,0.3,0.8,173.8,190.6,0.4,25,193.5,0.5,2,1
1477610,2026-01-29,West Indies,South Africa,"SuperSport Park, Centurion",1558.12,1636.81,-78.68,0.2,0.4,0.5,0.3,169.8,156.2,0.5185,27,193.5,0.1667,6,0
1519139,2026-01-29,Ireland,United Arab Emirates,Dubai International Cricket Stadium,1517.89,1639.8,-121.91,0.4,0.4,0.3,0.5,150.0,149.6,0.3636,11,145.13,0.5165,91,1
1519636,2026-01-29,Pakistan,Australia,"Gaddafi Stadium, Lahore",1697.02,1823.8,-126.78,0.6,0.6,0.7,0.7,153.2,155.2,0.4615,26,173.21,0.6429,14,1
1507719,2026-01-30,Sri Lanka,England,Pallekele International Cricket Stadium,1597.13,1740.55,-143.42,0.6,0.8,0.4,0.7,146.8,189.2,0.2857,14,174.39,0.5652,23,0
1477611,2026-01-31,West Indies,South Africa,"The Wanderers Stadium, Johannesburg",1545.69,1649.24,-103.56,0.0,0.6,0.5,0.4,181.2,186.4,0.5,28,206.4,0.6,5,1
1490238,2026-01-31,India,New Zealand,"Greenfield International Stadium, Thiruvananthapuram",1892.92,1718.2,174.72,0.8,0.4,0.8,0.4,199.6,181.4,0.5769,26,170.5,0.5,2,1
1519140,2026-01-31,Ireland,United Arab Emirates,Dubai International Cricket Stadium,1539.29,1618.41,-79.12,0.6,0.4,0.4,0.5,151.6,146.0,0.4167,12,145.49,0.5217,92,1
1519637,2026-01-31,Pakistan,Australia,"Gaddafi Stadium, Lahore",1718.61,1802.21,-83.6,0.6,0.4,0.8,0.6,147.8,147.4,0.4815,27,172.87,0.6667,15,1
1507720,2026-02-01,Sri Lanka,England,Pallekele International Cricket Stadium,1587.39,1750.3,-162.91,0.4,1.0,0.3,0.8,143.8,203.4,0.2667,15,172.67,0.5417,24,0
1519638,2026-02-01,Pakistan,Australia,"Gaddafi Stadium, Lahore",1738.39,1782.43,-44.04,0.8,0.2,0.8,0.5,151.8,137.0,0.5,28,174.44,0.6875,16,1
1507721,2026-02-03,England,Sri Lanka,Pallekele International Cricket Stadium,1759.3,1578.38,180.92,1.0,0.2,0.9,0.3,177.2,144.8,0.75,16,173.32,0.52,25,1
1512719,2026-02-07,Netherlands,Pakistan,"Sinhalese Sports Club Ground, Colombo",1564.08,1756.41,-192.32,0.4,0.8,0.5,0.8,137.6,169.6,0.0,2,148.83,0.4912,0,0
1512720,2026-02-07,West Indies,Scotland,"Eden Gardens, Kolkata",1566.32,1561.04,5.27,0.2,0.4,0.5,0.3,163.2,162.0,0.0,1,168.6,0.6,5,1
1512721,2026-02-07,India,United States of America,"Wankhede Stadium, Mumbai",1901.49,1632.89,268.6,0.8,0.8,0.8,0.8,207.6,147.8,1.0,1,204.5,1.0,2,1
1512723,2026-02-08,England,Nepal,"Wankhede Stadium, Mumbai",1767.65,1686.46,81.18,1.0,1.0,0.9,0.8,163.4,156.2,0.5,0,190.0,1.0,3,1
1512724,2026-02-08,Sri Lanka,Ireland,"R Premadasa Stadium, Colombo",1570.03,1558.87,11.17,0.2,0.8,0.3,0.5,145.2,162.2,1.0,3,128.75,0.1667,12,1
1512725,2026-02-09,Scotland,Italy,"Eden Gardens, Kolkata",1545.29,1595.11,-49.82,0.4,0.4,0.3,0.7,155.2,148.4,0.5,2,170.83,0.6667,6,1
1512726,2026-02-09,Oman,Zimbabwe,"Sinhalese Sports Club Ground, Colombo",1575.6,1612.31,-36.71,0.8,0.4,0.7,0.6,132.0,150.4,0.5,0,147.0,0.0,1,0
1512727,2026-02-09,South Africa,Canada,"Narendra Modi Stadium, Ahmedabad",1628.61,1641.46,-12.85,0.4,1.0,0.4,0.9,167.4,112.6,0.5,0,232.5,1.0,2,1
1512728,2026-02-10,Namibia,Netherlands,"Arun Jaitley Stadium, Delhi",1613.72,1556.14,57.59,0.8,0.4,0.7,0.4,157.2,138.6,0.25,4,216.0,0.5,2,0
1512729,2026-02-10,United Arab Emirates,New Zealand,"MA Chidambaram Stadium, Chepauk, Chennai",1598.83,1709.63,-110.8,0.4,0.2,0.4,0.4,151.6,198.2,0.3333,3,165.0,0.0,1,0
1512730,2026-02-10,Pakistan,United States of America,"Sinhalese Sports Club Ground, Colombo",1764.35,1627.27,137.09,0.8,0.6,0.8,0.8,173.4,130.8,0.5,0,125.0,0.0,2,1
1512732,2026-02-11,Australia,Ireland,"R Premadasa Stadium, Colombo",1764.41,1543.38,221.03,0.0,0.6,0.4,0.5,131.0,167.0,1.0,2,131.38,0.2308,13,1
1512733,2026-02-11,West Indies,England,"Wankhede Stadium, Mumbai",1582.08,1779.98,-197.9,0.4,1.0,0.5,0.9,166.0,169.2,0.4865,37,188.5,1.0,4,1
1522994,2026-02-11,Qatar,Bahrain,"West End Park International Cricket Stadium, Doha",1524.54,1710.17,-185.63,0.6,1.0,0.6,0.9,128.2,132.4,0.6,5,143.17,0.4286,42,1
1512734,2026-02-12,Sri Lanka,Oman,Pallekele International Cricket Stadium,1585.52,1561.28,24.24,0.4,0.6,0.4,0.7,152.2,118.2,0.5,0,171.58,0.5385,26,1
1512735,2026-02-12,Nepal,Italy,"Wankhede Stadium, Mumbai",1674.13,1576.83,97.31,0.8,0.2,0.8,0.6,165.8,141.8,0.5,0,190.0,1.0,5,0
1512736,2026-02-12,India,Namibia,"Arun Jaitley Stadium, Delhi",1907.11,1595.1,312.01,0.8,0.6,0.8,0.6,192.2,141.4,1.0,1,196.0,0.3333,3,1
1512737,2026-02-13,Zimbabwe,Australia,"R Premadasa Stadium, Colombo",1626.62,1771.42,-144.8,0.4,0.2,0.7,0.5,137.4,130.2,0.3333,3,135.0,0.2857,14,1
1512738,2026-02-13,Canada,United Arab Emirates,"Arun Jaitley Stadium, Delhi",1624.87,1587.76,37.11,0.8,0.2,0.8,0.4,102.8,141.2,0.0,1,199.25,0.5,4,0
1512739,2026-02-13,United States of America,Netherlands,"MA Chidambaram Stadium, Chepauk, Chennai",1617.27,1574.76,42.51,0.4,0.4,0.7,0.5,148.2,136.0,0.0,3,169.0,0.0,2,1
1522995,2026-02-13,Qatar,Bahrain,"West End Park International Cricket Stadium, Doha",1548.36,1686.35,-137.99,0.8,0.8,0.6,0.8,142.8,151.2,0.6667,6,144.84,0.4419,43,1
1512740,2026-02-14,Ireland,Oman,"Sinhalese Sports Club Ground, Colombo",1536.38,1546.4,-10.02,0.4,0.4,0.5,0.7,152.0,119.6,0.6667,6,146.67,0.3333,3,1
1512741,2026-02-14,Scotland,England,"Eden Gardens, Kolkata",1563.56,1755.73,-192.17,0.4,0.8,0.4,0.8,158.0,155.2,0.5,0,176.0,0.7143,7,0
1512742,2026-02-14,New Zealand,South Africa,"Narendra Modi Stadium, Ahmedabad",1720.69,1645.2,75.49,0.4,0.6,0.5,0.4,195.2,186.6,0.3889,18,226.0,1.0,3,0
1522996,2026-02-14,Qatar,Bahrain,"West End Park International Cricket Stadium, Doha",1570.4,1664.31,-93.91,0.8,0.6,0.6,0.7,155.0,154.8,0.7143,7,146.11,0.4545,44,0
1512743,2026-02-15,Nepal,West Indies,"Wankhede Stadium, Mumbai",1653.77,1606.32,47.45,0.6,0.6,0.7,0.5,162.4,177.2,0.6667,3,178.83,0.8333,6,0
1512744,2026-02-15,United States of America,Namibia,"MA Chidambaram Stadium, Chepauk, Chennai",1631.32,1590.54,40.78,0.6,0.4,0.7,0.6,154.0,150.2,1.0,2,178.0,0.3333,3,1
1512745,2026-02-15,India,Pakistan,"R Premadasa Stadium, Colombo",1911.66,1774.35,137.31,0.8,1.0,0.8,0.8,192.2,182.2,0.8,15,137.27,0.3333,15,1
1522997,2026-02-15,Qatar,Bahrain,"West End Park International Cricket Stadium, Doha",1558.62,1676.09,-117.47,0.6,0.6,0.6,0.7,166.8,161.0,0.625,8,147.02,0.4444,45,1
1512747,2026-02-16,England,Italy,"Eden Gardens, Kolkata",1763.69,1597.2,166.49,0.8,0.4,0.9,0.6,161.2,139.8,0.5,0,173.0,0.625,8,1
1512748,2026-02-16,Australia,Sri Lanka,Pallekele International Cricket Stadium,1749.11,1600.41,148.7,0.2,0.4,0.4,0.5,135.6,165.2,0.6,25,173.56,0.5556,27,0
1512749,2026-02-17,Canada,New Zealand,"MA Chidambaram Stadium, Chepauk, Chennai",1607.17,1701.27,-94.1,0.6,0.4,0.7,0.5,100.4,188.6,0.5,0,183.25,0.5,4,0
1512751,2026-02-17,Scotland,Nepal,"Wankhede Stadium, Mumbai",1555.61,1635.6,-79.99,0.2,0.4,0.4,0.6,158.8,159.6,0.5,2,172.29,0.7143,7,0
1512752,2026-02-18,United Arab Emirates,South Africa,"Arun Jaitley Stadium, Delhi",1605.46,1664.63,-59.16,0.2,0.8,0.4,0.5,147.8,182.0,0.5,0,189.4,0.4,5,0
1512753,2026-02-18,Pakistan,Namibia,"Sinhalese Sports Club Ground, Colombo",1764.36,1576.41,187.95,0.8,0.2,0.7,0.6,171.4,149.0,1.0,1,168.75,0.5,4,1
1512754,2026-02-18,India,Netherlands,"Narendra Modi Stadium, Ahmedabad",1921.65,1560.71,360.94,0.8,0.2,0.9,0.4,196.2,129.6,1.0,1,213.25,0.75,4,1
1512755,2026-02-19,West Indies,Italy,"Eden Gardens, Kolkata",1624.49,1588.33,36.16,0.8,0.4,0.5,0.5,169.4,151.8,0.5,0,176.22,0.6667,9,1
1512756,2026-02-19,Sri Lanka,Zimbabwe,"R Premadasa Stadium, Colombo",1622.86,1648.93,-26.06,0.6,0.6,0.5,0.7,175.4,141.8,0.7,10,139.62,0.375,16,0
1512758,2026-02-20,Oman,Australia,Pallekele International Cricket Stadium,1529.94,1726.65,-196.72,0.4,0.2,0.6,0.3,124.8,142.6,0.0,1,173.82,0.5357,28,0
1512760,2026-02-22,England,Sri Lanka,Pallekele International Cricket Stadium,1772.56,1608.06,164.5,0.8,0.6,0.9,0.4,167.0,173.2,0.7647,17,171.41,0.5172,29,1
1512761,2026-02-22,South Africa,India,"Narendra Modi Stadium, Ahmedabad",1677.93,1925.21,-247.28,0.8,1.0,0.6,0.9,171.4,201.8,0.3824,34,209.2,0.8,5,1
1512762,2026-02-23,West Indies,Zimbabwe,"Wankhede Stadium, Mumbai",1638.83,1663.73,-24.9,1.0,0.6,0.5,0.7,158.2,145.8,0.75,4,172.0,0.625,8,1
1512763,2026-02-24,Pakistan,England,Pallekele International Cricket Stadium,1772.46,1781.5,-9.04,0.8,0.8,0.8,0.9,171.6,170.6,0.3103,29,170.57,0.5333,30,0
1512764,2026-02-25,New Zealand,Sri Lanka,"R Premadasa Stadium, Colombo",1713.04,1599.12,113.92,0.6,0.6,0.5,0.4,193.2,169.0,0.64,25,141.88,0.3529,17,1
1522998,2026-02-25,Japan,Thailand,"Terdthai Cricket Ground, Bangkok",1575.83,1385.12,190.71,0.2,0.0,0.5,0.2,130.2,103.2,0.6667,3,135.28,0.3889,36,1
1522999,2026-02-25,Bhutan,Bahrain,"Terdthai Cricket Ground, Bangkok",1398.49,1654.88,-256.39,1.0,0.4,0.5,0.6,155.0,156.8,0.0,5,135.86,0.4054,37,0
1525159,2026-02-25,Kuwait,Hong Kong,"Mission Road Ground, Mong Kok, Hong Kong",1564.56,1529.92,34.64,0.4,0.2,0.5,0.5,140.6,115.6,0.5714,7,165.46,0.5769,26,0
1512765,2026-02-26,West Indies,South Africa,"Narendra Modi Stadium, Ahmedabad",1655.97,1703.72,-47.74,1.0,0.8,0.6,0.7,186.2,163.8,0.5172,29,205.5,0.8333,6,0
1512766,2026-02-26,India,Zimbabwe,"MA Chidambaram Stadium, Chepauk, Chennai",1899.42,1646.59,252.84,0.8,0.6,0.8,0.6,169.8,150.0,0.7692,13,181.2,0.4,5,1
1523000,2026-02-26,Thailand,Bhutan,"Terdthai Cricket Ground, Bangkok",1377.12,1392.53,-15.41,0.0,0.8,0.2,0.5,113.4,159.2,0.6667,6,134.68,0.3947,38,1
1523001,2026-02-26,Bahrain,Japan,"Terdthai Cricket Ground, Bangkok",1660.83,1583.83,77.0,0.4,0.4,0.7,0.5,154.8,135.4,0.5,0,134.82,0.4103,39,0
1525160,2026-02-26,Hong Kong,Kuwait,"Mission Road Ground, Mong Kok, Hong Kong",1547.51,1546.97,0.54,0.4,0.2,0.5,0.4,142.4,151.6,0.5,8,166.07,0.5556,27,1
1512767,2026-02-27,New Zealand,England,"R Premadasa Stadium, Colombo",1723.97,1797.09,-73.11,0.6,0.8,0.5,0.9,183.8,167.0,0.3846,26,143.33,0.3889,18,0
1523002,2026-02-27,Japan,Bhutan,"Terdthai Cricket Ground, Bangkok",1603.32,1375.82,227.5,0.4,0.6,0.6,0.5,120.6,132.0,0.5,0,133.62,0.4,40,1
1523003,2026-02-27,Bahrain,Thailand,"Terdthai Cricket Ground, Bangkok",1641.34,1393.83,247.51,0.4,0.2,0.6,0.3,139.4,125.4,0.5,2,134.51,0.4146,41,1
1512768,2026-02-28,Pakistan,Sri Lanka,Pallekele International Cricket Stadium,1756.88,1588.18,168.7,0.6,0.4,0.7,0.4,163.0,157.8,0.5862,29,170.35,0.5161,31,1
1523004,2026-02-28,Bhutan,Thailand,"Terdthai Cricket Ground, Bangkok",1369.02,1387.62,-18.6,0.4,0.2,0.5,0.3,125.2,117.8,0.2857,7,134.31,0.4286,42,1
1512769,2026-03-01,Zimbabwe,South Africa,"Arun Jaitley Stadium, Delhi",1640.53,1717.53,-77.0,0.6,1.0,0.5,0.7,157.6,175.6,0.0,7,178.17,0.3333,6,0
1512770,2026-03-01,West Indies,India,"Eden Gardens, Kolkata",1642.16,1905.48,-263.32,0.8,0.8,0.6,0.8,185.0,188.8,0.3448,29,175.1,0.7,10,0
1525162,2026-03-01,Hong Kong,Kuwait,"Mission Road Ground, Mong Kok, Hong Kong",1563.48,1530.99,32.49,0.6,0.0,0.5,0.3,148.0,146.2,0.5556,9,166.25,0.5714,28,0
1512771,2026-03-04,South Africa,New Zealand,"Eden Gardens, Kolkata",1730.04,1711.29,18.75,1.0,0.6,0.8,0.4,163.8,170.6,0.6316,19,176.91,0.6364,11,0
1512772,2026-03-05,India,England,"Wankhede Stadium, Mumbai",1911.24,1809.77,101.47,0.8,1.0,0.8,0.9,186.8,166.0,0.5862,29,181.11,0.6667,9,1
1527157,2026-03-07,Malaysia,Bahrain,"Bayuemas Oval, Kuala Lumpur",1645.65,1647.55,-1.9,1.0,0.6,0.8,0.6,113.0,130.6,0.375,8,126.1,0.4833,60,1
1512773,2026-03-08,India,New Zealand,"Narendra Modi Stadium, Ahmedabad",1922.69,1728.15,194.54,0.8,0.6,0.8,0.5,202.4,170.2,0.5926,27,201.29,0.7143,7,1
1525166,2026-03-08,Argentina,Cayman Islands,"Jimmy Powell Oval, Cayman Islands",1527.56,1476.74,50.82,0.8,0.4,0.7,0.4,115.0,114.4,0.0,2,133.46,0.4615,13,0
1525167,2026-03-08,Mexico,Suriname,"Jimmy Powell Oval, Cayman Islands",1453.12,1440.7,12.41,0.4,0.4,0.4,0.25,103.4,96.8,1.0,1,130.93,0.4286,14,1
1527158,2026-03-08,Bahrain,Malaysia,"Bayuemas Oval, Kuala Lumpur",1631.46,1661.73,-30.27,0.4,1.0,0.5,0.8,113.6,119.4,0.5556,9,126.33,0.4918,61,1
1525168,2026-03-09,Argentina,Suriname,"Jimmy Powell Oval, Cayman Islands",1509.23,1425.27,83.96,0.6,0.2,0.7,0.2222,110.4,85.8,1.0,1,128.67,0.4667,15,1
1525169,2026-03-09,Mexico,Cayman Islands,"Jimmy Powell Oval, Cayman Islands",1468.55,1495.06,-26.52,0.6,0.6,0.4,0.4,110.2,114.2,0.0,1,128.69,0.5,16,0
1527277,2026-03-09,Lesotho,Botswana,"Botswana Cricket Association Oval 1, Gaborone",1393.8,1387.51,6.29,0.2,0.0,0.2,0.1,82.2,101.8,0.0,1,149.28,0.4935,0,0
1527159,2026-03-10,Malaysia,Bahrain,"Bayuemas Oval, Kuala Lumpur",1644.34,1648.85,-4.51,0.8,0.6,0.7,0.5,104.8,108.8,0.4,10,126.39,0.5,62,0
1527278,2026-03-10,Lesotho,Botswana,"Botswana Cricket Association Oval 1, Gaborone",1377.51,1403.8,-26.29,0.2,0.2,0.2,0.1,78.0,89.6,0.0,2,60.0,0.0,1,0
1525170,2026-03-11,Suriname,Cayman Islands,"Jimmy Powell Oval, Cayman Islands",1413.07,1509.85,-96.78,0.2,0.8,0.2,0.5,84.0,109.0,1.0,1,126.65,0.4706,17,0
1525171,2026-03-11,Argentina,Mexico,"Jimmy Powell Oval, Cayman Islands",1521.44,1453.76,67.68,0.8,0.6,0.7,0.4,117.4,114.8,1.0,3,124.72,0.4444,18,1
1525172,2026-03-12,Cayman Islands,Mexico,"Jimmy Powell Oval, Cayman Islands",1521.5,1440.84,80.66,1.0,0.4,0.6,0.4,120.4,98.2,1.0,2,126.21,0.4737,19,1
1525173,2026-03-12,Suriname,Argentina,"Jimmy Powell Oval, Cayman Islands",1401.41,1534.36,-132.95,0.2,0.8,0.2,0.8,92.8,126.6,0.0,2,129.25,0.5,20,0
1527279,2026-03-12,Botswana,Lesotho,"Botswana Cricket Association Oval 1, Gaborone",1418.59,1362.72,55.87,0.4,0.2,0.2,0.2,88.4,83.8,1.0,3,70.5,0.0,2,1
1527280,2026-03-13,Botswana,Lesotho,"Botswana Cricket Association Oval 1, Gaborone",1432.04,1349.27,82.77,0.6,0.2,0.3,0.1,92.6,86.4,1.0,4,81.0,0.3333,3,1
1525174,2026-03-14,Argentina,Mexico,"Jimmy Powell Oval, Cayman Islands",1544.52,1428.49,116.03,0.8,0.2,0.8,0.3,126.4,97.0,1.0,4,128.19,0.4762,21,1
1525175,2026-03-14,Suriname,Cayman Islands,"Jimmy Powell Oval, Cayman Islands",1391.25,1533.85,-142.6,0.2,1.0,0.2,0.7,100.0,129.4,0.5,2,132.14,0.5,22,0
1527770,2026-03-14,Cyprus,Austria,Happy Valley Ground 2,1551.69,1737.84,-186.15,1.0,0.8,1.0,0.9,142.4,172.8,0.5,0,144.57,0.4286,7,1
1491735,2026-03-15,New Zealand,South Africa,"Bay Oval, Mount Maunganui",1720.28,1713.18,7.1,0.6,0.8,0.5,0.8,167.0,162.0,0.4,20,173.71,0.5714,7,0
1525176,2026-03-15,Mexico,Suriname,"Jimmy Powell Oval, Cayman Islands",1417.64,1381.47,36.17,0.2,0.0,0.3,0.2,99.8,97.2,1.0,2,130.09,0.4783,23,0
1525177,2026-03-15,Argentina,Cayman Islands,"Jimmy Powell Oval, Cayman Islands",1555.37,1543.63,11.74,0.8,1.0,0.8,0.7,140.8,113.2,0.0,3,129.92,0.4583,24,0
1527281,2026-03-15,Botswana,Lesotho,"Botswana Cricket Association Oval 1, Gaborone",1444.3,1337.01,107.29,0.8,0.0,0.4,0.1,101.0,68.8,1.0,5,101.75,0.5,4,1
1527773,2026-03-16,Cyprus,Austria,Happy Valley Ground 2,1575.52,1714.0,-138.48,1.0,0.6,1.0,0.8,144.8,169.0,1.0,1,148.25,0.5,8,0
1491736,2026-03-17,New Zealand,South Africa,"Seddon Park, Hamilton",1703.95,1729.51,-25.55,0.4,0.8,0.5,0.8,150.0,156.0,0.381,21,194.0,1.0,1,1
1491737,2026-03-20,South Africa,New Zealand,"Eden Park, Auckland",1712.33,1721.13,-8.8,0.6,0.4,0.7,0.5,140.0,151.4,0.5909,22,182.17,0.8333,6,0
1491738,2026-03-22,South Africa,New Zealand,"Sky Stadium, Wellington",1696.74,1736.72,-39.99,0.4,0.6,0.7,0.6,131.8,147.0,0.5652,23,171.5,0.0,2,1
1526840,2026-03-24,Malawi,Tanzania,"Achimota Senior Secondary School A Field, Accra",1431.31,1559.84,-128.54,0.4,0.4,0.4,0.5,103.0,112.4,0.0,2,154.25,0.625,8,0
1526841,2026-03-24,Eswatini,St Helena,"Achimota Senior Secondary School A Field, Accra",1487.26,1435.24,52.02,0.8,0.2,0.5,0.25,119.4,86.4,1.0,1,145.67,0.5556,9,1
1526842,2026-03-24,Seychelles,Ghana,"Achimota Senior Secondary School B Field, Accra",1394.76,1399.87,-5.11,0.0,0.6,0.1,0.4,69.8,74.6,0.0,1,132.83,0.5,6,0
1491739,2026-03-25,South Africa,New Zealand,"Hagley Oval, Christchurch",1714.57,1718.89,-4.32,0.4,0.4,0.7,0.5,133.8,141.4,0.5833,24,158.55,0.3636,11,1
1526843,2026-03-25,St Helena,Seychelles,"Achimota Senior Secondary School A Field, Accra",1421.61,1378.99,42.62,0.2,0.0,0.2222,0.1,90.6,67.0,0.5,0,142.6,0.6,10,0
1526844,2026-03-25,Tanzania,Eswatini,"Achimota Senior Secondary School B Field, Accra",1570.18,1500.88,69.3,0.4,0.8,0.6,0.6,103.2,133.6,1.0,1,124.14,0.4286,7,1
1526845,2026-03-25,Malawi,Ghana,"Achimota Senior Secondary School A Field, Accra",1420.97,1415.63,5.34,0.4,0.6,0.3,0.4,100.8,81.6,0.5,2,138.27,0.5455,11,0
1526846,2026-03-27,St Helena,Ghana,"Achimota Senior Secondary School A Field, Accra",1403.66,1431.88,-28.22,0.2,0.8,0.2,0.5,84.6,83.8,0.5,0,134.92,0.5,12,0
1526847,2026-03-27,Eswatini,Malawi,"Achimota Senior Secondary School B Field, Accra",1488.03,1404.73,83.31,0.8,0.2,0.6,0.3,128.4,94.4,0.5,0,130.88,0.5,8,0
1526848,2026-03-27,Tanzania,Seychelles,"Achimota Senior Secondary School B Field, Accra",1583.03,1396.94,186.09,0.4,0.2,0.6,0.1,113.2,82.6,0.5,0,124.67,0.4444,9,1
1526849,2026-03-28,Tanzania,St Helena,"Achimota Senior Secondary School B Field, Accra",1591.2,1388.96,202.24,0.6,0.2,0.7,0.2,132.6,73.0,0.5,0,132.7,0.5,10,1
1526850,2026-03-28,Seychelles,Malawi,"Achimota Senior Secondary School A Field, Accra",1388.78,1424.49,-35.71,0.2,0.4,0.1,0.4,73.4,95.6,0.0,1,130.46,0.4615,13,0
1526851,2026-03-28,Ghana,Eswatini,"Achimota Senior Secondary School B Field, Accra",1446.58,1468.27,-21.68,0.8,0.6,0.6,0.6,72.8,111.4,0.5,0,142.09,0.5455,11,1
1529377,2026-04-02,Mexico,Costa Rica,"Reforma Athletic Club, Naucalpan",1399.98,1439.78,-39.79,0.0,0.2,0.3,0.25,105.6,63.0,0.8,5,149.08,0.4931,0,1
1529378,2026-04-03,Costa Rica,Brazil,"Reforma Athletic Club, Naucalpan",1421.95,1420.46,1.49,0.2,0.0,0.2222,0.2,72.0,97.8,0.5,0,204.0,1.0,1,0
1529379,2026-04-03,Mexico,Brazil,"Reforma Athletic Club, Naucalpan",1417.81,1436.53,-18.72,0.2,0.2,0.4,0.3,127.6,98.0,0.5,2,134.0,0.5,2,1
1529380,2026-04-04,Brazil,Costa Rica,"Reforma Athletic Club, Naucalpan",1419.67,1405.89,13.78,0.2,0.2,0.3,0.2,102.8,74.8,1.0,1,142.67,0.6667,3,1
1529381,2026-04-04,Costa Rica,Mexico,"Reforma Athletic Club, Naucalpan",1390.52,1434.67,-44.15,0.2,0.4,0.2,0.4,74.2,141.4,0.1667,6,146.25,0.75,4,0
1528299,2026-04-05,Norway,France,Santarem Cricket Ground,1578.68,1467.7,110.97,0.8,0.2,0.6,0.3,146.2,138.0,0.5,4,163.67,0.5,6,1
1528300,2026-04-05,France,Portugal,Santarem Cricket Ground,1456.65,1597.09,-140.44,0.2,0.8,0.3,0.7,133.2,131.6,0.5,0,161.43,0.5714,7,0
1529382,2026-04-05,Mexico,Brazil,"Reforma Athletic Club, Naucalpan",1448.65,1435.03,13.61,0.6,0.4,0.4,0.3,132.0,115.0,0.6667,3,126.0,0.6,5,0
1528301,2026-04-06,Portugal,Norway,Santarem Cricket Ground,1606.95,1589.73,17.22,0.8,0.8,0.8,0.7,124.6,148.2,0.6667,3,157.25,0.5,8,1
1528302,2026-04-06,Portugal,France,Santarem Cricket Ground,1622.16,1446.78,175.37,0.8,0.2,0.8,0.2,138.4,139.4,1.0,1,160.89,0.5556,9,1
1528303,2026-04-07,France,Norway,Santarem Cricket Ground,1438.24,1574.52,-136.29,0.2,0.6,0.1,0.7,129.6,148.0,0.4,5,165.5,0.6,10,1
1529787,2026-04-07,Indonesia,Sweden,Udayana Cricket Ground,1537.93,1450.53,87.39,1.0,0.2,0.8,0.4,113.6,156.8,0.5,0,125.55,0.3478,69,0
1529788,2026-04-07,Indonesia,Sweden,Udayana Cricket Ground,1517.99,1470.48,47.51,0.8,0.4,0.8,0.4,107.0,154.6,0.0,1,125.46,0.3429,70,0
1528305,2026-04-08,Portugal,Norway,Santarem Cricket Ground,1630.7,1552.55,78.15,0.8,0.6,0.9,0.6,158.8,152.2,0.75,4,162.55,0.6364,11,1
1528306,2026-04-08,Portugal,France,Santarem Cricket Ground,1643.16,1460.21,182.95,0.8,0.4,0.9,0.2,157.4,123.8,1.0,2,159.75,0.6667,12,0
1528307,2026-04-09,Norway,France,Santarem Cricket Ground,1540.09,1483.93,56.16,0.4,0.4,0.5,0.3,134.0,126.2,0.5,6,159.85,0.6154,13,0
1528308,2026-04-09,Portugal,France,Santarem Cricket Ground,1619.44,1502.5,116.94,0.8,0.6,0.8,0.4,163.2,121.0,0.6667,3,156.36,0.5714,14,1
1529789,2026-04-09,Indonesia,Sweden,Udayana Cricket Ground,1499.81,1488.65,11.16,0.6,0.6,0.8,0.4,111.4,148.8,0.0,2,125.45,0.338,71,0
1529790,2026-04-09,Sweden,Indonesia,Udayana Cricket Ground,1505.16,1483.3,21.87,0.8,0.4,0.5,0.7,145.6,122.8,1.0,3,125.58,0.3333,72,1
1529791,2026-04-11,Indonesia,Sweden,Udayana Cricket Ground,1468.3,1520.16,-51.86,0.2,1.0,0.6,0.5,123.4,151.2,0.0,4,126.11,0.3425,73,0
1529792,2026-04-11,Sweden,Indonesia,Udayana Cricket Ground,1533.79,1454.67,79.11,1.0,0.0,0.6,0.5,143.6,139.6,1.0,5,126.64,0.3378,74,1
1529793,2026-04-13,Sweden,Indonesia,Udayana Cricket Ground,1546.21,1442.25,103.95,1.0,0.0,0.7,0.4,152.6,132.4,1.0,6,127.21,0.3467,75,0
1529794,2026-04-13,Sweden,Indonesia,Udayana Cricket Ground,1525.56,1462.9,62.65,0.8,0.2,0.7,0.4,156.2,137.0,0.8571,7,127.45,0.3421,76,1
1529145,2026-04-15,Namibia,Scotland,"Namibia Cricket Ground, Windhoek",1568.31,1543.23,25.08,0.2,0.2,0.5,0.3,135.0,161.8,0.75,4,115.75,0.0,4,0
1529146,2026-04-17,Scotland,Namibia,"Namibia Cricket Ground, Windhoek",1560.38,1551.16,9.22,0.4,0.0,0.4,0.4,167.2,139.2,0.4,5,124.4,0.0,5,1
1529147,2026-04-18,Scotland,Namibia,"Namibia Cricket Ground, Windhoek",1575.96,1535.58,40.38,0.6,0.0,0.5,0.3,169.2,135.6,0.5,6,129.83,0.1667,6,0
1531694,2026-04-20,Nepal,United Arab Emirates,"Tribhuvan University International Cricket Ground, Kirtipur",1647.98,1592.16,55.81,0.4,0.2,0.7,0.3,163.6,141.4,0.5455,11,175.3,0.5926,27,0
1531695,2026-04-21,United Arab Emirates,Nepal,"Tribhuvan University International Cricket Ground, Kirtipur",1610.71,1629.43,-18.72,0.4,0.2,0.4,0.6,132.8,145.8,0.5,12,173.39,0.5714,28,0
1528275,2026-04-27,New Zealand,Bangladesh,"Bir Sreshtho Flight Lieutenant Matiur Rahman Stadium, Chattogram",1702.69,1571.28,131.41,0.4,0.4,0.5,0.3,140.4,144.2,0.7895,19,155.5,0.5,6,0
1533385,2026-05-01,Germany,Austria,Bayer Uerdingen Cricket Ground,1559.1,1723.94,-164.84,0.4,0.6,0.6,0.8,163.0,161.6,0.8,5,141.4,0.5714,35,1
1533386,2026-05-01,Austria,Germany,Bayer Uerdingen Cricket Ground,1700.87,1582.17,118.7,0.6,0.6,0.7,0.6,156.6,192.4,0.1667,6,146.03,0.5833,36,0
1533390,2026-05-01,Indonesia,Malaysia,"Bayuemas Oval, Kuala Lumpur",1449.76,1628.55,-178.79,0.2,0.6,0.3,0.6,139.6,115.4,0.0,1,126.46,0.4921,63,0
1528277,2026-05-02,Bangladesh,New Zealand,"Shere Bangla National Stadium, Mirpur",1593.06,1680.91,-87.86,0.6,0.4,0.4,0.4,153.8,158.6,0.25,20,138.46,0.5,26,0
1533387,2026-05-02,Germany,Austria,Bayer Uerdingen Cricket Ground,1603.44,1679.61,-76.17,0.6,0.4,0.6,0.6,198.0,156.6,0.8571,7,146.49,0.5676,37,0
1533391,2026-05-02,Malaysia,Indonesia,"Bayuemas Oval, Kuala Lumpur",1636.97,1441.33,195.64,0.6,0.2,0.7,0.2,119.6,126.2,1.0,2,125.84,0.4844,64,1
1533394,2026-05-02,Isle of Man,Guernsey,"King George V Sports Ground, Castel",1501.82,1507.73,-5.91,0.4,0.0,0.2,0.3,128.0,130.2,0.0,1,158.36,0.4286,14,0
1533389,2026-05-03,Austria,Germany,Bayer Uerdingen Cricket Ground,1692.16,1590.89,101.27,0.4,0.6,0.6,0.6,157.6,208.6,0.25,8,148.18,0.5526,38,0
1533395,2026-05-03,Guernsey,Isle of Man,"King George V Sports Ground, Castel",1523.45,1486.09,37.37,0.2,0.4,0.4,0.2,127.2,123.4,1.0,2,155.13,0.4,15,1
1533392,2026-05-04,Malaysia,Indonesia,"Bayuemas Oval, Kuala Lumpur",1644.81,1433.5,211.31,0.6,0.2,0.8,0.1,124.8,118.2,1.0,3,126.02,0.4923,65,1
1533393,2026-05-05,Indonesia,Malaysia,"Bayuemas Oval, Kuala Lumpur",1426.18,1652.12,-225.94,0.2,0.6,0.1,0.8,118.0,134.0,0.0,4,126.92,0.5,66,0
1531681,2026-05-07,Malta,Gibraltar,Marsa Sports Club,1384.35,1408.68,-24.33,0.4,0.6,0.4,0.5,117.0,202.0,0.75,8,160.12,0.4035,57,1
1531682,2026-05-07,Malta,Gibraltar,Marsa Sports Club,1401.47,1391.56,9.91,0.6,0.4,0.4,0.5,136.6,193.8,0.7778,9,161.34,0.4138,58,1
1531683,2026-05-08,Gibraltar,Malta,Marsa Sports Club,1376.02,1417.01,-41.0,0.2,0.8,0.5,0.5,195.6,167.2,0.2,10,162.46,0.4237,59,0
1531684,2026-05-08,Malta,Gibraltar,Marsa Sports Club,1431.13,1361.89,69.24,0.8,0.2,0.5,0.5,175.0,175.8,0.8182,11,162.15,0.4167,60,1
1532637,2026-05-08,Indonesia,Philippines,Sano International Cricket Ground,1419.33,1504.34,-85.0,0.0,0.8,0.1,0.7,103.0,142.4,0.3333,12,138.15,0.55,20,1
1532638,2026-05-08,Vanuatu,Fiji,"Korogi Sports Park, Nisshin",1398.93,1505.2,-106.26,0.2,0.6,0.1,0.5,150.2,141.6,0.6667,3,149.17,0.4927,0,1
1532639,2026-05-08,South Korea,Cook Islands,"Korogi Sports Park, Nisshin",1332.76,1482.04,-149.28,0.2,0.2,0.2,0.4,113.0,93.8,0.5,0,169.0,1.0,1,0
1533397,2026-05-08,Cyprus,Finland,Happy Valley Ground,1565.58,1461.68,103.91,0.8,0.6,0.9,0.5,147.2,117.0,0.0,1,146.21,0.3571,14,1
1533398,2026-05-08,Cyprus,Finland,Happy Valley Ground,1576.94,1450.33,126.61,0.8,0.4,0.9,0.5,144.4,124.8,0.5,2,147.47,0.4,15,0
1534590,2026-05-08,Romania,Bulgaria,"Moara Vlasiei Cricket Ground, Ilfov County",1551.6,1363.95,187.65,0.2,0.2,0.5,0.5,164.8,138.6,0.8571,7,164.41,0.5,34,1
1531685,2026-05-09,Gibraltar,Malta,Marsa Sports Club,1349.04,1443.99,-94.94,0.0,1.0,0.4,0.6,165.8,187.8,0.1667,12,162.74,0.4262,61,0
1532640,2026-05-09,Indonesia,Samoa,Sano International Cricket Ground,1439.17,1375.84,63.34,0.2,0.2,0.2,0.1,99.8,127.4,0.5,0,137.86,0.5714,21,0
1532641,2026-05-09,Japan,Vanuatu,"Korogi Sports Park, Nisshin",1610.12,1419.68,190.44,0.6,0.2,0.6,0.2,126.8,152.6,0.5,2,108.0,0.5,2,1
1532642,2026-05-09,Papua New Guinea,South Korea,"Korogi Sports Park, Nisshin",1523.23,1323.24,199.99,0.2,0.2,0.4,0.2,105.2,112.0,0.5,0,113.0,0.6667,3,1
1533399,2026-05-09,Finland,Cyprus,Happy Valley Ground,1471.91,1555.35,-83.44,0.6,0.6,0.5,0.8,129.4,142.8,0.6667,3,145.25,0.375,16,1
1533400,2026-05-09,Finland,Cyprus,Happy Valley Ground,1491.68,1535.58,-43.9,0.6,0.4,0.5,0.7,128.4,122.4,0.75,4,146.29,0.4118,17,1
1534591,2026-05-09,Romania,Bulgaria,"Moara Vlasiei Cricket Ground, Ilfov County",1559.71,1355.84,203.87,0.4,0.0,0.5,0.4,166.2,123.0,0.875,8,164.4,0.5143,35,1
1534592,2026-05-09,Romania,Bulgaria,"Moara Vlasiei Cricket Ground, Ilfov County",1567.27,1348.28,218.99,0.6,0.0,0.5,0.3,169.8,129.0,0.8889,9,165.14,0.5278,36,1
1532643,2026-05-10,Samoa,Philippines,Sano International Cricket Ground,1394.72,1484.5,-89.78,0.2,0.6,0.2,0.7,122.4,138.2,0.5,0,135.77,0.5455,22,1
1532644,2026-05-10,Fiji,Japan,"Korogi Sports Park, Nisshin",1484.45,1618.14,-133.69,0.6,0.8,0.4,0.6,127.0,128.2,0.5,0,134.0,0.75,4,0
1532645,2026-05-10,Papua New Guinea,Cook Islands,"Korogi Sports Park, Nisshin",1530.92,1491.56,39.36,0.4,0.2,0.4,0.4,129.2,78.6,0.5,0,122.0,0.6,5,1
1534594,2026-05-10,Romania,Bulgaria,"Moara Vlasiei Cricket Ground, Ilfov County",1574.34,1341.22,233.12,0.6,0.0,0.6,0.3,175.0,117.6,0.9,10,166.03,0.5405,37,1
1532646,2026-05-12,Vanuatu,Samoa,Sano International Cricket Ground,1411.67,1414.77,-3.1,0.2,0.4,0.2,0.3,138.4,124.0,0.5,4,137.09,0.5652,23,0
1532647,2026-05-12,Philippines,South Korea,Sano International Cricket Ground 2,1464.46,1315.55,148.9,0.6,0.2,0.7,0.2,134.8,97.4,0.8333,6,149.16,0.4937,0,1
1532648,2026-05-12,Japan,Indonesia,Sano International Cricket Ground,1628.27,1420.29,207.98,1.0,0.2,0.6,0.2,122.6,100.8,0.7143,7,136.75,0.5417,24,1
1532649,2026-05-13,Fiji,South Korea,Sano International Cricket Ground 2,1474.32,1306.02,168.3,0.4,0.0,0.4,0.2,107.2,92.4,0.5,0,163.0,1.0,1,0
1532650,2026-05-13,Samoa,Papua New Guinea,Sano International Cricket Ground,1430.62,1545.11,-114.49,0.6,0.6,0.4,0.4,120.8,154.4,1.0,1,136.96,0.56,25,0
1532651,2026-05-13,Cook Islands,Vanuatu,Sano International Cricket Ground,1477.37,1395.81,81.56,0.2,0.2,0.4,0.2,95.2,139.2,0.75,4,136.0,0.5385,26,1
1532652,2026-05-14,Fiji,Philippines,Sano International Cricket Ground 2,1451.12,1473.99,-22.87,0.4,0.6,0.4,0.7,113.2,138.4,0.5,0,151.5,0.5,2,0
1532653,2026-05-14,Papua New Guinea,Indonesia,Sano International Cricket Ground,1556.02,1412.87,143.16,0.6,0.2,0.4,0.2,143.8,96.0,0.5,0,137.0,0.5556,27,1
1532654,2026-05-14,Japan,Cook Islands,Sano International Cricket Ground,1635.69,1489.68,146.01,1.0,0.4,0.7,0.4,119.6,113.6,1.0,3,136.75,0.5714,28,0
1532655,2026-05-16,Vanuatu,Indonesia,Sano International Cricket Ground,1383.5,1403.11,-19.61,0.2,0.2,0.2,0.2,119.4,98.0,0.5,0,135.14,0.5517,29,1
1532656,2026-05-16,Samoa,Japan,Sano International Cricket Ground,1419.71,1613.34,-193.62,0.6,0.8,0.4,0.6,118.0,120.0,0.0,1,134.03,0.5667,30,0
1532657,2026-05-16,Philippines,South Korea,Sano International Cricket Ground 2,1488.94,1329.21,159.72,0.6,0.2,0.7,0.3,125.4,100.8,0.8571,7,139.67,0.3333,3,0
1534038,2026-05-16,Cyprus,France,Happy Valley Ground,1517.57,1491.69,25.88,0.2,0.6,0.6,0.4,113.4,126.0,0.5,0,147.44,0.4444,18,0
1534039,2026-05-16,Guernsey,Sweden,Happy Valley Ground 2,1537.74,1538.7,-0.96,0.4,0.8,0.4,0.8,142.4,162.2,0.5,0,146.89,0.4444,9,1
1534040,2026-05-16,Switzerland,Jersey,Happy Valley Ground,1566.0,1641.55,-75.55,0.8,0.8,0.6,0.8,172.2,140.0,0.0,1,145.74,0.4211,19,0
1534041,2026-05-16,Malta,Austria,Happy Valley Ground 2,1455.72,1671.62,-215.9,1.0,0.4,0.7,0.5,189.4,174.8,0.0,2,147.3,0.5,10,0
1532658,2026-05-17,Fiji,South Korea,Sano International Cricket Ground 2,1436.17,1352.09,84.08,0.2,0.4,0.3,0.3,102.6,96.8,0.0,1,128.25,0.25,4,0
1532659,2026-05-17,Cook Islands,Indonesia,Sano International Cricket Ground,1512.03,1386.21,125.83,0.6,0.2,0.4,0.1,111.6,103.6,0.5,0,132.32,0.5484,31,1
1532660,2026-05-17,Papua New Guinea,Vanuatu,Sano International Cricket Ground,1565.78,1400.4,165.38,0.8,0.4,0.5,0.3,146.4,112.4,1.0,4,132.19,0.5625,32,1
1534042,2026-05-17,Malta,Guernsey,Happy Valley Ground,1448.55,1553.78,-105.23,0.8,0.6,0.7,0.4,171.2,145.0,0.0,1,142.1,0.4,20,0
1534043,2026-05-17,France,Croatia,Happy Valley Ground 2,1508.88,1324.16,184.71,0.8,0.0,0.5,0.0,136.4,67.6,0.5,0,146.64,0.4545,11,1
1534044,2026-05-17,Slovenia,Austria,Happy Valley Ground,1332.92,1678.79,-345.87,0.0,0.4,0.1,0.5,160.4,175.0,0.0,4,138.86,0.381,21,0
1534045,2026-05-17,Jersey,Cyprus,Happy Valley Ground 2,1654.13,1500.38,153.75,0.8,0.2,0.8,0.5,131.8,109.2,0.5,0,151.75,0.5,12,1
1532662,2026-05-18,Cook Islands,Samoa,Sano International Cricket Ground,1522.48,1411.81,110.67,0.8,0.6,0.5,0.4,117.8,116.8,1.0,3,134.45,0.5758,33,0
1532663,2026-05-18,Japan,Papua New Guinea,Sano International Cricket Ground,1621.24,1574.69,46.55,0.8,1.0,0.7,0.6,102.4,170.6,0.0,2,132.71,0.5588,34,1
1534046,2026-05-19,France,Jersey,Happy Valley Ground,1517.09,1663.47,-146.38,0.8,0.8,0.6,0.8,151.4,140.2,0.5,0,140.0,0.3636,22,0
1534047,2026-05-19,Slovenia,Sweden,Happy Valley Ground 2,1329.07,1522.66,-193.59,0.0,0.6,0.0,0.8,153.4,157.2,0.0,1,153.31,0.5385,13,0
1534048,2026-05-19,Croatia,Switzerland,Happy Valley Ground,1315.95,1553.42,-237.47,0.0,0.6,0.0,0.6,77.6,153.2,0.0,1,140.22,0.3478,23,1
1534049,2026-05-19,Guernsey,Austria,Happy Valley Ground 2,1565.08,1682.63,-117.55,0.8,0.6,0.4,0.6,140.8,178.8,0.0,1,151.86,0.5,14,1
1534050,2026-05-20,Slovenia,Guernsey,Happy Valley Ground,1321.17,1586.3,-265.13,0.0,1.0,0.0,0.5,139.6,147.0,0.0,1,142.67,0.375,24,0
1534051,2026-05-20,Switzerland,Cyprus,Happy Valley Ground 2,1527.92,1491.03,36.89,0.6,0.0,0.6,0.4,162.0,100.2,0.5,0,154.8,0.5333,15,1
1534052,2026-05-20,Sweden,Malta,Happy Valley Ground,1530.56,1437.26,93.31,0.6,0.6,0.8,0.7,151.2,140.6,0.5,0,140.92,0.36,25,0
1534053,2026-05-20,Jersey,Croatia,Happy Valley Ground 2,1673.11,1341.45,331.66,1.0,0.2,0.8,0.1,137.8,109.0,0.5,0,154.81,0.5625,16,1
1534054,2026-05-22,France,Switzerland,Happy Valley Ground,1507.46,1542.23,-34.77,0.6,0.6,0.5,0.6,147.4,160.6,0.0,2,142.46,0.3462,26,1
1534055,2026-05-22,Austria,Sweden,Happy Valley Ground 2,1661.42,1510.37,151.05,0.6,0.4,0.5,0.7,176.2,153.4,1.0,3,162.18,0.5882,17,0
1534056,2026-05-22,Croatia,Cyprus,Happy Valley Ground,1337.32,1476.72,-139.4,0.2,0.0,0.1,0.3,132.2,103.8,0.0,4,142.7,0.3704,27,1
1534057,2026-05-22,Slovenia,Malta,Happy Valley Ground 2,1315.45,1457.45,-142.0,0.0,0.6,0.0,0.7,141.0,148.0,0.5,0,161.39,0.5556,18,0
1534058,2026-05-23,France,Sweden,Happy Valley Ground 2,1525.06,1532.92,-7.86,0.6,0.6,0.6,0.7,154.8,154.2,1.0,1,156.47,0.5263,19,0
1534059,2026-05-23,Malta,Switzerland,Happy Valley Ground,1467.25,1524.63,-57.38,0.6,0.4,0.8,0.6,122.2,157.4,0.25,4,142.86,0.3929,28,0
1534060,2026-05-23,Croatia,Austria,Happy Valley Ground,1359.42,1638.87,-279.45,0.4,0.4,0.2,0.4,146.6,163.4,0.5,0,142.72,0.3793,29,0
1534061,2026-05-23,Guernsey,Jersey,Happy Valley Ground 2,1592.01,1677.24,-85.23,1.0,1.0,0.6,0.8,145.2,161.8,0.25,8,155.35,0.5,20,0
1535413,2026-05-23,Cameroon,Rwanda,"Botswana Cricket Association Oval 1, Gaborone",1362.97,1440.48,-77.51,0.4,0.4,0.2,0.6,42.6,123.0,0.5,0,104.2,0.6,5,0
1535414,2026-05-23,Botswana,Sierra Leone,"Botswana Cricket Association Oval 1, Gaborone",1455.51,1347.13,108.38,1.0,0.2,0.5,0.1,104.8,122.0,1.0,2,104.67,0.5,6,1
1535415,2026-05-23,Kenya,Mali,"Botswana Cricket Association Oval 2, Gaborone",1585.18,1361.67,223.51,0.4,0.0,0.4,0.0,128.8,35.6,1.0,1,149.02,0.4929,0,1
1535416,2026-05-24,Rwanda,Ivory Coast,"Botswana Cricket Association Oval 1, Gaborone",1452.97,1417.25,35.72,0.4,0.0,0.6,0.0,119.0,25.2,0.5,0,113.43,0.5714,7,1
1535417,2026-05-24,Mali,Botswana,"Botswana Cricket Association Oval 1, Gaborone",1354.75,1466.67,-111.93,0.0,1.0,0.0,0.6,47.0,125.8,0.0,1,135.25,0.625,8,0
1535418,2026-05-24,Sierra Leone,Cameroon,"Botswana Cricket Association Oval 2, Gaborone",1335.96,1350.48,-14.51,0.2,0.4,0.1,0.2,115.4,56.0,1.0,2,247.0,1.0,1,0
1535419,2026-05-25,Kenya,Rwanda,"Botswana Cricket Association Oval 1, Gaborone",1592.11,1467.33,124.78,0.6,0.6,0.4,0.6,157.2,153.4,1.0,8,122.89,0.5556,9,0
1535420,2026-05-25,Botswana,Cameroon,"Botswana Cricket Association Oval 2, Gaborone",1477.69,1365.81,111.88,1.0,0.4,0.7,0.3,114.2,57.8,1.0,1,155.5,0.5,2,1
1535421,2026-05-25,Ivory Coast,Mali,"Botswana Cricket Association Oval 2, Gaborone",1402.89,1343.73,59.16,0.0,0.0,0.0,0.0,24.4,40.4,0.5,0,153.33,0.6667,3,0
1535422,2026-05-26,Mali,Rwanda,"Botswana Cricket Association Oval 2, Gaborone",1362.43,1488.84,-126.41,0.2,0.6,0.1,0.7,47.6,138.0,0.0,1,134.5,0.5,4,0
1535423,2026-05-26,Kenya,Sierra Leone,"Botswana Cricket Association Oval 1, Gaborone",1570.59,1320.63,249.96,0.6,0.2,0.4,0.1,152.0,107.6,0.5,0,120.7,0.5,10,1
1535424,2026-05-26,Cameroon,Ivory Coast,"Botswana Cricket Association Oval 2, Gaborone",1354.79,1384.19,-29.4,0.4,0.0,0.3,0.0,66.0,38.6,0.5,0,117.4,0.4,5,1
1535425,2026-05-28,Botswana,Ivory Coast,"Botswana Cricket Association Oval 1, Gaborone",1488.71,1366.84,121.87,1.0,0.0,0.8,0.0,123.6,38.6,1.0,1,122.0,0.5455,11,1
1535426,2026-05-28,Sierra Leone,Rwanda,"Botswana Cricket Association Oval 2, Gaborone",1314.5,1499.26,-184.77,0.2,0.8,0.1,0.7,100.6,133.6,0.1667,6,128.33,0.5,6,0
1535427,2026-05-28,Cameroon,Kenya,"Botswana Cricket Association Oval 1, Gaborone",1372.14,1576.73,-204.59,0.6,0.6,0.4,0.5,96.6,149.4,0.0,1,133.08,0.5833,12,0
1535428,2026-05-29,Cameroon,Mali,"Botswana Cricket Association Oval 1, Gaborone",1364.61,1352.01,12.6,0.4,0.2,0.4,0.1,95.4,50.2,1.0,1,126.08,0.5385,13,1
1535429,2026-05-29,Ivory Coast,Sierra Leone,"Botswana Cricket Association Oval 2, Gaborone",1356.23,1306.29,49.94,0.0,0.0,0.0,0.1,35.2,94.0,0.0,1,122.57,0.4286,7,0
1535430,2026-05-29,Kenya,Botswana,"Botswana Cricket Association Oval 2, Gaborone",1584.26,1499.32,84.95,0.8,1.0,0.6,0.9,133.6,141.8,0.75,4,113.88,0.375,8,1
1535431,2026-05-30,Mali,Sierra Leone,"Botswana Cricket Association Oval 1, Gaborone",1336.59,1324.57,12.02,0.2,0.2,0.1,0.2,59.2,79.8,0.5,0,128.43,0.5714,14,0
1535432,2026-05-30,Ivory Coast,Kenya,"Botswana Cricket Association Oval 2, Gaborone",1337.95,1596.43,-258.48,0.0,0.8,0.0,0.6,40.6,143.8,0.5,0,122.67,0.4444,9,0
1535433,2026-05-30,Rwanda,Botswana,"Botswana Cricket Association Oval 1, Gaborone",1507.47,1487.15,20.32,1.0,0.8,0.7,0.9,128.0,145.2,0.8333,6,126.33,0.5333,15,1
1538440,2026-05-31,Nepal,China,Singapore National Cricket Ground,1644.57,1392.62,251.95,0.4,0.0,0.6,0.1111,135.6,60.6,0.5,0,148.44,0.375,16,1
1538442,2026-06-01,Oman,Singapore,Singapore National Cricket Ground,1522.14,1411.02,111.12,0.2,0.4,0.5,0.4,124.2,138.6,1.0,1,158.12,0.4118,17,1
1538443,2026-06-01,Bahrain,Hong Kong,Singapore National Cricket Ground,1664.64,1545.99,118.65,0.6,0.6,0.5,0.5,116.8,143.2,0.75,4,157.61,0.4444,18,0
1538211,2026-06-02,Mozambique,Lesotho,Malkerns Country Club oval,1437.06,1325.8,111.26,0.4,0.0,0.4,0.1,125.4,65.4,0.5,0,169.0,1.0,3,1
1538445,2026-06-02,China,Malaysia,Singapore National Cricket Ground,1386.54,1658.97,-272.43,0.0,0.8,0.1,0.8,71.6,123.2,0.0,1,158.42,0.4211,19,0
1538213,2026-06-03,Eswatini,Mozambique,Malkerns Country Club oval,1451.27,1448.1,3.17,0.4,0.4,0.5,0.5,97.4,151.4,0.75,4,181.0,1.0,4,0
1538446,2026-06-03,Oman,Bahrain,Singapore National Cricket Ground,1533.19,1643.38,-110.19,0.2,0.6,0.5,0.5,123.0,134.0,0.6667,6,154.7,0.4,20,1
1538447,2026-06-03,Singapore,Hong Kong,Singapore National Cricket Ground,1399.97,1567.25,-167.28,0.4,0.8,0.3,0.5,139.0,157.6,0.1667,6,156.1,0.4286,21,0
1538214,2026-06-04,Mozambique,Lesotho,Malkerns Country Club oval,1464.25,1314.76,149.49,0.4,0.0,0.5,0.1,149.4,74.8,1.0,1,171.0,0.8,5,1
1538215,2026-06-04,Lesotho,Eswatini,Malkerns Country Club oval,1305.24,1435.12,-129.88,0.0,0.2,0.1,0.5,94.2,87.2,0.5,0,175.83,0.8333,6,0
1538449,2026-06-04,Nepal,Malaysia,Singapore National Cricket Ground,1650.64,1664.49,-13.85,0.6,1.0,0.6,0.8,173.6,114.0,1.0,9,151.77,0.4091,22,1
1538450,2026-06-05,Bahrain,Singapore,Singapore National Cricket Ground,1622.47,1391.13,231.34,0.4,0.4,0.5,0.3,141.6,125.0,1.0,4,157.13,0.4348,23,1
1538451,2026-06-05,Hong Kong,Oman,Singapore National Cricket Ground,1576.09,1554.1,21.99,0.8,0.4,0.5,0.5,144.2,139.2,0.125,8,159.42,0.4583,24,1
1538216,2026-06-06,Mozambique,Eswatini,Malkerns Country Club oval,1473.76,1445.41,28.35,0.6,0.2,0.6,0.5,163.6,82.8,0.4,5,163.71,0.7143,7,0
1538217,2026-06-06,Mozambique,Lesotho,Malkerns Country Club oval,1456.46,1294.96,161.49,0.6,0.0,0.6,0.1,169.6,93.2,1.0,2,167.0,0.625,8,1
1538218,2026-06-07,Lesotho,Eswatini,Malkerns Country Club oval,1285.91,1462.71,-176.8,0.0,0.4,0.0,0.6,113.2,117.0,0.0,1,171.67,0.6667,9,1
1538219,2026-06-07,Mozambique,Eswatini,Malkerns Country Club oval,1465.51,1439.2,26.31,0.8,0.4,0.6,0.5,189.8,142.6,0.3333,6,176.6,0.7,10,0
1538452,2026-06-07,Oman,Nepal,Singapore National Cricket Ground,1539.11,1667.28,-128.17,0.4,0.8,0.4,0.6,141.8,202.0,0.25,8,164.52,0.48,25,0
1538453,2026-06-07,Malaysia,Hong Kong,Singapore National Cricket Ground,1647.86,1591.08,56.78,0.8,0.8,0.7,0.6,118.0,164.4,0.5789,19,161.81,0.4615,26,0
1538454,2026-06-08,Oman,Malaysia,Singapore National Cricket Ground,1528.76,1629.26,-100.5,0.4,0.6,0.4,0.6,132.8,113.4,1.0,1,160.04,0.4444,27,0
1538455,2026-06-08,Hong Kong,Nepal,Singapore National Cricket Ground,1609.67,1677.63,-67.96,0.8,0.8,0.7,0.6,154.2,186.8,0.5,10,157.54,0.4286,28,0
1538307,2026-06-11,Sri Lanka,West Indies,"Sabina Park, Kingston, Jamaica",1579.4,1636.4,-57.0,0.2,0.6,0.3,0.6,154.2,184.8,0.5556,18,181.38,0.5,8,0
1539464,2026-06-11,Norway,Sweden,"Botkyrka Cricket Center, Stockholm",1521.53,1548.55,-27.03,0.2,0.6,0.5,0.7,121.8,148.8,1.0,4,145.33,0.3333,6,0
1539465,2026-06-11,Austria,Finland,"Botkyrka Cricket Center, Stockholm",1644.2,1509.69,134.51,0.6,0.8,0.5,0.6,153.6,144.8,0.5,0,144.14,0.2857,7,0
1539466,2026-06-12,Sweden,Finland,"Botkyrka Cricket Center, Stockholm",1563.31,1531.59,31.72,0.8,0.8,0.7,0.7,148.6,134.2,0.5,6,136.88,0.25,8,0
1539467,2026-06-12,Norway,Austria,"Botkyrka Cricket Center, Stockholm",1506.77,1622.3,-115.53,0.0,0.4,0.4,0.4,119.6,142.6,0.25,4,133.56,0.2222,9,1
1538308,2026-06-13,Sri Lanka,West Indies,"Sabina Park, Kingston, Jamaica",1566.0,1649.79,-83.8,0.0,0.6,0.3,0.7,146.8,187.8,0.5263,19,177.56,0.4444,9,1
1539468,2026-06-13,Finland,Norway,"Botkyrka Cricket Center, Stockholm",1549.05,1527.9,21.15,1.0,0.2,0.7,0.4,128.0,114.0,0.3333,6,135.2,0.3,10,1
1539469,2026-06-13,Sweden,Austria,"Botkyrka Cricket Center, Stockholm",1545.86,1601.17,-55.31,0.6,0.2,0.6,0.4,142.8,124.0,0.25,4,139.0,0.3636,11,1
1538309,2026-06-14,Sri Lanka,West Indies,"Sabina Park, Kingston, Jamaica",1585.78,1630.01,-44.23,0.2,0.4,0.4,0.7,150.0,186.2,0.55,20,179.2,0.5,10,0
1539470,2026-06-14,Norway,Austria,"Botkyrka Cricket Center, Stockholm",1512.87,1582.64,-69.77,0.2,0.2,0.4,0.4,117.2,112.0,0.4,5,141.17,0.4167,12,0
1539471,2026-06-14,Finland,Sweden,"Botkyrka Cricket Center, Stockholm",1564.08,1564.38,-0.3,1.0,0.8,0.8,0.6,140.8,139.6,0.5714,7,139.46,0.3846,13,0
1532483,2026-06-17,Bangladesh,Australia,"Bir Sreshtho Flight Lieutenant Matiur Rahman Stadium, Chattogram",1581.02,1734.45,-153.43,0.6,0.4,0.3,0.3,144.0,142.6,0.3636,11,159.29,0.4286,7,0
1539472,2026-06-18,Denmark,Germany,"Svanholm Park, Brondby",1491.8,1611.42,-119.62,0.6,0.8,0.5,0.6,181.4,223.8,0.0,4,138.27,0.3636,11,0
1539739,2026-06-18,Nigeria,Hong Kong,"Namibia Cricket Ground, Windhoek",1580.49,1596.76,-16.27,0.8,0.8,0.9,0.7,148.2,166.8,0.0,1,137.86,0.1429,7,0
1532484,2026-06-19,Australia,Bangladesh,"Bir Sreshtho Flight Lieutenant Matiur Rahman Stadium, Chattogram",1743.81,1571.66,172.15,0.6,0.6,0.3,0.3,150.0,141.8,0.6667,12,155.75,0.375,8,1
1539473,2026-06-19,Germany,Denmark,"Svanholm Park, Brondby",1622.12,1481.1,141.02,0.8,0.4,0.6,0.5,203.4,163.6,1.0,5,136.42,0.3333,12,0
1539474,2026-06-19,Germany,Denmark,"Svanholm Park, Brondby",1599.96,1503.26,96.7,0.6,0.6,0.6,0.6,179.2,170.4,0.8333,6,140.31,0.3077,13,0
1539740,2026-06-19,Hong Kong,Namibia,"Namibia Cricket Ground, Windhoek",1612.01,1553.43,58.58,0.8,0.2,0.8,0.3,157.2,149.8,0.5,0,136.38,0.125,8,0
1540308,2026-06-19,Belgium,Romania,"Moara Vlasiei Cricket Ground, Ilfov County",1531.81,1580.97,-49.15,0.0,0.8,0.4,0.6,167.6,174.4,0.5,0,165.71,0.5526,38,1
1540309,2026-06-19,Romania,Switzerland,"Moara Vlasiei Cricket Ground, Ilfov County",1562.72,1538.02,24.7,0.8,0.4,0.5,0.6,173.4,139.4,0.0,1,166.08,0.5641,39,0
1540310,2026-06-19,Hungary,Switzerland,"Moara Vlasiei Cricket Ground, Ilfov County",1470.05,1555.15,-85.1,0.4,0.6,0.4,0.6,152.6,163.8,0.5,0,166.72,0.55,40,0
1539475,2026-06-20,Germany,Denmark,"Svanholm Park, Brondby",1579.62,1523.61,56.02,0.4,0.6,0.5,0.7,175.4,160.4,0.7143,7,140.71,0.2857,14,0
1539741,2026-06-20,Namibia,Nigeria,"Namibia Cricket Ground, Windhoek",1572.11,1565.24,6.87,0.4,0.8,0.3,0.8,141.6,152.4,0.6667,3,135.22,0.1111,9,1
1540311,2026-06-20,Hungary,Romania,"Moara Vlasiei Cricket Ground, Ilfov County",1457.89,1545.58,-87.69,0.2,0.6,0.3,0.5,151.2,179.0,0.2,5,166.1,0.5366,41,0
1540312,2026-06-20,Belgium,Hungary,"Moara Vlasiei Cricket Ground, Ilfov County",1550.06,1445.85,104.21,0.2,0.2,0.5,0.3,175.0,142.4,1.0,1,165.1,0.5238,42,1
1540313,2026-06-20,Belgium,Switzerland,"Moara Vlasiei Cricket Ground, Ilfov County",1561.4,1567.31,-5.91,0.4,0.8,0.5,0.7,178.4,156.2,1.0,1,166.65,0.5349,43,1
1532485,2026-06-21,Bangladesh,Australia,"Bir Sreshtho Flight Lieutenant Matiur Rahman Stadium, Chattogram",1562.99,1752.47,-189.48,0.4,0.6,0.3,0.4,144.8,152.8,0.3077,13,160.22,0.4444,9,0
1539742,2026-06-21,Nigeria,Hong Kong,"Namibia Cricket Ground, Windhoek",1549.56,1593.34,-43.78,0.6,0.6,0.7,0.7,139.0,169.6,0.0,2,141.1,0.2,10,0
1540314,2026-06-21,Belgium,Hungary,"Moara Vlasiei Cricket Ground, Ilfov County",1577.67,1434.51,143.17,0.6,0.0,0.5,0.3,178.8,150.4,1.0,2,167.05,0.5455,44,1
1540315,2026-06-21,Romania,Switzerland,"Moara Vlasiei Cricket Ground, Ilfov County",1557.63,1551.04,6.59,0.6,0.6,0.6,0.6,165.8,158.8,0.0,2,168.02,0.5556,45,1
1540316,2026-06-21,Belgium,Romania,"Moara Vlasiei Cricket Ground, Ilfov County",1587.43,1573.33,14.1,0.8,0.6,0.5,0.6,190.2,172.0,1.0,1,169.35,0.5652,46,1
1539731,2026-06-22,Belize,Bermuda,"White Hill Field, Sandys Parish",1415.52,1616.4,-200.89,0.4,0.6,0.3,0.6,97.8,113.0,0.0,2,132.58,0.4167,12,0
1539732,2026-06-22,Panama,Brazil,"White Hill Field, Sandys Parish",1429.95,1451.66,-21.71,0.8,0.6,0.4,0.4,113.2,115.8,0.0,1,125.85,0.3846,13,1
1539743,2026-06-22,Namibia,Hong Kong,"Namibia Cricket Ground, Windhoek",1587.79,1607.33,-19.54,0.6,0.6,0.4,0.7,161.0,127.6,1.0,1,135.18,0.1818,11,1
1541804,2026-06-22,Singapore,Uzbekistan,Singapore National Cricket Ground,1384.44,1500.0,-115.56,0.2,0.5,0.3,0.5,135.8,149.08,0.5,0,158.59,0.4138,29,1
1539744,2026-06-23,Namibia,Nigeria,"Namibia Cricket Ground, Windhoek",1604.69,1535.56,69.13,0.8,0.4,0.4,0.6,175.2,123.8,0.75,4,143.08,0.25,12,1
1541805,2026-06-23,Indonesia,Uzbekistan,Singapore National Cricket Ground,1375.76,1478.87,-103.11,0.0,0.0,0.1,0.0,92.8,49.0,0.5,0,156.67,0.4333,30,1
1541806,2026-06-23,Singapore,Thailand,Singapore National Cricket Ground,1405.58,1370.77,34.81,0.2,0.2,0.3,0.2,125.0,121.2,0.8,5,159.58,0.4516,31,1
1539733,2026-06-24,Bahamas,Panama,"White Hill Field, Sandys Parish",1372.16,1446.95,-74.79,0.0,1.0,0.0,0.5,81.0,123.6,0.6667,3,127.93,0.4286,14,0
1539734,2026-06-24,Brazil,Belize,"White Hill Field, Sandys Parish",1434.66,1407.86,26.8,0.6,0.4,0.3,0.2,113.2,84.0,0.0,1,127.0,0.4,15,0
1539735,2026-06-25,Panama,Bermuda,"White Hill Field, Sandys Parish",1459.56,1624.06,-164.51,1.0,0.8,0.6,0.7,124.4,103.6,0.0,4,127.38,0.375,16,0
1539736,2026-06-25,Brazil,Bahamas,"White Hill Field, Sandys Parish",1417.43,1359.55,57.88,0.4,0.0,0.3,0.0,126.6,85.8,0.0,1,123.94,0.3529,17,0
1541807,2026-06-25,Uzbekistan,Thailand,Singapore National Cricket Ground,1458.25,1356.36,101.89,0.0,0.2,0.0,0.1,88.5,110.4,0.5,0,160.44,0.4688,32,0
1541808,2026-06-25,Singapore,Indonesia,Singapore National Cricket Ground,1419.98,1396.37,23.61,0.4,0.2,0.4,0.2,140.4,123.8,1.0,1,156.7,0.4545,33,1
1528548,2026-06-26,Ireland,India,"Civil Service Cricket Club, Stormont, Belfast",1552.84,1930.57,-377.73,0.6,0.8,0.5,0.9,168.2,214.8,0.0,8,174.8,0.8,5,1
1539476,2026-06-26,Serbia,Luxembourg,"Scott Page Field, Vinor",1334.43,1372.93,-38.5,0.2,0.2,0.2,0.1,138.4,135.0,0.5,0,153.5,0.3889,18,0
1539477,2026-06-26,Czech Republic,Luxembourg,"Scott Page Field, Vinor",1486.37,1387.17,99.2,0.4,0.2,0.3,0.2,153.8,146.4,0.75,4,155.74,0.3684,19,0
1541809,2026-06-26,Indonesia,Uzbekistan,Singapore National Cricket Ground,1381.46,1437.69,-56.23,0.2,0.0,0.2,0.0,130.6,71.33,1.0,1,159.68,0.4706,34,1
1541810,2026-06-26,Thailand,Singapore,Singapore National Cricket Ground,1376.93,1434.89,-57.97,0.4,0.6,0.2,0.5,94.0,163.4,0.1667,6,161.6,0.4857,35,0
1539479,2026-06-27,Serbia,Luxembourg,"Scott Page Field, Vinor",1320.2,1407.62,-87.42,0.0,0.4,0.2,0.3,132.4,164.4,0.0,1,156.15,0.35,20,0
1539737,2026-06-27,Bahamas,Belize,"White Hill Field, Sandys Parish",1378.19,1425.09,-46.9,0.2,0.6,0.1,0.3,98.0,100.4,1.0,1,123.22,0.3333,18,1
1539738,2026-06-27,Bermuda,Brazil,"White Hill Field, Sandys Parish",1633.01,1398.79,234.22,0.8,0.4,0.7,0.3,100.0,120.0,1.0,1,124.26,0.3684,19,1
1542988,2026-06-27,Hungary,Austria,"GB Oval, Szodliget",1424.75,1595.47,-170.72,0.0,0.4,0.2,0.4,150.2,98.2,0.2,5,166.58,0.5833,12,0
1528549,2026-06-28,Ireland,India,"Civil Service Cricket Club, Stormont, Belfast",1581.57,1901.83,-320.26,0.6,0.8,0.6,0.8,169.0,222.2,0.1111,9,176.0,0.8333,6,1
1539480,2026-06-28,Czech Republic,Luxembourg,"Scott Page Field, Vinor",1465.92,1419.67,46.25,0.4,0.6,0.2,0.4,160.0,170.4,0.6,5,156.43,0.3333,21,1
1542989,2026-06-28,Hungary,Austria,"GB Oval, Szodliget",1416.04,1604.19,-188.15,0.0,0.4,0.2,0.5,147.2,91.2,0.1667,6,163.38,0.5385,13,0
1542990,2026-06-28,Austria,Hungary,"GB Oval, Szodliget",1612.28,1407.94,204.34,0.6,0.0,0.5,0.1,106.0,150.8,0.8571,7,163.07,0.5,14,1
1540317,2026-07-01,Portugal,Sweden,"Botkyrka Cricket Center, Stockholm",1630.25,1580.37,49.88,0.8,0.8,0.8,0.7,174.0,133.2,0.5,0,137.79,0.3571,14,1
1540318,2026-07-01,Sweden,Portugal,"Botkyrka Cricket Center, Stockholm",1566.65,1643.97,-77.32,0.6,0.8,0.6,0.8,136.8,169.8,0.0,1,139.87,0.4,15,0
1543356,2026-07-03,Portugal,Finland,Kerava National Cricket Ground,1656.46,1548.09,108.37,0.8,0.8,0.8,0.7,157.2,131.4,0.5,0,138.03,0.4333,30,1
1496575,2026-07-04,India,England,"Old Trafford, Manchester",1874.21,1798.31,75.89,0.6,0.8,0.7,0.8,201.6,184.2,0.6,30,218.67,0.6667,3,0
1543358,2026-07-04,Portugal,Finland,Kerava National Cricket Ground,1667.63,1536.93,130.7,0.8,0.6,0.8,0.7,159.8,120.0,1.0,1,138.16,0.4516,31,1
1496576,2026-07-07,England,India,"Trent Bridge, Nottingham",1817.75,1854.77,-37.01,0.8,0.4,0.8,0.6,182.0,199.8,0.4194,31,207.33,0.6667,3,1
1543361,2026-07-08,Denmark,Estonia,"Svanholm Park, Brondby",1542.16,1417.87,124.29,0.6,0.2,0.7,0.4,156.0,130.6,0.5,0,140.73,0.2667,15,1
1543362,2026-07-08,Gibraltar,Belgium,Koge Cricket Club,1337.31,1602.78,-265.47,0.0,1.0,0.3,0.5,155.6,198.2,0.0,1,173.0,0.5,2,0
1543364,2026-07-08,Serbia,Romania,Koge Cricket Club,1308.14,1557.98,-249.83,0.0,0.4,0.2,0.6,142.8,176.4,0.0,3,161.67,0.3333,3,0
1496577,2026-07-09,India,England,"County Ground, Bristol",1837.07,1835.45,1.62,0.2,0.8,0.5,0.8,164.4,193.0,0.5625,32,205.75,0.75,4,0
1543365,2026-07-09,Denmark,Turkey,Koge Cricket Club,1552.67,1354.13,198.55,0.8,0.2,0.7,0.2,156.0,180.2,0.5,0,155.25,0.25,4,1
1543366,2026-07-09,Estonia,Norway,Koge Cricket Club,1407.36,1500.04,-92.68,0.0,0.2,0.3,0.3,127.8,131.8,0.0,1,164.4,0.4,5,0
1543367,2026-07-10,Gibraltar,Romania,"Svanholm Park, Brondby",1331.6,1564.11,-232.51,0.0,0.6,0.2,0.7,147.2,172.4,0.5,2,143.19,0.3125,16,0
1543368,2026-07-10,Hungary,Estonia,Koge Cricket Club,1400.4,1395.53,4.87,0.0,0.0,0.1,0.2,159.0,120.6,0.5,0,154.5,0.3333,6,1
1543369,2026-07-10,Belgium,Serbia,"Svanholm Park, Brondby",1608.49,1302.0,306.48,1.0,0.0,0.6,0.2,190.6,145.8,1.0,1,142.06,0.2941,17,1
1543370,2026-07-10,Turkey,Norway,Koge Cricket Club,1346.39,1511.87,-165.49,0.2,0.4,0.1,0.3,177.8,131.4,0.5,0,151.29,0.4286,7,0
1496578,2026-07-11,England,India,"The Rose Bowl, Southampton",1851.53,1820.99,30.53,0.8,0.0,0.8,0.4,191.6,145.0,0.4545,33,199.2,1.0,5,1
1543371,2026-07-12,Denmark,Norway,"Svanholm Park, Brondby",1560.41,1520.78,39.63,1.0,0.6,0.7,0.3,173.0,123.4,0.6667,3,143.67,0.3333,18,1
1543372,2026-07-12,Belgium,Romania,Koge Cricket Club,1613.17,1570.76,42.4,1.0,0.8,0.7,0.7,178.4,159.0,1.0,2,144.25,0.375,8,0
1543373,2026-07-12,Hungary,Turkey,"Svanholm Park, Brondby",1416.18,1337.48,78.69,0.2,0.2,0.1,0.1,141.0,157.8,0.5,0,146.79,0.3684,19,1
1543374,2026-07-12,Serbia,Gibraltar,Koge Cricket Club,1297.32,1324.96,-27.63,0.0,0.0,0.2,0.1,148.6,139.6,0.0,4,140.11,0.3333,9,0
1543375,2026-07-13,Denmark,Hungary,"Svanholm Park, Brondby",1574.59,1428.61,145.98,1.0,0.4,0.8,0.2,175.2,149.0,0.5,0,147.65,0.4,20,1
1543376,2026-07-13,Turkey,Estonia,"Svanholm Park, Brondby",1325.04,1379.76,-54.71,0.2,0.0,0.1,0.2,134.0,127.8,0.5,0,149.48,0.4286,21,0
1543377,2026-07-14,Serbia,Estonia,Koge Cricket Club,1282.59,1393.26,-110.66,0.0,0.2,0.1,0.2,148.0,123.0,0.5,0,140.0,0.3,10,0
1543378,2026-07-14,Norway,Gibraltar,Koge Cricket Club,1506.6,1339.69,166.91,0.4,0.2,0.3,0.2,123.2,139.4,1.0,1,140.73,0.2727,11,1
1544120,2026-07-14,Hungary,Belgium,"Svanholm Park, Brondby",1418.97,1595.22,-176.26,0.4,0.8,0.2,0.7,148.0,163.0,0.0,3,148.0,0.4091,22,0
1544121,2026-07-14,Denmark,Romania,"Svanholm Park, Brondby",1584.24,1588.71,-4.47,1.0,0.8,0.8,0.7,182.8,155.6,0.5,0,144.91,0.3913,23,1
1538301,2026-07-15,Zimbabwe,Bangladesh,"Queens Sports Club, Bulawayo",1628.02,1554.95,73.07,0.4,0.2,0.4,0.3,167.0,142.8,0.3333,24,152.43,0.6667,21,1
1538302,2026-07-17,Bangladesh,Zimbabwe,"Queens Sports Club, Bulawayo",1542.26,1640.71,-98.44,0.0,0.4,0.3,0.5,133.8,167.2,0.64,25,153.23,0.6818,22,1
1538303,2026-07-19,Zimbabwe,Bangladesh,"Queens Sports Club, Bulawayo",1620.29,1562.68,57.61,0.2,0.2,0.4,0.4,161.2,150.6,0.3462,26,154.65,0.6957,23,0
1530060,2026-07-23,Zimbabwe,India,Harare Sports Club,1601.66,1806.4,-204.74,0.2,0.0,0.4,0.4,160.4,155.6,0.2143,14,160.09,0.5312,64,0
1530061,2026-07-25,India,Zimbabwe,Harare Sports Club,1813.93,1594.13,219.8,0.2,0.2,0.4,0.4,150.2,148.6,0.8,15,159.55,0.5231,65,1
1546377,2026-07-25,France,Romania,"Moara Vlasiei Cricket Ground, Ilfov County",1509.42,1572.5,-63.08,0.6,0.6,0.6,0.6,151.0,141.0,1.0,1,169.66,0.5745,47,0
1546378,2026-07-25,Austria,Turkey,"Moara Vlasiei Cricket Ground, Ilfov County",1619.82,1311.54,308.28,0.8,0.0,0.5,0.1,156.0,110.0,0.5,0,169.12,0.5625,48,1
1530062,2026-07-26,India,Zimbabwe,Harare Sports Club,1820.97,1587.09,233.88,0.4,0.2,0.4,0.3,156.0,143.8,0.8125,16,160.45,0.5303,66,1
1546379,2026-07-26,Romania,Austria,"Moara Vlasiei Cricket Ground, Ilfov County",1585.63,1624.46,-38.84,0.8,1.0,0.6,0.6,135.6,182.2,0.3333,6,170.18,0.5714,49,0
1546380,2026-07-26,Turkey,Romania,"Moara Vlasiei Cricket Ground, Ilfov County",1306.9,1571.41,-264.5,0.0,0.6,0.1,0.6,90.2,136.0,0.0,1,169.62,0.56,50,0
1546381,2026-07-27,France,Turkey,"Moara Vlasiei Cricket Ground, Ilfov County",1496.29,1301.17,195.12,0.4,0.0,0.6,0.1,156.0,87.8,1.0,1,168.31,0.549,51,1
1546382,2026-07-27,Israel,Romania,"Moara Vlasiei Cricket Ground, Ilfov County",1479.62,1577.14,-97.52,0.4,0.6,0.375,0.7,129.6,131.8,0.0,1,169.6,0.5577,52,0
1546383,2026-07-28,Israel,Austria,"Moara Vlasiei Cricket Ground, Ilfov County",1467.99,1638.68,-170.69,0.4,1.0,0.3333,0.7,129.4,195.0,0.0,1,168.4,0.5472,53,0
1546384,2026-07-28,Turkey,Israel,"Moara Vlasiei Cricket Ground, Ilfov County",1293.32,1459.28,-165.96,0.0,0.4,0.1,0.3,86.8,124.2,0.5,0,167.06,0.537,54,1
1546385,2026-07-28,France,Austria,"Moara Vlasiei Cricket Ground, Ilfov County",1504.15,1647.4,-143.25,0.4,1.0,0.6,0.7,161.4,189.0,0.0,2,166.25,0.5455,55,1
1546386,2026-07-29,Israel,France,"Moara Vlasiei Cricket Ground, Ilfov County",1436.17,1526.39,-90.22,0.2,0.6,0.3,0.6,118.0,165.6,0.5,0,166.25,0.5536,56,0
1546387,2026-07-29,Turkey,France,"Moara Vlasiei Cricket Ground, Ilfov County",1316.43,1538.33,-221.9,0.2,0.6,0.2,0.6,105.4,162.0,0.0,2,165.61,0.5439,57,0
1546388,2026-07-30,Austria,Romania,"Moara Vlasiei Cricket Ground, Ilfov County",1625.15,1588.76,36.39,0.8,0.6,0.7,0.7,174.0,131.6,0.7143,7,164.05,0.5345,58,0
1546389,2026-07-30,France,Romania,"Moara Vlasiei Cricket Ground, Ilfov County",1545.3,1606.43,-61.13,0.8,0.8,0.7,0.7,151.0,120.8,0.5,2,162.95,0.5254,59,1
1548122,2026-07-31,Bahrain,Kenya,"Gymkhana Club Ground, Nairobi",1629.15,1602.32,26.83,0.6,0.8,0.5,0.7,162.8,98.2,0.5,0,131.07,0.4815,27,1
1548123,2026-08-01,Bahrain,Kenya,"Gymkhana Club Ground, Nairobi",1643.92,1587.56,56.36,0.6,0.8,0.6,0.7,168.6,106.8,1.0,1,132.07,0.5,28,0
1545655,2026-08-06,Mexico,Panama,"Los Pinos Polo Club 1, Cundinamarca",1432.02,1450.61,-18.59,0.6,0.8,0.4,0.6,129.8,109.2,0.0,2,149.26,0.4921,0,0
1545656,2026-08-07,Panama,Brazil,"Los Pinos Polo Club 1, Cundinamarca",1465.76,1392.19,73.56,0.8,0.2,0.7,0.3,115.4,103.4,0.5,2,122.0,0.0,1,0
1545657,2026-08-08,Brazil,Mexico,"Los Pinos Polo Club 1, Cundinamarca",1411.53,1416.88,-5.35,0.2,0.6,0.4,0.3,99.6,129.0,0.5,4,107.5,0.0,2,1
1545658,2026-08-08,Peru,Panama,"Los Pinos Polo Club 2, Cundinamarca",1500.0,1446.42,53.58,0.5,0.6,0.5,0.7,149.23,111.0,0.5,0,149.23,0.492,0,0
1545659,2026-08-08,Mexico,Peru,"Los Pinos Polo Club 1, Cundinamarca",1400.63,1481.55,-80.92,0.4,0.0,0.3,0.0,102.0,95.0,0.5,0,109.33,0.3333,3,1
1549355,2026-08-09,Brazil,Panama,"Los Pinos Polo Club 1, Cundinamarca",1427.78,1464.87,-37.09,0.4,0.6,0.5,0.8,105.0,99.2,0.6667,3,127.0,0.5,4,1
1547089,2026-08-11,Zambia,Rwanda,"TCA Oval, Blantyre",1453.62,1522.54,-68.92,0.6,1.0,0.4,0.7,132.0,129.8,0.3333,3,138.71,0.2143,14,0
1547090,2026-08-11,Malawi,Zambia,"TCA Oval, Blantyre",1438.85,1440.75,-1.9,0.6,0.4,0.4,0.4,102.8,133.8,0.5,0,138.93,0.2,15,1
1549394,2026-08-11,Germany,Finland,Kerava National Cricket Ground,1561.06,1526.68,34.39,0.4,0.4,0.5,0.6,161.4,136.8,0.5,0,139.5,0.4688,32,1
1547091,2026-08-12,Malawi,Rwanda,"TCA Oval, Blantyre",1454.94,1535.41,-80.47,0.6,1.0,0.5,0.8,102.8,101.0,0.4444,9,139.69,0.25,16,0
1547092,2026-08-12,Zambia,Rwanda,"TCA Oval, Blantyre",1424.66,1547.77,-123.1,0.2,1.0,0.4,0.8,126.0,103.2,0.25,4,138.06,0.2353,17,1
1545660,2026-08-14,Finland,Spain,Kerava National Cricket Ground,1512.26,1722.19,-209.93,0.2,1.0,0.6,1.0,133.0,148.4,0.0,1,139.42,0.4848,33,0
1545661,2026-08-14,Portugal,Israel,Tikkurila Cricket Ground,1677.88,1424.23,253.65,1.0,0.2,0.9,0.3,163.8,119.0,0.0,1,134.62,0.6667,21,1
1545662,2026-08-14,Luxembourg,Isle of Man,Kerava National Cricket Ground,1405.79,1471.8,-66.01,0.6,0.2,0.4,0.2,172.0,118.6,0.0,1,139.18,0.4706,34,0
1545663,2026-08-14,Germany,Czech Republic,Tikkurila Cricket Ground,1575.49,1479.81,95.68,0.4,0.4,0.6,0.3,145.6,175.0,0.5,0,135.91,0.6818,22,1
1547094,2026-08-14,Malawi,Rwanda,"TCA Oval, Blantyre",1442.58,1526.32,-83.74,0.6,0.8,0.5,0.8,109.8,121.2,0.4,10,138.78,0.2778,18,1
1545664,2026-08-15,Greece,Czech Republic,Kerava National Cricket Ground,1402.71,1468.1,-65.39,0.0,0.4,0.1111,0.3,91.4,175.4,0.0,1,138.51,0.4571,35,0
1545665,2026-08-15,Isle of Man,Spain,Tikkurila Cricket Ground,1484.8,1729.55,-244.75,0.4,1.0,0.3,1.0,125.2,160.0,0.0,4,139.61,0.6957,23,0
1545666,2026-08-15,Germany,Portugal,Kerava National Cricket Ground,1587.19,1683.91,-96.72,0.4,1.0,0.6,0.9,166.4,159.8,0.5,0,138.75,0.4444,36,0
1545667,2026-08-15,Finland,Bulgaria,Tikkurila Cricket Ground,1504.9,1334.59,170.31,0.0,0.0,0.5,0.2,123.8,118.6,1.0,1,138.29,0.6667,24,1
1547095,2026-08-15,Rwanda,Zambia,"TCA Oval, Blantyre",1506.54,1446.1,60.43,0.6,0.4,0.8,0.4,118.4,131.0,0.6,5,136.79,0.3158,19,0
1547096,2026-08-15,Zambia,Malawi,"TCA Oval, Blantyre",1464.86,1462.36,2.5,0.6,0.8,0.5,0.5,134.0,110.4,0.0,1,136.45,0.3,20,1
1547097,2026-08-16,Malawi,Rwanda,"TCA Oval, Blantyre",1446.48,1487.78,-41.31,0.6,0.4,0.5,0.7,121.6,121.0,0.4545,11,138.52,0.3333,21,0
1545668,2026-08-17,Israel,Germany,Kerava National Cricket Ground,1418.2,1575.53,-157.33,0.0,0.4,0.2,0.5,97.8,157.0,0.5,0,138.78,0.4324,37,0
1545669,2026-08-17,Isle of Man,Bulgaria,Tikkurila Cricket Ground,1478.51,1325.86,152.66,0.2,0.0,0.3,0.1,116.0,121.6,0.5,0,142.04,0.68,25,1
1545670,2026-08-17,Greece,Portugal,Kerava National Cricket Ground,1389.69,1695.57,-305.88,0.0,1.0,0.1,0.9,112.2,154.2,0.5,0,137.61,0.4211,38,0
1545671,2026-08-17,Spain,Luxembourg,Tikkurila Cricket Ground,1735.83,1392.8,343.04,1.0,0.6,1.0,0.4,137.2,166.2,0.5,0,143.38,0.6923,26,1
1545672,2026-08-18,Greece,Germany,Kerava National Cricket Ground,1384.99,1584.74,-199.75,0.0,0.6,0.1,0.5,109.6,146.8,0.5,0,137.18,0.4103,39,0
1545673,2026-08-18,Finland,Luxembourg,Tikkurila Cricket Ground,1513.63,1388.9,124.73,0.2,0.4,0.5,0.3,147.0,139.8,0.5,0,145.7,0.7037,27,1
1545674,2026-08-18,Czech Republic,Israel,Kerava National Cricket Ground,1481.13,1408.99,72.14,0.6,0.0,0.4,0.2,171.0,95.4,0.5,0,136.15,0.4,40,0
1545675,2026-08-18,Bulgaria,Spain,Tikkurila Cricket Ground,1316.47,1739.73,-423.27,0.0,1.0,0.0,1.0,112.6,166.8,0.5,0,146.5,0.7143,28,0
1545676,2026-08-20,Bulgaria,Luxembourg,Kerava National Cricket Ground,1313.89,1378.4,-64.51,0.0,0.2,0.0,0.3,93.8,125.2,0.0,2,136.59,0.3902,41,1
1545677,2026-08-20,Portugal,Czech Republic,Tikkurila Cricket Ground,1700.26,1461.85,238.41,1.0,0.4,0.9,0.4,150.2,170.0,0.5,0,143.48,0.6897,29,1
1545679,2026-08-20,Israel,Greece,Tikkurila Cricket Ground,1428.26,1377.3,50.97,0.2,0.0,0.3,0.0,107.2,108.8,0.5,0,145.73,0.7,30,1
1545680,2026-08-21,Germany,Finland,Kerava National Cricket Ground,1592.44,1524.12,68.32,0.8,0.4,0.6,0.5,138.2,158.6,1.0,1,137.05,0.4048,42,1
1545681,2026-08-21,Bulgaria,Czech Republic,Tikkurila Cricket Ground,1332.83,1455.38,-122.55,0.2,0.4,0.1,0.4,113.4,142.0,0.0,2,143.26,0.7097,31,0
1545682,2026-08-21,Israel,Isle of Man,Tikkurila Cricket Ground,1441.93,1487.9,-45.97,0.4,0.4,0.3,0.4,103.4,134.2,0.5,0,143.72,0.6875,32,0
1545683,2026-08-21,Portugal,Spain,Kerava National Cricket Ground,1706.73,1742.31,-35.58,1.0,1.0,0.9,1.0,164.0,121.0,0.0,3,137.21,0.4186,43,1
